2025-05-26 12:22:58.374257 - DEBUG : <-<- Client connection at 127.0.0.1: 57840
2025-05-26 12:22:58.384528 - DEBUG : ->>> b'17/84/6\ninitSpeechServiceCmwzTb35WSvnOYEPoY9wC12ExtiNJkI37VJlc9itceLmM6osBYstJQQJ99BAACYeBjFXJ3w3AAAYACOG1fhOeastus'
2025-05-26 12:22:58.974108 - DEBUG : <-<- true
2025-05-26 12:22:58.974108 - DEBUG : ->>> b'13/25/3/3/5/5\ninitMetahuman../humanModel/humanModel20.50.5falsefalse'
2025-05-26 13:01:00.761054 - DEBUG : <-<- Client connection at 127.0.0.1: 60605
2025-05-26 13:01:00.761054 - DEBUG : ->>> b'17/84/6\ninitSpeechServiceCmwzTb35WSvnOYEPoY9wC12ExtiNJkI37VJlc9itceLmM6osBYstJQQJ99BAACYeBjFXJ3w3AAAYACOG1fhOeastus'
2025-05-26 13:01:00.771030 - DEBUG : <-<- true
2025-05-26 13:01:00.772027 - DEBUG : ->>> b'13/25/3/3/5/5\ninitMetahuman../humanModel/humanModel20.50.5falsefalse'
2025-05-26 13:01:25.943532 - DEBUG : <-<- true
2025-05-26 13:01:25.943878 - DEBUG : ->>> b'17/28/2/2/2/2\nreplaceBackground../NewHuman/background/2.jpg-1-1-150'
2025-05-26 13:01:26.410779 - DEBUG : <-<- true
2025-05-26 13:01:35.464965 - DEBUG : ->>> b'16/5\nmicrophoneToTextzh-cn'
2025-05-26 13:01:41.851399 - DEBUG : <-<- null
2025-05-26 13:01:44.852724 - DEBUG : ->>> b'16/5\nmicrophoneToTextzh-cn'
2025-05-26 13:01:50.820830 - DEBUG : <-<- null
2025-05-26 13:01:52.468840 - DEBUG : ->>> b'16/5\nmicrophoneToTextzh-cn'
2025-05-26 13:03:28.126239 - DEBUG : <-<- Client connection at 127.0.0.1: 60780
2025-05-26 13:03:28.126239 - DEBUG : ->>> b'17/84/6\ninitSpeechServiceCmwzTb35WSvnOYEPoY9wC12ExtiNJkI37VJlc9itceLmM6osBYstJQQJ99BAACYeBjFXJ3w3AAAYACOG1fhOeastus'
2025-05-26 13:03:28.136215 - DEBUG : <-<- true
2025-05-26 13:03:28.136215 - DEBUG : ->>> b'13/25/3/3/5/5\ninitMetahuman../humanModel/humanModel20.50.5falsefalse'
2025-05-26 13:03:52.573037 - DEBUG : <-<- true
2025-05-26 13:03:52.574003 - DEBUG : ->>> b'17/28/2/2/2/2\nreplaceBackground../NewHuman/background/2.jpg-1-1-150'
2025-05-26 13:03:52.651810 - DEBUG : <-<- true
2025-05-26 13:03:56.085601 - DEBUG : ->>> b'16/5\nmicrophoneToTextzh-cn'
2025-05-26 13:04:02.305209 - DEBUG : <-<- null
2025-05-26 13:04:04.220694 - DEBUG : ->>> b'16/5\nmicrophoneToTextzh-cn'
2025-05-26 13:04:07.587108 - DEBUG : <-<- 你好。
2025-05-26 13:04:09.131077 - DEBUG : ->>> b'16/5\nmicrophoneToTextzh-cn'
2025-05-26 13:04:22.366235 - DEBUG : <-<- Client connection at 127.0.0.1: 61008
2025-05-26 13:04:22.366235 - DEBUG : ->>> b'17/84/6\ninitSpeechServiceCmwzTb35WSvnOYEPoY9wC12ExtiNJkI37VJlc9itceLmM6osBYstJQQJ99BAACYeBjFXJ3w3AAAYACOG1fhOeastus'
2025-05-26 13:04:22.376146 - DEBUG : <-<- true
2025-05-26 13:04:22.376146 - DEBUG : ->>> b'13/25/3/3/5/5\ninitMetahuman../humanModel/humanModel20.50.5falsefalse'
2025-05-26 13:04:51.091641 - DEBUG : <-<- true
2025-05-26 13:04:51.092133 - DEBUG : ->>> b'17/28/2/2/2/2\nreplaceBackground../NewHuman/background/2.jpg-1-1-150'
2025-05-26 13:04:51.167947 - DEBUG : <-<- true
2025-05-26 13:04:54.396472 - DEBUG : ->>> b'16/5\nmicrophoneToTextzh-cn'
2025-05-26 13:05:00.224177 - DEBUG : <-<- 你好啊。
2025-05-26 13:05:01.637121 - DEBUG : ->>> b'14/1/6/2/3/3/1/5/5\nshowSpeechText0\xe6\xa5\xb7\xe4\xbd\x93201282550falsefalse'
2025-05-26 13:05:01.638121 - DEBUG : <-<- true
2025-05-26 13:05:01.638121 - DEBUG : ->>> b'15/14/42/5/20/1/4/1/7\nmetahumanSpeech../voice/2.mp3\xe4\xbd\xa0\xe5\xa5\xbd\xef\xbc\x81\xe6\x9c\x89\xe4\xbb\x80\xe4\xb9\x88\xe6\x88\x91\xe5\x8f\xaf\xe4\xbb\xa5\xe5\xb8\xae\xe4\xbd\xa0\xe7\x9a\x84\xe5\x90\x97\xef\xbc\x9fzh-cnzh-cn-XiaochenNeural0true0General'
2025-05-26 13:05:07.860445 - DEBUG : <-<- 3487
2025-05-26 13:05:07.861442 - DEBUG : ->>> b'16/5\nmicrophoneToTextzh-cn'
2025-05-26 13:06:21.674152 - DEBUG : <-<- Client connection at 127.0.0.1: 61076
2025-05-26 13:06:21.952696 - DEBUG : ->>> b'17/84/6\ninitSpeechServiceCmwzTb35WSvnOYEPoY9wC12ExtiNJkI37VJlc9itceLmM6osBYstJQQJ99BAACYeBjFXJ3w3AAAYACOG1fhOeastus'
2025-05-26 13:06:21.963668 - DEBUG : <-<- true
2025-05-26 13:06:21.964670 - DEBUG : ->>> b'13/25/3/3/5/5\ninitMetahuman../humanModel/humanModel20.50.5falsefalse'
2025-05-26 13:06:50.909658 - DEBUG : <-<- true
2025-05-26 13:06:50.910569 - DEBUG : ->>> b'17/28/2/2/2/2\nreplaceBackground../NewHuman/background/2.jpg-1-1-150'
2025-05-26 13:06:50.975182 - DEBUG : <-<- true
2025-05-26 13:06:51.507442 - DEBUG : ->>> b'16/5\nmicrophoneToTextzh-cn'
2025-05-26 13:06:55.992257 - DEBUG : <-<- 你好。
2025-05-26 13:06:57.090369 - DEBUG : ->>> b'14/1/6/2/3/3/1/5/5\nshowSpeechText0\xe6\xa5\xb7\xe4\xbd\x93201282550falsefalse'
2025-05-26 13:06:57.092362 - DEBUG : <-<- true
2025-05-26 13:06:57.092362 - DEBUG : ->>> b'15/14/42/5/20/1/4/1/7\nmetahumanSpeech../voice/2.mp3\xe4\xbd\xa0\xe5\xa5\xbd\xef\xbc\x81\xe6\x9c\x89\xe4\xbb\x80\xe4\xb9\x88\xe5\x8f\xaf\xe4\xbb\xa5\xe5\xb8\xae\xe5\x88\xb0\xe4\xbd\xa0\xe7\x9a\x84\xe5\x90\x97\xef\xbc\x9fzh-cnzh-cn-XiaochenNeural0true0General'
2025-05-26 13:07:03.356959 - DEBUG : <-<- 3450
2025-05-26 13:07:03.357701 - DEBUG : ->>> b'16/5\nmicrophoneToTextzh-cn'
2025-05-26 13:07:09.186868 - DEBUG : <-<- null
2025-05-26 13:07:09.347215 - DEBUG : ->>> b'16/5\nmicrophoneToTextzh-cn'
2025-05-26 13:07:15.273002 - DEBUG : <-<- null
2025-05-26 13:07:15.418652 - DEBUG : ->>> b'16/5\nmicrophoneToTextzh-cn'
2025-05-26 13:07:21.429456 - DEBUG : <-<- null
2025-05-26 13:07:21.585353 - DEBUG : ->>> b'16/5\nmicrophoneToTextzh-cn'
2025-05-26 13:07:27.644566 - DEBUG : <-<- null
2025-05-26 13:07:27.813646 - DEBUG : ->>> b'16/5\nmicrophoneToTextzh-cn'
2025-05-26 13:07:34.574795 - DEBUG : <-<- null
2025-05-26 13:07:34.736275 - DEBUG : ->>> b'16/5\nmicrophoneToTextzh-cn'
2025-05-26 13:07:40.816591 - DEBUG : <-<- null
2025-05-26 13:07:40.958383 - DEBUG : ->>> b'16/5\nmicrophoneToTextzh-cn'
2025-05-26 13:07:45.841358 - DEBUG : <-<- 今天下课还可爱都不好找他给电脑关注。
2025-05-26 13:07:48.777668 - DEBUG : ->>> b'14/1/6/2/3/3/1/5/5\nshowSpeechText0\xe6\xa5\xb7\xe4\xbd\x93201282550falsefalse'
2025-05-26 13:07:48.778668 - DEBUG : <-<- true
2025-05-26 13:07:48.778668 - DEBUG : ->>> b'15/14/339/5/20/1/4/1/7\nmetahumanSpeech../voice/2.mp3\xe7\x9c\x8b\xe8\xb5\xb7\xe6\x9d\xa5\xe4\xbd\xa0\xe5\x9c\xa8\xe8\xaf\xb4\xe4\xbb\x8a\xe5\xa4\xa9\xe4\xb8\x8b\xe8\xaf\xbe\xe5\x90\x8e\xe5\xbe\x88\xe9\x9a\xbe\xe6\x89\xbe\xe5\x88\xb0\xe6\x9f\x90\xe4\xb8\xaa\xe5\x90\x8c\xe5\xad\xa6\xe6\x9d\xa5\xe5\xb8\xae\xe5\xbf\x99\xe5\x85\xb3\xe6\xb3\xa8\xe4\xbd\xa0\xe7\x9a\x84\xe7\x94\xb5\xe8\x84\x91\xe3\x80\x82\xe5\xa6\x82\xe6\x9e\x9c\xe4\xbd\xa0\xe9\x9c\x80\xe8\xa6\x81\xe5\xb8\xae\xe5\x8a\xa9\xe6\x88\x96\xe8\x80\x85\xe6\x9c\x89\xe5\x85\xb7\xe4\xbd\x93\xe9\x97\xae\xe9\xa2\x98\xe6\x83\xb3\xe8\xa6\x81\xe8\xa7\xa3\xe5\x86\xb3\xef\xbc\x8c\xe5\x8f\xaf\xe4\xbb\xa5\xe6\x8f\x90\xe4\xbe\x9b\xe6\x9b\xb4\xe5\xa4\x9a\xe7\xbb\x86\xe8\x8a\x82\xef\xbc\x8c\xe6\x88\x91\xe4\xbc\x9a\xe5\xb0\xbd\xe5\x8a\x9b\xe5\xb8\xae\xe4\xbd\xa0\xe3\x80\x82\xe6\xaf\x94\xe5\xa6\x82\xef\xbc\x8c\xe4\xbd\xa0\xe6\x98\xaf\xe5\xb8\x8c\xe6\x9c\x9b\xe6\x9c\x89\xe4\xba\xba\xe5\xb8\xae\xe4\xbd\xa0\xe4\xbf\xae\xe7\x90\x86\xe7\x94\xb5\xe8\x84\x91\xef\xbc\x8c\xe8\xbf\x98\xe6\x98\xaf\xe8\xaf\xb4\xe5\xb8\x8c\xe6\x9c\x9b\xe6\x9c\x89\xe4\xba\xba\xe8\x83\xbd\xe5\xb8\xae\xe4\xbd\xa0\xe5\xae\x89\xe8\xa3\x85\xe4\xb8\x80\xe4\xba\x9b\xe8\xbd\xaf\xe4\xbb\xb6\xe6\x88\x96\xe6\x98\xaf\xe8\xa7\xa3\xe5\x86\xb3\xe5\x85\xb6\xe4\xbb\x96\xe9\x97\xae\xe9\xa2\x98\xef\xbc\x9f\xe8\xaf\xb7\xe8\xaf\xa6\xe7\xbb\x86\xe8\xaf\xb4\xe6\x98\x8e\xe4\xb8\x80\xe4\xb8\x8b\xe3\x80\x82zh-cnzh-cn-XiaochenNeural0true0General'
2025-05-26 13:21:54.883169 - DEBUG : <-<- Client connection at 127.0.0.1: 61197
2025-05-26 13:26:22.001746 - DEBUG : <-<- Client connection at 127.0.0.1: 61251
2025-05-26 13:27:02.188892 - DEBUG : <-<- Client connection at 127.0.0.1: 61257
2025-05-26 13:27:02.189037 - DEBUG : ->>> b'17/84/6\ninitSpeechServiceCmwzTb35WSvnOYEPoY9wC12ExtiNJkI37VJlc9itceLmM6osBYstJQQJ99BAACYeBjFXJ3w3AAAYACOG1fhOeastus'
2025-05-26 13:27:02.199122 - DEBUG : <-<- true
2025-05-26 13:27:02.200009 - DEBUG : ->>> b'13/25/3/3/5/5\ninitMetahuman../humanModel/humanModel20.50.5falsefalse'
2025-05-26 13:27:32.202506 - DEBUG : <-<- true
2025-05-26 13:27:32.203088 - DEBUG : ->>> b'17/28/2/2/2/2\nreplaceBackground../NewHuman/background/2.jpg-1-1-150'
2025-05-26 13:27:32.271498 - DEBUG : <-<- true
2025-05-26 13:34:10.010004 - DEBUG : <-<- Client connection at 127.0.0.1: 61463
2025-05-26 13:34:10.010965 - DEBUG : ->>> b'17/84/6\ninitSpeechServiceCmwzTb35WSvnOYEPoY9wC12ExtiNJkI37VJlc9itceLmM6osBYstJQQJ99BAACYeBjFXJ3w3AAAYACOG1fhOeastus'
2025-05-26 13:34:10.020033 - DEBUG : <-<- true
2025-05-26 13:34:10.021076 - DEBUG : ->>> b'13/25/3/3/5/5\ninitMetahuman../humanModel/humanModel20.50.5falsefalse'
2025-05-26 13:34:40.845457 - DEBUG : <-<- true
2025-05-26 13:34:40.846146 - DEBUG : ->>> b'17/28/2/2/2/2\nreplaceBackground../NewHuman/background/2.jpg-1-1-150'
2025-05-26 13:34:40.918956 - DEBUG : <-<- true
2025-05-26 13:34:41.494429 - DEBUG : ->>> b'16/5\nmicrophoneToTextzh-cn'
2025-05-26 13:34:47.542831 - DEBUG : <-<- null
2025-05-26 13:34:47.984018 - DEBUG : ->>> b'16/5\nmicrophoneToTextzh-cn'
2025-05-26 13:34:53.857659 - DEBUG : <-<- null
2025-05-26 13:34:53.986247 - DEBUG : ->>> b'16/5\nmicrophoneToTextzh-cn'
2025-05-26 13:34:59.861813 - DEBUG : <-<- null
2025-05-26 13:35:00.008268 - DEBUG : ->>> b'16/5\nmicrophoneToTextzh-cn'
2025-05-26 13:35:05.882308 - DEBUG : <-<- null
2025-05-26 13:35:05.997268 - DEBUG : ->>> b'16/5\nmicrophoneToTextzh-cn'
2025-05-26 13:35:11.888109 - DEBUG : <-<- null
2025-05-26 13:35:12.047972 - DEBUG : ->>> b'16/5\nmicrophoneToTextzh-cn'
2025-05-26 13:35:17.919995 - DEBUG : <-<- null
2025-05-26 13:35:18.096203 - DEBUG : ->>> b'16/5\nmicrophoneToTextzh-cn'
2025-05-26 13:35:24.208816 - DEBUG : <-<- null
2025-05-26 13:35:24.352704 - DEBUG : ->>> b'16/5\nmicrophoneToTextzh-cn'
2025-05-26 13:35:30.225405 - DEBUG : <-<- null
2025-05-26 13:35:30.371608 - DEBUG : ->>> b'16/5\nmicrophoneToTextzh-cn'
2025-05-26 13:35:36.225769 - DEBUG : <-<- null
2025-05-26 13:35:36.370708 - DEBUG : ->>> b'16/5\nmicrophoneToTextzh-cn'
2025-05-26 13:35:42.247239 - DEBUG : <-<- null
2025-05-26 13:35:42.406565 - DEBUG : ->>> b'16/5\nmicrophoneToTextzh-cn'
2025-05-26 13:35:48.346159 - DEBUG : <-<- null
2025-05-26 13:35:48.526560 - DEBUG : ->>> b'16/5\nmicrophoneToTextzh-cn'
2025-05-26 13:35:54.483071 - DEBUG : <-<- null
2025-05-26 13:35:54.627499 - DEBUG : ->>> b'16/5\nmicrophoneToTextzh-cn'
2025-05-26 13:36:00.452174 - DEBUG : <-<- null
2025-05-26 13:36:00.591645 - DEBUG : ->>> b'16/5\nmicrophoneToTextzh-cn'
2025-05-26 13:36:06.428749 - DEBUG : <-<- null
2025-05-26 13:36:06.573829 - DEBUG : ->>> b'16/5\nmicrophoneToTextzh-cn'
2025-05-26 13:36:12.439050 - DEBUG : <-<- null
2025-05-26 13:36:12.605290 - DEBUG : ->>> b'16/5\nmicrophoneToTextzh-cn'
2025-05-26 13:36:18.460441 - DEBUG : <-<- null
2025-05-26 13:36:18.633154 - DEBUG : ->>> b'16/5\nmicrophoneToTextzh-cn'
2025-05-26 13:36:24.493016 - DEBUG : <-<- null
2025-05-26 13:36:24.646558 - DEBUG : ->>> b'16/5\nmicrophoneToTextzh-cn'
2025-05-26 13:36:30.756873 - DEBUG : <-<- null
2025-05-26 13:36:30.878690 - DEBUG : ->>> b'16/5\nmicrophoneToTextzh-cn'
2025-05-26 16:35:20.816121 - DEBUG : <-<- Client connection at 127.0.0.1: 58412
2025-05-26 16:35:20.817119 - DEBUG : ->>> b'17/84/6\ninitSpeechServiceCmwzTb35WSvnOYEPoY9wC12ExtiNJkI37VJlc9itceLmM6osBYstJQQJ99BAACYeBjFXJ3w3AAAYACOG1fhOeastus'
2025-05-26 16:35:20.828286 - DEBUG : <-<- true
2025-05-26 16:35:20.828286 - DEBUG : ->>> b'13/25/3/3/5/5\ninitMetahuman../humanModel/humanModel20.50.5falsefalse'
2025-05-26 16:35:49.718735 - DEBUG : <-<- true
2025-05-26 16:35:49.719755 - DEBUG : ->>> b'17/28/2/2/2/2\nreplaceBackground../NewHuman/background/2.jpg-1-1-150'
2025-05-26 16:35:49.786621 - DEBUG : <-<- true
2025-05-26 16:35:50.371714 - DEBUG : ->>> b'16/5\nmicrophoneToTextzh-cn'
2025-05-26 16:35:55.923512 - DEBUG : <-<- 你好。
2025-05-26 16:35:56.865374 - DEBUG : ->>> b'14/1/6/2/3/3/1/5/5\nshowSpeechText0\xe6\xa5\xb7\xe4\xbd\x93201282550falsefalse'
2025-05-26 16:35:56.866329 - DEBUG : <-<- true
2025-05-26 16:35:56.867531 - DEBUG : ->>> b'15/14/42/5/20/1/4/1/7\nmetahumanSpeech../voice/2.mp3\xe4\xbd\xa0\xe5\xa5\xbd\xef\xbc\x81\xe6\x9c\x89\xe4\xbb\x80\xe4\xb9\x88\xe5\x8f\xaf\xe4\xbb\xa5\xe5\xb8\xae\xe5\x8a\xa9\xe4\xbd\xa0\xe7\x9a\x84\xe5\x90\x97\xef\xbc\x9fzh-cnzh-cn-XiaochenNeural0true0General'
2025-05-26 16:36:02.947217 - DEBUG : <-<- 3412
2025-05-26 16:36:02.948214 - DEBUG : ->>> b'16/5\nmicrophoneToTextzh-cn'
2025-05-26 16:36:09.150967 - DEBUG : <-<- null
2025-05-26 16:36:09.296259 - DEBUG : ->>> b'16/5\nmicrophoneToTextzh-cn'
2025-05-26 16:36:13.174092 - DEBUG : <-<- 你可以用句话。
2025-05-26 16:36:13.822045 - DEBUG : ->>> b'14/1/6/2/3/3/1/5/5\nshowSpeechText0\xe6\xa5\xb7\xe4\xbd\x93201282550falsefalse'
2025-05-26 16:36:13.823074 - DEBUG : <-<- true
2025-05-26 16:36:13.824119 - DEBUG : ->>> b'15/14/42/5/20/1/4/1/7\nmetahumanSpeech../voice/2.mp3\xe4\xbd\xa0\xe5\xa5\xbd\xef\xbc\x8c\xe6\x9c\x89\xe4\xbb\x80\xe4\xb9\x88\xe5\x8f\xaf\xe4\xbb\xa5\xe5\xb8\xae\xe5\x8a\xa9\xe4\xbd\xa0\xe7\x9a\x84\xe5\x90\x97\xef\xbc\x9fzh-cnzh-cn-XiaochenNeural0true0General'
2025-05-26 21:57:05.461343 - DEBUG : <-<- Client connection at 127.0.0.1: 54474
2025-05-26 21:57:08.563223 - DEBUG : ->>> b'17/84/6\ninitSpeechServiceCmwzTb35WSvnOYEPoY9wC12ExtiNJkI37VJlc9itceLmM6osBYstJQQJ99BAACYeBjFXJ3w3AAAYACOG1fhOeastus'
2025-05-26 21:57:08.684900 - DEBUG : <-<- true
2025-05-26 21:57:08.685940 - DEBUG : ->>> b'13/25/3/3/5/5\ninitMetahuman../humanModel/humanModel20.50.5falsefalse'
2025-05-26 21:57:40.589968 - DEBUG : <-<- true
2025-05-26 21:57:40.590966 - DEBUG : ->>> b'17/28/2/2/2/2\nreplaceBackground../NewHuman/background/2.jpg-1-1-150'
2025-05-26 21:57:41.603260 - DEBUG : <-<- true
2025-05-26 21:57:46.929279 - DEBUG : ->>> b'16/5\nmicrophoneToTextzh-cn'
2025-05-26 21:57:53.161378 - DEBUG : <-<- null
2025-05-26 21:57:54.087456 - DEBUG : ->>> b'16/5\nmicrophoneToTextzh-cn'
2025-05-26 21:58:00.072439 - DEBUG : <-<- 你好。
2025-05-26 21:58:00.913317 - DEBUG : ->>> b'14/1/6/2/3/3/1/5/5\nshowSpeechText0\xe6\xa5\xb7\xe4\xbd\x93201282550falsefalse'
2025-05-26 21:58:00.915312 - DEBUG : <-<- true
2025-05-26 21:58:00.916309 - DEBUG : ->>> b'15/14/42/5/20/1/4/1/7\nmetahumanSpeech../voice/2.mp3\xe4\xbd\xa0\xe5\xa5\xbd\xef\xbc\x81\xe6\x9c\x89\xe4\xbb\x80\xe4\xb9\x88\xe5\x8f\xaf\xe4\xbb\xa5\xe5\xb8\xae\xe5\x8a\xa9\xe4\xbd\xa0\xe7\x9a\x84\xe5\x90\x97\xef\xbc\x9fzh-cnzh-cn-XiaochenNeural0true0General'
2025-05-26 21:58:06.748601 - DEBUG : <-<- 3412
2025-05-26 21:58:06.749259 - DEBUG : ->>> b'16/5\nmicrophoneToTextzh-cn'
2025-05-26 21:59:39.779371 - DEBUG : <-<- Client connection at 127.0.0.1: 54596
2025-05-26 21:59:42.396509 - DEBUG : ->>> b'17/84/6\ninitSpeechServiceCmwzTb35WSvnOYEPoY9wC12ExtiNJkI37VJlc9itceLmM6osBYstJQQJ99BAACYeBjFXJ3w3AAAYACOG1fhOeastus'
2025-05-26 21:59:42.407480 - DEBUG : <-<- true
2025-05-26 21:59:42.408756 - DEBUG : ->>> b'13/25/3/3/5/5\ninitMetahuman../humanModel/humanModel20.50.5falsefalse'
2025-05-26 22:00:15.463954 - DEBUG : <-<- true
2025-05-26 22:00:15.464950 - DEBUG : ->>> b'17/28/2/2/2/2\nreplaceBackground../NewHuman/background/2.jpg-1-1-150'
2025-05-26 22:00:15.669405 - DEBUG : <-<- true
2025-05-26 22:00:16.619905 - DEBUG : ->>> b'16/5\nmicrophoneToTextzh-cn'
2025-05-26 22:00:20.959901 - DEBUG : <-<- 你好。
2025-05-26 22:00:21.975144 - DEBUG : ->>> b'14/1/6/2/3/3/1/5/5\nshowSpeechText0\xe6\xa5\xb7\xe4\xbd\x93201282550falsefalse'
2025-05-26 22:00:21.976142 - DEBUG : <-<- true
2025-05-26 22:00:21.976142 - DEBUG : ->>> b'15/14/42/5/20/1/4/1/7\nmetahumanSpeech../voice/2.mp3\xe4\xbd\xa0\xe5\xa5\xbd\xef\xbc\x81\xe6\x9c\x89\xe4\xbb\x80\xe4\xb9\x88\xe5\x8f\xaf\xe4\xbb\xa5\xe5\xb8\xae\xe5\x8a\xa9\xe4\xbd\xa0\xe7\x9a\x84\xe5\x90\x97\xef\xbc\x9fzh-cnzh-cn-XiaochenNeural0true0General'
2025-05-26 22:01:23.935969 - DEBUG : <-<- Client connection at 127.0.0.1: 54651
2025-05-26 22:01:23.938962 - DEBUG : ->>> b'17/84/6\ninitSpeechServiceCmwzTb35WSvnOYEPoY9wC12ExtiNJkI37VJlc9itceLmM6osBYstJQQJ99BAACYeBjFXJ3w3AAAYACOG1fhOeastus'
2025-05-26 22:01:23.949934 - DEBUG : <-<- true
2025-05-26 22:01:23.950931 - DEBUG : ->>> b'13/25/3/3/5/5\ninitMetahuman../humanModel/humanModel20.50.5falsefalse'
2025-05-26 22:01:54.186644 - DEBUG : <-<- true
2025-05-26 22:01:54.187643 - DEBUG : ->>> b'17/28/2/2/2/2\nreplaceBackground../NewHuman/background/2.jpg-1-1-150'
2025-05-26 22:01:54.294373 - DEBUG : <-<- true
2025-05-26 22:01:55.009573 - DEBUG : ->>> b'16/5\nmicrophoneToTextzh-cn'
2025-05-26 22:02:04.449581 - DEBUG : <-<- null
2025-05-26 22:02:05.035066 - DEBUG : ->>> b'16/5\nmicrophoneToTextzh-cn'
2025-05-26 22:02:10.324223 - DEBUG : <-<- 你好。
2025-05-26 22:02:10.945978 - DEBUG : ->>> b'14/1/6/2/3/3/1/5/5\nshowSpeechText0\xe6\xa5\xb7\xe4\xbd\x93201282550falsefalse'
2025-05-26 22:02:10.946976 - DEBUG : <-<- true
2025-05-26 22:02:10.947973 - DEBUG : ->>> b'15/14/42/5/20/1/4/1/7\nmetahumanSpeech../voice/2.mp3\xe4\xbd\xa0\xe5\xa5\xbd\xef\xbc\x81\xe6\x9c\x89\xe4\xbb\x80\xe4\xb9\x88\xe5\x8f\xaf\xe4\xbb\xa5\xe5\xb8\xae\xe5\x8a\xa9\xe4\xbd\xa0\xe7\x9a\x84\xe5\x90\x97\xef\xbc\x9fzh-cnzh-cn-XiaochenNeural0true0General'
2025-05-26 22:02:17.003667 - DEBUG : <-<- 3412
2025-05-26 22:02:17.004667 - DEBUG : ->>> b'16/5\nmicrophoneToTextzh-cn'
2025-05-26 22:11:37.480820 - DEBUG : <-<- Client connection at 127.0.0.1: 55176
2025-05-26 22:11:40.395483 - DEBUG : ->>> b'17/14/6\ninitSpeechServiceYOUR_AZURE_KEYeastus'
2025-05-26 22:11:40.406455 - DEBUG : <-<- true
2025-05-26 22:14:05.640066 - DEBUG : <-<- Client connection at 127.0.0.1: 55237
2025-05-26 22:14:06.365240 - DEBUG : ->>> b'17/14/6\ninitSpeechServiceYOUR_AZURE_KEYeastus'
2025-05-26 22:14:06.376213 - DEBUG : <-<- true
2025-05-26 22:15:00.326309 - DEBUG : <-<- Client connection at 127.0.0.1: 55262
2025-05-26 22:15:01.160207 - DEBUG : ->>> b'17/14/6\ninitSpeechServiceYOUR_AZURE_KEYeastus'
2025-05-26 22:15:01.173576 - DEBUG : <-<- true
2025-05-26 22:15:01.174572 - DEBUG : ->>> b'13/25/3/3/5/5\ninitMetahuman../humanModel/humanModel20.50.5falsefalse'
2025-05-26 22:15:38.260211 - DEBUG : <-<- true
2025-05-26 22:15:38.261210 - DEBUG : ->>> b'17/28/2/2/2/2\nreplaceBackground../NewHuman/background/2.jpg-1-1-150'
2025-05-26 22:15:38.359961 - DEBUG : <-<- true
2025-05-26 22:15:39.240744 - DEBUG : ->>> b'16/5\nmicrophoneToTextzh-cn'
2025-05-26 22:15:41.014279 - DEBUG : <-<- null
2025-05-26 22:15:41.015276 - DEBUG : ->>> b'16/5\nmicrophoneToTextzh-cn'
2025-05-26 22:15:42.858658 - DEBUG : <-<- null
2025-05-26 22:15:42.859658 - DEBUG : ->>> b'16/5\nmicrophoneToTextzh-cn'
2025-05-26 22:15:44.379741 - DEBUG : <-<- null
2025-05-26 22:15:44.379741 - DEBUG : ->>> b'16/5\nmicrophoneToTextzh-cn'
2025-05-26 22:15:45.981741 - DEBUG : <-<- null
2025-05-26 22:15:45.982739 - DEBUG : ->>> b'16/5\nmicrophoneToTextzh-cn'
2025-05-26 22:15:48.350715 - DEBUG : <-<- null
2025-05-26 22:15:48.351713 - DEBUG : ->>> b'16/5\nmicrophoneToTextzh-cn'
2025-05-26 22:15:49.979614 - DEBUG : <-<- null
2025-05-26 22:15:49.980611 - DEBUG : ->>> b'16/5\nmicrophoneToTextzh-cn'
2025-05-26 22:15:53.017975 - DEBUG : <-<- null
2025-05-26 22:15:53.018973 - DEBUG : ->>> b'16/5\nmicrophoneToTextzh-cn'
2025-05-26 22:15:54.454365 - DEBUG : <-<- null
2025-05-26 22:15:54.455363 - DEBUG : ->>> b'16/5\nmicrophoneToTextzh-cn'
2025-05-26 22:15:55.890362 - DEBUG : <-<- null
2025-05-26 22:15:55.891359 - DEBUG : ->>> b'16/5\nmicrophoneToTextzh-cn'
2025-05-26 22:15:58.942860 - DEBUG : <-<- null
2025-05-26 22:15:58.943858 - DEBUG : ->>> b'16/5\nmicrophoneToTextzh-cn'
2025-05-26 22:16:00.374272 - DEBUG : <-<- null
2025-05-26 22:16:00.374272 - DEBUG : ->>> b'16/5\nmicrophoneToTextzh-cn'
2025-05-26 22:16:01.653052 - DEBUG : <-<- null
2025-05-26 22:16:01.654049 - DEBUG : ->>> b'16/5\nmicrophoneToTextzh-cn'
2025-05-26 22:16:17.251560 - DEBUG : <-<- Client connection at 127.0.0.1: 55393
2025-05-26 22:16:21.024652 - DEBUG : ->>> b'17/14/6\ninitSpeechServiceYOUR_AZURE_KEYeastus'
2025-05-26 22:16:21.035625 - DEBUG : <-<- true
2025-05-26 22:16:21.036622 - DEBUG : ->>> b'13/25/3/3/5/5\ninitMetahuman../humanModel/humanModel20.50.5falsefalse'
2025-05-26 22:16:55.773176 - DEBUG : <-<- true
2025-05-26 22:16:55.774174 - DEBUG : ->>> b'17/28/2/2/2/2\nreplaceBackground../NewHuman/background/2.jpg-1-1-150'
2025-05-26 22:16:55.861952 - DEBUG : <-<- true
2025-05-26 22:16:56.690867 - DEBUG : ->>> b'16/5\nmicrophoneToTextzh-cn'
2025-05-26 22:16:58.753675 - DEBUG : <-<- null
2025-05-26 22:16:58.754671 - DEBUG : ->>> b'16/5\nmicrophoneToTextzh-cn'
2025-05-26 22:17:00.235943 - DEBUG : <-<- null
2025-05-26 22:17:00.236940 - DEBUG : ->>> b'16/5\nmicrophoneToTextzh-cn'
2025-05-26 22:17:01.673324 - DEBUG : <-<- null
2025-05-26 22:17:01.674322 - DEBUG : ->>> b'16/5\nmicrophoneToTextzh-cn'
2025-05-26 22:17:03.058405 - DEBUG : <-<- null
2025-05-26 22:17:03.059401 - DEBUG : ->>> b'16/5\nmicrophoneToTextzh-cn'
2025-05-26 22:17:04.890803 - DEBUG : <-<- null
2025-05-26 22:17:04.891801 - DEBUG : ->>> b'16/5\nmicrophoneToTextzh-cn'
2025-05-26 22:17:06.328196 - DEBUG : <-<- null
2025-05-26 22:17:06.328196 - DEBUG : ->>> b'16/5\nmicrophoneToTextzh-cn'
2025-05-26 22:17:09.018422 - DEBUG : <-<- null
2025-05-26 22:17:09.019420 - DEBUG : ->>> b'16/5\nmicrophoneToTextzh-cn'
2025-05-26 22:17:11.256817 - DEBUG : <-<- null
2025-05-26 22:17:11.257815 - DEBUG : ->>> b'16/5\nmicrophoneToTextzh-cn'
2025-05-26 22:17:12.712155 - DEBUG : <-<- null
2025-05-26 22:17:12.713153 - DEBUG : ->>> b'16/5\nmicrophoneToTextzh-cn'
2025-05-26 22:17:15.112114 - DEBUG : <-<- null
2025-05-26 22:17:15.113111 - DEBUG : ->>> b'16/5\nmicrophoneToTextzh-cn'
2025-05-26 22:17:17.210830 - DEBUG : <-<- null
2025-05-26 22:17:17.211827 - DEBUG : ->>> b'16/5\nmicrophoneToTextzh-cn'
2025-05-26 22:17:18.629258 - DEBUG : <-<- null
2025-05-26 22:17:18.629258 - DEBUG : ->>> b'16/5\nmicrophoneToTextzh-cn'
2025-05-26 22:17:20.064155 - DEBUG : <-<- null
2025-05-26 22:17:20.064155 - DEBUG : ->>> b'16/5\nmicrophoneToTextzh-cn'
2025-05-26 22:17:22.186813 - DEBUG : <-<- null
2025-05-26 22:17:22.186813 - DEBUG : ->>> b'16/5\nmicrophoneToTextzh-cn'
2025-05-26 22:17:23.602248 - DEBUG : <-<- null
2025-05-26 22:17:23.602248 - DEBUG : ->>> b'16/5\nmicrophoneToTextzh-cn'
2025-05-26 22:17:34.396468 - DEBUG : <-<- Client connection at 127.0.0.1: 55460
2025-05-26 22:17:37.500660 - DEBUG : ->>> b'17/14/6\ninitSpeechServiceYOUR_AZURE_KEYeastus'
2025-05-26 22:17:37.514626 - DEBUG : <-<- true
2025-05-26 22:17:37.515622 - DEBUG : ->>> b'13/25/3/3/5/5\ninitMetahuman../humanModel/humanModel20.50.5falsefalse'
2025-05-26 22:18:13.770942 - DEBUG : <-<- true
2025-05-26 22:18:13.771939 - DEBUG : ->>> b'17/28/2/2/2/2\nreplaceBackground../NewHuman/background/2.jpg-1-1-150'
2025-05-26 22:18:13.879663 - DEBUG : <-<- true
2025-05-26 22:18:14.784241 - DEBUG : ->>> b'16/5\nmicrophoneToTextzh-cn'
2025-05-26 22:18:17.513249 - DEBUG : <-<- null
2025-05-26 22:18:17.514246 - DEBUG : ->>> b'16/5\nmicrophoneToTextzh-cn'
2025-05-26 22:18:18.896435 - DEBUG : <-<- null
2025-05-26 22:18:18.897433 - DEBUG : ->>> b'16/5\nmicrophoneToTextzh-cn'
2025-05-26 22:18:20.395610 - DEBUG : <-<- null
2025-05-26 22:18:20.396607 - DEBUG : ->>> b'16/5\nmicrophoneToTextzh-cn'
2025-05-26 22:18:21.836918 - DEBUG : <-<- null
2025-05-26 22:18:21.837915 - DEBUG : ->>> b'16/5\nmicrophoneToTextzh-cn'
2025-05-26 22:18:23.099543 - DEBUG : <-<- null
2025-05-26 22:18:23.100540 - DEBUG : ->>> b'16/5\nmicrophoneToTextzh-cn'
2025-05-26 22:18:24.558783 - DEBUG : <-<- null
2025-05-26 22:18:24.559782 - DEBUG : ->>> b'16/5\nmicrophoneToTextzh-cn'
2025-05-26 22:27:36.942423 - DEBUG : <-<- Client connection at 127.0.0.1: 55824
2025-05-26 22:27:56.448670 - DEBUG : ->>> b'17/84/6\ninitSpeechServiceCmwzTb35WSvnOYEPoY9wC12ExtiNJkI37VJlc9itceLmM6osBYstJQQJ99BAACYeBjFXJ3w3AAAYACOG1fhOeastus'
2025-05-26 22:27:56.462634 - DEBUG : <-<- true
2025-05-26 22:27:56.463631 - DEBUG : ->>> b'13/25/3/3/5/5\ninitMetahuman../humanModel/humanModel20.50.5falsefalse'
2025-05-26 22:28:43.850236 - DEBUG : <-<- true
2025-05-26 22:28:43.851233 - DEBUG : ->>> b'17/28/2/2/2/2\nreplaceBackground../NewHuman/background/2.jpg-1-1-150'
2025-05-26 22:28:43.982895 - DEBUG : <-<- true
2025-05-26 22:28:45.324458 - DEBUG : ->>> b'16/5\nmicrophoneToTextzh-cn'
2025-05-26 22:28:51.713518 - DEBUG : <-<- null
2025-05-26 22:28:52.470579 - DEBUG : ->>> b'16/5\nmicrophoneToTextzh-cn'
2025-05-26 22:28:58.672299 - DEBUG : <-<- null
2025-05-26 22:28:58.830893 - DEBUG : ->>> b'16/5\nmicrophoneToTextzh-cn'
2025-05-26 22:29:05.227514 - DEBUG : <-<- null
2025-05-26 22:29:05.396080 - DEBUG : ->>> b'16/5\nmicrophoneToTextzh-cn'
2025-05-26 22:29:11.584790 - DEBUG : <-<- null
2025-05-26 22:29:11.740406 - DEBUG : ->>> b'16/5\nmicrophoneToTextzh-cn'
2025-05-26 22:29:17.963263 - DEBUG : <-<- null
2025-05-26 22:29:18.112880 - DEBUG : ->>> b'16/5\nmicrophoneToTextzh-cn'
2025-05-26 22:29:24.322481 - DEBUG : <-<- null
2025-05-26 22:29:24.549900 - DEBUG : ->>> b'16/5\nmicrophoneToTextzh-cn'
2025-05-26 22:29:28.193706 - DEBUG : <-<- 你好。
2025-05-26 22:29:28.780091 - DEBUG : ->>> b'14/1/6/2/3/3/1/5/5\nshowSpeechText0\xe6\xa5\xb7\xe4\xbd\x93201282550falsefalse'
2025-05-26 22:29:28.782086 - DEBUG : <-<- true
2025-05-26 22:29:28.782086 - DEBUG : ->>> b'15/14/42/5/20/1/4/1/7\nmetahumanSpeech../voice/2.mp3\xe4\xbd\xa0\xe5\xa5\xbd\xef\xbc\x81\xe6\x9c\x89\xe4\xbb\x80\xe4\xb9\x88\xe5\x8f\xaf\xe4\xbb\xa5\xe5\xb8\xae\xe5\x8a\xa9\xe4\xbd\xa0\xe7\x9a\x84\xe5\x90\x97\xef\xbc\x9fzh-cnzh-cn-XiaochenNeural0true0General'
2025-05-26 22:29:36.917269 - DEBUG : <-<- 3412
2025-05-26 22:29:36.918268 - DEBUG : ->>> b'16/5\nmicrophoneToTextzh-cn'
2025-05-26 22:29:43.031885 - DEBUG : <-<- null
2025-05-26 22:29:43.206945 - DEBUG : ->>> b'16/5\nmicrophoneToTextzh-cn'
2025-05-26 22:29:47.369693 - DEBUG : <-<- 你好。
2025-05-26 22:29:48.139617 - DEBUG : ->>> b'14/1/6/2/3/3/1/5/5\nshowSpeechText0\xe6\xa5\xb7\xe4\xbd\x93201282550falsefalse'
2025-05-26 22:29:48.141613 - DEBUG : <-<- true
2025-05-26 22:29:48.142610 - DEBUG : ->>> b'15/14/42/5/20/1/4/1/7\nmetahumanSpeech../voice/2.mp3\xe4\xbd\xa0\xe5\xa5\xbd\xef\xbc\x81\xe6\x9c\x89\xe4\xbb\x80\xe4\xb9\x88\xe5\x8f\xaf\xe4\xbb\xa5\xe5\xb8\xae\xe5\x88\xb0\xe4\xbd\xa0\xe7\x9a\x84\xe5\x90\x97\xef\xbc\x9fzh-cnzh-cn-XiaochenNeural0true0General'
2025-05-26 22:29:54.811190 - DEBUG : ->>> b'16/5\nmicrophoneToTextzh-cn'
2025-05-26 22:29:54.813184 - DEBUG : ->>> b'16/5\nmicrophoneToTextzh-cn'
2025-05-26 22:29:54.815179 - DEBUG : ->>> b'16/5\nmicrophoneToTextzh-cn'
2025-05-26 22:29:54.817175 - DEBUG : ->>> b'16/5\nmicrophoneToTextzh-cn'
2025-05-26 22:29:54.819170 - DEBUG : ->>> b'16/5\nmicrophoneToTextzh-cn'
2025-05-26 22:29:54.821164 - DEBUG : ->>> b'16/5\nmicrophoneToTextzh-cn'
2025-05-26 22:29:54.823159 - DEBUG : ->>> b'16/5\nmicrophoneToTextzh-cn'
2025-05-26 22:29:54.825154 - DEBUG : ->>> b'16/5\nmicrophoneToTextzh-cn'
2025-05-26 22:29:54.827149 - DEBUG : ->>> b'16/5\nmicrophoneToTextzh-cn'
2025-05-26 22:29:54.829144 - DEBUG : ->>> b'16/5\nmicrophoneToTextzh-cn'
2025-05-26 22:29:54.831139 - DEBUG : ->>> b'16/5\nmicrophoneToTextzh-cn'
2025-05-26 22:29:54.833133 - DEBUG : ->>> b'16/5\nmicrophoneToTextzh-cn'
2025-05-26 22:29:54.835128 - DEBUG : ->>> b'16/5\nmicrophoneToTextzh-cn'
2025-05-26 22:29:54.837124 - DEBUG : ->>> b'16/5\nmicrophoneToTextzh-cn'
2025-05-26 22:29:54.839118 - DEBUG : ->>> b'16/5\nmicrophoneToTextzh-cn'
2025-05-26 22:29:54.841114 - DEBUG : ->>> b'16/5\nmicrophoneToTextzh-cn'
2025-05-26 22:29:54.843108 - DEBUG : ->>> b'16/5\nmicrophoneToTextzh-cn'
2025-05-26 22:29:54.845103 - DEBUG : ->>> b'16/5\nmicrophoneToTextzh-cn'
2025-05-26 22:29:54.847098 - DEBUG : ->>> b'16/5\nmicrophoneToTextzh-cn'
2025-05-26 22:29:54.849093 - DEBUG : ->>> b'16/5\nmicrophoneToTextzh-cn'
2025-05-26 22:29:54.851089 - DEBUG : ->>> b'16/5\nmicrophoneToTextzh-cn'
2025-05-26 22:29:54.855078 - DEBUG : ->>> b'16/5\nmicrophoneToTextzh-cn'
2025-05-26 22:29:54.857073 - DEBUG : ->>> b'16/5\nmicrophoneToTextzh-cn'
2025-05-26 22:29:54.859068 - DEBUG : ->>> b'16/5\nmicrophoneToTextzh-cn'
2025-05-26 22:29:54.861062 - DEBUG : ->>> b'16/5\nmicrophoneToTextzh-cn'
2025-05-26 22:29:54.863057 - DEBUG : ->>> b'16/5\nmicrophoneToTextzh-cn'
2025-05-26 22:29:54.865052 - DEBUG : ->>> b'16/5\nmicrophoneToTextzh-cn'
2025-05-26 22:29:54.867047 - DEBUG : ->>> b'16/5\nmicrophoneToTextzh-cn'
2025-05-26 22:29:54.871037 - DEBUG : ->>> b'16/5\nmicrophoneToTextzh-cn'
2025-05-26 22:29:54.873032 - DEBUG : ->>> b'16/5\nmicrophoneToTextzh-cn'
2025-05-26 22:29:54.875026 - DEBUG : ->>> b'16/5\nmicrophoneToTextzh-cn'
2025-05-26 22:29:54.877021 - DEBUG : ->>> b'16/5\nmicrophoneToTextzh-cn'
2025-05-26 22:29:54.879017 - DEBUG : ->>> b'16/5\nmicrophoneToTextzh-cn'
2025-05-26 22:29:54.882009 - DEBUG : ->>> b'16/5\nmicrophoneToTextzh-cn'
2025-05-26 22:29:54.884004 - DEBUG : ->>> b'16/5\nmicrophoneToTextzh-cn'
2025-05-26 22:29:54.885998 - DEBUG : ->>> b'16/5\nmicrophoneToTextzh-cn'
2025-05-26 22:29:54.887993 - DEBUG : ->>> b'16/5\nmicrophoneToTextzh-cn'
2025-05-26 22:29:54.889988 - DEBUG : ->>> b'16/5\nmicrophoneToTextzh-cn'
2025-05-26 22:29:54.891983 - DEBUG : ->>> b'16/5\nmicrophoneToTextzh-cn'
2025-05-26 22:29:54.894975 - DEBUG : ->>> b'16/5\nmicrophoneToTextzh-cn'
2025-05-26 22:29:54.896970 - DEBUG : ->>> b'16/5\nmicrophoneToTextzh-cn'
2025-05-26 22:29:54.898965 - DEBUG : ->>> b'16/5\nmicrophoneToTextzh-cn'
2025-05-26 22:29:54.900960 - DEBUG : ->>> b'16/5\nmicrophoneToTextzh-cn'
2025-05-26 22:29:54.902955 - DEBUG : ->>> b'16/5\nmicrophoneToTextzh-cn'
2025-05-26 22:29:54.903952 - DEBUG : ->>> b'16/5\nmicrophoneToTextzh-cn'
2025-05-26 22:29:54.906947 - DEBUG : ->>> b'16/5\nmicrophoneToTextzh-cn'
2025-05-26 22:29:54.908939 - DEBUG : ->>> b'16/5\nmicrophoneToTextzh-cn'
2025-05-26 22:29:54.910934 - DEBUG : ->>> b'16/5\nmicrophoneToTextzh-cn'
2025-05-26 22:29:54.912930 - DEBUG : ->>> b'16/5\nmicrophoneToTextzh-cn'
2025-05-26 22:29:54.914925 - DEBUG : ->>> b'16/5\nmicrophoneToTextzh-cn'
2025-05-26 22:29:54.915922 - DEBUG : ->>> b'16/5\nmicrophoneToTextzh-cn'
2025-05-26 22:29:54.917916 - DEBUG : ->>> b'16/5\nmicrophoneToTextzh-cn'
2025-05-26 22:29:54.919957 - DEBUG : ->>> b'16/5\nmicrophoneToTextzh-cn'
2025-05-26 22:29:54.921911 - DEBUG : ->>> b'16/5\nmicrophoneToTextzh-cn'
2025-05-26 22:29:54.923906 - DEBUG : ->>> b'16/5\nmicrophoneToTextzh-cn'
2025-05-26 22:29:54.925901 - DEBUG : ->>> b'16/5\nmicrophoneToTextzh-cn'
2025-05-26 22:29:54.927896 - DEBUG : ->>> b'16/5\nmicrophoneToTextzh-cn'
2025-05-26 22:29:54.929891 - DEBUG : ->>> b'16/5\nmicrophoneToTextzh-cn'
2025-05-26 22:29:54.931886 - DEBUG : ->>> b'16/5\nmicrophoneToTextzh-cn'
2025-05-26 22:29:54.933881 - DEBUG : ->>> b'16/5\nmicrophoneToTextzh-cn'
2025-05-26 22:29:54.935875 - DEBUG : ->>> b'16/5\nmicrophoneToTextzh-cn'
2025-05-26 22:29:54.936873 - DEBUG : ->>> b'16/5\nmicrophoneToTextzh-cn'
2025-05-26 22:29:54.940863 - DEBUG : ->>> b'16/5\nmicrophoneToTextzh-cn'
2025-05-26 22:29:54.942857 - DEBUG : ->>> b'16/5\nmicrophoneToTextzh-cn'
2025-05-26 22:29:54.943856 - DEBUG : ->>> b'16/5\nmicrophoneToTextzh-cn'
2025-05-26 22:29:54.945850 - DEBUG : ->>> b'16/5\nmicrophoneToTextzh-cn'
2025-05-26 22:29:54.947844 - DEBUG : ->>> b'16/5\nmicrophoneToTextzh-cn'
2025-05-26 22:29:54.949840 - DEBUG : ->>> b'16/5\nmicrophoneToTextzh-cn'
2025-05-26 22:29:54.951835 - DEBUG : ->>> b'16/5\nmicrophoneToTextzh-cn'
2025-05-26 22:29:54.953830 - DEBUG : ->>> b'16/5\nmicrophoneToTextzh-cn'
2025-05-26 22:29:54.955824 - DEBUG : ->>> b'16/5\nmicrophoneToTextzh-cn'
2025-05-26 22:29:54.957819 - DEBUG : ->>> b'16/5\nmicrophoneToTextzh-cn'
2025-05-26 22:29:54.959814 - DEBUG : ->>> b'16/5\nmicrophoneToTextzh-cn'
2025-05-26 22:29:54.961809 - DEBUG : ->>> b'16/5\nmicrophoneToTextzh-cn'
2025-05-26 22:29:54.963804 - DEBUG : ->>> b'16/5\nmicrophoneToTextzh-cn'
2025-05-26 22:29:54.965799 - DEBUG : ->>> b'16/5\nmicrophoneToTextzh-cn'
2025-05-26 22:29:54.967794 - DEBUG : ->>> b'16/5\nmicrophoneToTextzh-cn'
2025-05-26 22:29:54.970791 - DEBUG : ->>> b'16/5\nmicrophoneToTextzh-cn'
2025-05-26 22:29:54.972780 - DEBUG : ->>> b'16/5\nmicrophoneToTextzh-cn'
2025-05-26 22:29:54.974775 - DEBUG : ->>> b'16/5\nmicrophoneToTextzh-cn'
2025-05-26 22:29:54.976771 - DEBUG : ->>> b'16/5\nmicrophoneToTextzh-cn'
2025-05-26 22:29:54.978765 - DEBUG : ->>> b'16/5\nmicrophoneToTextzh-cn'
2025-05-26 22:29:54.981086 - DEBUG : ->>> b'16/5\nmicrophoneToTextzh-cn'
2025-05-26 22:29:54.982084 - DEBUG : ->>> b'16/5\nmicrophoneToTextzh-cn'
2025-05-26 22:29:54.984078 - DEBUG : ->>> b'16/5\nmicrophoneToTextzh-cn'
2025-05-26 22:29:54.986074 - DEBUG : ->>> b'16/5\nmicrophoneToTextzh-cn'
2025-05-26 22:29:54.988069 - DEBUG : ->>> b'16/5\nmicrophoneToTextzh-cn'
2025-05-26 22:29:54.990063 - DEBUG : ->>> b'16/5\nmicrophoneToTextzh-cn'
2025-05-26 22:29:54.992058 - DEBUG : ->>> b'16/5\nmicrophoneToTextzh-cn'
2025-05-26 22:29:54.994053 - DEBUG : ->>> b'16/5\nmicrophoneToTextzh-cn'
2025-05-26 22:29:54.996048 - DEBUG : ->>> b'16/5\nmicrophoneToTextzh-cn'
2025-05-26 22:29:54.998042 - DEBUG : ->>> b'16/5\nmicrophoneToTextzh-cn'
2025-05-26 22:29:55.000037 - DEBUG : ->>> b'16/5\nmicrophoneToTextzh-cn'
2025-05-26 22:29:55.002032 - DEBUG : ->>> b'16/5\nmicrophoneToTextzh-cn'
2025-05-26 22:29:55.004027 - DEBUG : ->>> b'16/5\nmicrophoneToTextzh-cn'
2025-05-26 22:29:55.006023 - DEBUG : ->>> b'16/5\nmicrophoneToTextzh-cn'
2025-05-26 22:29:55.009014 - DEBUG : ->>> b'16/5\nmicrophoneToTextzh-cn'
2025-05-26 22:29:55.011009 - DEBUG : ->>> b'16/5\nmicrophoneToTextzh-cn'
2025-05-26 22:29:55.013004 - DEBUG : ->>> b'16/5\nmicrophoneToTextzh-cn'
2025-05-26 22:29:55.014999 - DEBUG : ->>> b'16/5\nmicrophoneToTextzh-cn'
2025-05-26 22:29:55.016994 - DEBUG : ->>> b'16/5\nmicrophoneToTextzh-cn'
2025-05-26 22:29:55.018989 - DEBUG : ->>> b'16/5\nmicrophoneToTextzh-cn'
2025-05-26 22:29:55.020985 - DEBUG : ->>> b'16/5\nmicrophoneToTextzh-cn'
2025-05-26 22:29:55.022979 - DEBUG : ->>> b'16/5\nmicrophoneToTextzh-cn'
2025-05-26 22:29:55.024974 - DEBUG : ->>> b'16/5\nmicrophoneToTextzh-cn'
2025-05-26 22:29:55.026968 - DEBUG : ->>> b'16/5\nmicrophoneToTextzh-cn'
2025-05-26 22:29:55.028964 - DEBUG : ->>> b'16/5\nmicrophoneToTextzh-cn'
2025-05-26 22:29:55.030959 - DEBUG : ->>> b'16/5\nmicrophoneToTextzh-cn'
2025-05-26 22:29:55.032953 - DEBUG : ->>> b'16/5\nmicrophoneToTextzh-cn'
2025-05-26 22:29:55.034948 - DEBUG : ->>> b'16/5\nmicrophoneToTextzh-cn'
2025-05-26 22:29:55.036943 - DEBUG : ->>> b'16/5\nmicrophoneToTextzh-cn'
2025-05-26 22:29:55.038938 - DEBUG : ->>> b'16/5\nmicrophoneToTextzh-cn'
2025-05-26 22:29:55.040932 - DEBUG : ->>> b'16/5\nmicrophoneToTextzh-cn'
2025-05-26 22:29:55.042928 - DEBUG : ->>> b'16/5\nmicrophoneToTextzh-cn'
2025-05-26 22:29:55.044923 - DEBUG : ->>> b'16/5\nmicrophoneToTextzh-cn'
2025-05-26 22:29:55.047915 - DEBUG : ->>> b'16/5\nmicrophoneToTextzh-cn'
2025-05-26 22:29:55.049910 - DEBUG : ->>> b'16/5\nmicrophoneToTextzh-cn'
2025-05-26 22:29:55.051905 - DEBUG : ->>> b'16/5\nmicrophoneToTextzh-cn'
2025-05-26 22:29:55.053900 - DEBUG : ->>> b'16/5\nmicrophoneToTextzh-cn'
2025-05-26 22:29:55.055895 - DEBUG : ->>> b'16/5\nmicrophoneToTextzh-cn'
2025-05-26 22:29:55.057890 - DEBUG : ->>> b'16/5\nmicrophoneToTextzh-cn'
2025-05-26 22:29:55.058887 - DEBUG : ->>> b'16/5\nmicrophoneToTextzh-cn'
2025-05-26 22:29:55.068861 - DEBUG : ->>> b'16/5\nmicrophoneToTextzh-cn'
2025-05-26 22:29:55.070856 - DEBUG : ->>> b'16/5\nmicrophoneToTextzh-cn'
2025-05-26 22:29:55.072851 - DEBUG : ->>> b'16/5\nmicrophoneToTextzh-cn'
2025-05-26 22:29:55.074845 - DEBUG : ->>> b'16/5\nmicrophoneToTextzh-cn'
2025-05-26 22:29:55.076841 - DEBUG : ->>> b'16/5\nmicrophoneToTextzh-cn'
2025-05-26 22:29:55.079834 - DEBUG : ->>> b'16/5\nmicrophoneToTextzh-cn'
2025-05-26 22:29:55.081828 - DEBUG : ->>> b'16/5\nmicrophoneToTextzh-cn'
2025-05-26 22:29:55.083823 - DEBUG : ->>> b'16/5\nmicrophoneToTextzh-cn'
2025-05-26 22:29:55.085818 - DEBUG : ->>> b'16/5\nmicrophoneToTextzh-cn'
2025-05-26 22:29:55.087813 - DEBUG : ->>> b'16/5\nmicrophoneToTextzh-cn'
2025-05-26 22:29:55.089808 - DEBUG : ->>> b'16/5\nmicrophoneToTextzh-cn'
2025-05-26 22:29:55.091803 - DEBUG : ->>> b'16/5\nmicrophoneToTextzh-cn'
2025-05-26 22:29:55.093797 - DEBUG : ->>> b'16/5\nmicrophoneToTextzh-cn'
2025-05-26 22:29:55.096790 - DEBUG : ->>> b'16/5\nmicrophoneToTextzh-cn'
2025-05-26 22:29:55.099782 - DEBUG : ->>> b'16/5\nmicrophoneToTextzh-cn'
2025-05-26 22:29:55.101777 - DEBUG : ->>> b'16/5\nmicrophoneToTextzh-cn'
2025-05-26 22:29:55.103772 - DEBUG : ->>> b'16/5\nmicrophoneToTextzh-cn'
2025-05-26 22:29:55.105767 - DEBUG : ->>> b'16/5\nmicrophoneToTextzh-cn'
2025-05-26 22:29:55.107762 - DEBUG : ->>> b'16/5\nmicrophoneToTextzh-cn'
2025-05-26 22:29:55.109756 - DEBUG : ->>> b'16/5\nmicrophoneToTextzh-cn'
2025-05-26 22:29:55.111751 - DEBUG : ->>> b'16/5\nmicrophoneToTextzh-cn'
2025-05-26 22:29:55.113746 - DEBUG : ->>> b'16/5\nmicrophoneToTextzh-cn'
2025-05-26 22:29:55.115741 - DEBUG : ->>> b'16/5\nmicrophoneToTextzh-cn'
2025-05-26 22:29:55.119731 - DEBUG : ->>> b'16/5\nmicrophoneToTextzh-cn'
2025-05-26 22:29:55.121726 - DEBUG : ->>> b'16/5\nmicrophoneToTextzh-cn'
2025-05-26 22:29:55.124718 - DEBUG : ->>> b'16/5\nmicrophoneToTextzh-cn'
2025-05-26 22:29:55.126713 - DEBUG : ->>> b'16/5\nmicrophoneToTextzh-cn'
2025-05-26 22:29:55.128708 - DEBUG : ->>> b'16/5\nmicrophoneToTextzh-cn'
2025-05-26 22:29:55.155712 - DEBUG : ->>> b'16/5\nmicrophoneToTextzh-cn'
2025-05-26 22:29:55.157634 - DEBUG : ->>> b'16/5\nmicrophoneToTextzh-cn'
2025-05-26 22:29:55.159629 - DEBUG : ->>> b'16/5\nmicrophoneToTextzh-cn'
2025-05-26 22:29:55.161624 - DEBUG : ->>> b'16/5\nmicrophoneToTextzh-cn'
2025-05-26 22:29:55.163619 - DEBUG : ->>> b'16/5\nmicrophoneToTextzh-cn'
2025-05-26 22:29:55.165614 - DEBUG : ->>> b'16/5\nmicrophoneToTextzh-cn'
2025-05-26 22:29:55.167609 - DEBUG : ->>> b'16/5\nmicrophoneToTextzh-cn'
2025-05-26 22:29:55.211655 - DEBUG : ->>> b'16/5\nmicrophoneToTextzh-cn'
2025-05-26 22:29:55.213651 - DEBUG : ->>> b'16/5\nmicrophoneToTextzh-cn'
2025-05-26 22:29:55.216644 - DEBUG : ->>> b'16/5\nmicrophoneToTextzh-cn'
2025-05-26 22:29:55.218638 - DEBUG : ->>> b'16/5\nmicrophoneToTextzh-cn'
2025-05-26 22:29:55.220664 - DEBUG : ->>> b'16/5\nmicrophoneToTextzh-cn'
2025-05-26 22:29:55.222658 - DEBUG : ->>> b'16/5\nmicrophoneToTextzh-cn'
2025-05-26 22:29:55.224653 - DEBUG : ->>> b'16/5\nmicrophoneToTextzh-cn'
2025-05-26 22:29:55.227645 - DEBUG : ->>> b'16/5\nmicrophoneToTextzh-cn'
2025-05-26 22:29:55.229675 - DEBUG : ->>> b'16/5\nmicrophoneToTextzh-cn'
2025-05-26 22:29:55.231662 - DEBUG : ->>> b'16/5\nmicrophoneToTextzh-cn'
2025-05-26 22:29:55.233657 - DEBUG : ->>> b'16/5\nmicrophoneToTextzh-cn'
2025-05-26 22:29:55.235652 - DEBUG : ->>> b'16/5\nmicrophoneToTextzh-cn'
2025-05-26 22:29:55.237647 - DEBUG : ->>> b'16/5\nmicrophoneToTextzh-cn'
2025-05-26 22:29:55.240668 - DEBUG : ->>> b'16/5\nmicrophoneToTextzh-cn'
2025-05-26 22:29:55.242662 - DEBUG : ->>> b'16/5\nmicrophoneToTextzh-cn'
2025-05-26 22:29:55.244657 - DEBUG : ->>> b'16/5\nmicrophoneToTextzh-cn'
2025-05-26 22:29:55.246652 - DEBUG : ->>> b'16/5\nmicrophoneToTextzh-cn'
2025-05-26 22:29:55.249161 - DEBUG : ->>> b'16/5\nmicrophoneToTextzh-cn'
2025-05-26 22:29:55.250667 - DEBUG : ->>> b'16/5\nmicrophoneToTextzh-cn'
2025-05-26 22:29:55.252661 - DEBUG : ->>> b'16/5\nmicrophoneToTextzh-cn'
2025-05-26 22:29:55.254657 - DEBUG : ->>> b'16/5\nmicrophoneToTextzh-cn'
2025-05-26 22:29:55.256651 - DEBUG : ->>> b'16/5\nmicrophoneToTextzh-cn'
2025-05-26 22:29:55.259679 - DEBUG : ->>> b'16/5\nmicrophoneToTextzh-cn'
2025-05-26 22:29:55.261665 - DEBUG : ->>> b'16/5\nmicrophoneToTextzh-cn'
2025-05-26 22:29:55.263660 - DEBUG : ->>> b'16/5\nmicrophoneToTextzh-cn'
2025-05-26 22:29:55.265656 - DEBUG : ->>> b'16/5\nmicrophoneToTextzh-cn'
2025-05-26 22:29:55.267650 - DEBUG : ->>> b'16/5\nmicrophoneToTextzh-cn'
2025-05-26 22:29:55.269674 - DEBUG : ->>> b'16/5\nmicrophoneToTextzh-cn'
2025-05-26 22:29:55.271661 - DEBUG : ->>> b'16/5\nmicrophoneToTextzh-cn'
2025-05-26 22:29:55.273657 - DEBUG : ->>> b'16/5\nmicrophoneToTextzh-cn'
2025-05-26 22:29:55.275651 - DEBUG : ->>> b'16/5\nmicrophoneToTextzh-cn'
2025-05-26 22:29:55.278644 - DEBUG : ->>> b'16/5\nmicrophoneToTextzh-cn'
2025-05-26 22:29:55.280667 - DEBUG : ->>> b'16/5\nmicrophoneToTextzh-cn'
2025-05-26 22:29:55.282662 - DEBUG : ->>> b'16/5\nmicrophoneToTextzh-cn'
2025-05-26 22:29:55.284656 - DEBUG : ->>> b'16/5\nmicrophoneToTextzh-cn'
2025-05-26 22:29:55.286651 - DEBUG : ->>> b'16/5\nmicrophoneToTextzh-cn'
2025-05-26 22:29:55.289160 - DEBUG : ->>> b'16/5\nmicrophoneToTextzh-cn'
2025-05-26 22:29:55.290665 - DEBUG : ->>> b'16/5\nmicrophoneToTextzh-cn'
2025-05-26 22:29:55.292659 - DEBUG : ->>> b'16/5\nmicrophoneToTextzh-cn'
2025-05-26 22:29:55.294654 - DEBUG : ->>> b'16/5\nmicrophoneToTextzh-cn'
2025-05-26 22:29:55.296650 - DEBUG : ->>> b'16/5\nmicrophoneToTextzh-cn'
2025-05-26 22:29:55.299189 - DEBUG : ->>> b'16/5\nmicrophoneToTextzh-cn'
2025-05-26 22:29:55.307677 - DEBUG : ->>> b'16/5\nmicrophoneToTextzh-cn'
2025-05-26 22:29:55.309706 - DEBUG : ->>> b'16/5\nmicrophoneToTextzh-cn'
2025-05-26 22:29:55.311692 - DEBUG : ->>> b'16/5\nmicrophoneToTextzh-cn'
2025-05-26 22:29:55.313687 - DEBUG : ->>> b'16/5\nmicrophoneToTextzh-cn'
2025-05-26 22:29:55.333692 - DEBUG : ->>> b'16/5\nmicrophoneToTextzh-cn'
2025-05-26 22:29:55.335687 - DEBUG : ->>> b'16/5\nmicrophoneToTextzh-cn'
2025-05-26 22:29:55.338679 - DEBUG : ->>> b'16/5\nmicrophoneToTextzh-cn'
2025-05-26 22:29:55.340704 - DEBUG : ->>> b'16/5\nmicrophoneToTextzh-cn'
2025-05-26 22:29:55.343696 - DEBUG : ->>> b'16/5\nmicrophoneToTextzh-cn'
2025-05-26 22:29:55.345692 - DEBUG : ->>> b'16/5\nmicrophoneToTextzh-cn'
2025-05-26 22:29:55.348683 - DEBUG : ->>> b'16/5\nmicrophoneToTextzh-cn'
2025-05-26 22:29:55.350705 - DEBUG : ->>> b'16/5\nmicrophoneToTextzh-cn'
2025-05-26 22:29:55.352700 - DEBUG : ->>> b'16/5\nmicrophoneToTextzh-cn'
2025-05-26 22:29:55.355702 - DEBUG : ->>> b'16/5\nmicrophoneToTextzh-cn'
2025-05-26 22:29:55.358685 - DEBUG : ->>> b'16/5\nmicrophoneToTextzh-cn'
2025-05-26 22:29:55.360706 - DEBUG : ->>> b'16/5\nmicrophoneToTextzh-cn'
2025-05-26 22:29:55.362699 - DEBUG : ->>> b'16/5\nmicrophoneToTextzh-cn'
2025-05-26 22:29:55.364694 - DEBUG : ->>> b'16/5\nmicrophoneToTextzh-cn'
2025-05-26 22:29:55.367687 - DEBUG : ->>> b'16/5\nmicrophoneToTextzh-cn'
2025-05-26 22:29:55.369718 - DEBUG : ->>> b'16/5\nmicrophoneToTextzh-cn'
2025-05-26 22:29:55.371706 - DEBUG : ->>> b'16/5\nmicrophoneToTextzh-cn'
2025-05-26 22:29:55.373701 - DEBUG : ->>> b'16/5\nmicrophoneToTextzh-cn'
2025-05-26 22:29:55.375696 - DEBUG : ->>> b'16/5\nmicrophoneToTextzh-cn'
2025-05-26 22:29:55.377691 - DEBUG : ->>> b'16/5\nmicrophoneToTextzh-cn'
2025-05-26 22:29:55.380710 - DEBUG : ->>> b'16/5\nmicrophoneToTextzh-cn'
2025-05-26 22:29:55.382705 - DEBUG : ->>> b'16/5\nmicrophoneToTextzh-cn'
2025-05-26 22:29:55.385697 - DEBUG : ->>> b'16/5\nmicrophoneToTextzh-cn'
2025-05-26 22:29:55.387692 - DEBUG : ->>> b'16/5\nmicrophoneToTextzh-cn'
2025-05-26 22:29:55.390711 - DEBUG : ->>> b'16/5\nmicrophoneToTextzh-cn'
2025-05-26 22:29:55.392706 - DEBUG : ->>> b'16/5\nmicrophoneToTextzh-cn'
2025-05-26 22:29:55.394701 - DEBUG : ->>> b'16/5\nmicrophoneToTextzh-cn'
2025-05-26 22:29:55.399724 - DEBUG : ->>> b'16/5\nmicrophoneToTextzh-cn'
2025-05-26 22:29:55.402711 - DEBUG : ->>> b'16/5\nmicrophoneToTextzh-cn'
2025-05-26 22:29:55.404709 - DEBUG : ->>> b'16/5\nmicrophoneToTextzh-cn'
2025-05-26 22:29:55.407697 - DEBUG : ->>> b'16/5\nmicrophoneToTextzh-cn'
2025-05-26 22:29:55.409731 - DEBUG : ->>> b'16/5\nmicrophoneToTextzh-cn'
2025-05-26 22:29:55.412711 - DEBUG : ->>> b'16/5\nmicrophoneToTextzh-cn'
2025-05-26 22:29:55.414707 - DEBUG : ->>> b'16/5\nmicrophoneToTextzh-cn'
2025-05-26 22:29:55.416702 - DEBUG : ->>> b'16/5\nmicrophoneToTextzh-cn'
2025-05-26 22:29:55.419231 - DEBUG : ->>> b'16/5\nmicrophoneToTextzh-cn'
2025-05-26 22:29:55.420735 - DEBUG : ->>> b'16/5\nmicrophoneToTextzh-cn'
2025-05-26 22:29:55.422730 - DEBUG : ->>> b'16/5\nmicrophoneToTextzh-cn'
2025-05-26 22:29:55.424725 - DEBUG : ->>> b'16/5\nmicrophoneToTextzh-cn'
2025-05-26 22:29:55.427717 - DEBUG : ->>> b'16/5\nmicrophoneToTextzh-cn'
2025-05-26 22:29:55.429765 - DEBUG : ->>> b'16/5\nmicrophoneToTextzh-cn'
2025-05-26 22:29:55.432733 - DEBUG : ->>> b'16/5\nmicrophoneToTextzh-cn'
2025-05-26 22:29:55.434728 - DEBUG : ->>> b'16/5\nmicrophoneToTextzh-cn'
2025-05-26 22:29:55.436723 - DEBUG : ->>> b'16/5\nmicrophoneToTextzh-cn'
2025-05-26 22:29:55.439234 - DEBUG : ->>> b'16/5\nmicrophoneToTextzh-cn'
2025-05-26 22:29:55.440741 - DEBUG : ->>> b'16/5\nmicrophoneToTextzh-cn'
2025-05-26 22:29:55.443733 - DEBUG : ->>> b'16/5\nmicrophoneToTextzh-cn'
2025-05-26 22:29:55.445728 - DEBUG : ->>> b'16/5\nmicrophoneToTextzh-cn'
2025-05-26 22:29:55.447722 - DEBUG : ->>> b'16/5\nmicrophoneToTextzh-cn'
2025-05-26 22:29:55.449748 - DEBUG : ->>> b'16/5\nmicrophoneToTextzh-cn'
2025-05-26 22:29:55.451736 - DEBUG : ->>> b'16/5\nmicrophoneToTextzh-cn'
2025-05-26 22:29:55.453730 - DEBUG : ->>> b'16/5\nmicrophoneToTextzh-cn'
2025-05-26 22:29:55.456723 - DEBUG : ->>> b'16/5\nmicrophoneToTextzh-cn'
2025-05-26 22:29:55.458718 - DEBUG : ->>> b'16/5\nmicrophoneToTextzh-cn'
2025-05-26 22:29:55.460736 - DEBUG : ->>> b'16/5\nmicrophoneToTextzh-cn'
2025-05-26 22:29:55.462731 - DEBUG : ->>> b'16/5\nmicrophoneToTextzh-cn'
2025-05-26 22:29:55.464726 - DEBUG : ->>> b'16/5\nmicrophoneToTextzh-cn'
2025-05-26 22:29:55.466720 - DEBUG : ->>> b'16/5\nmicrophoneToTextzh-cn'
2025-05-26 22:29:55.469746 - DEBUG : ->>> b'16/5\nmicrophoneToTextzh-cn'
2025-05-26 22:29:55.471734 - DEBUG : ->>> b'16/5\nmicrophoneToTextzh-cn'
2025-05-26 22:29:55.473729 - DEBUG : ->>> b'16/5\nmicrophoneToTextzh-cn'
2025-05-26 22:29:55.475723 - DEBUG : ->>> b'16/5\nmicrophoneToTextzh-cn'
2025-05-26 22:29:55.477718 - DEBUG : ->>> b'16/5\nmicrophoneToTextzh-cn'
2025-05-26 22:29:55.479747 - DEBUG : ->>> b'16/5\nmicrophoneToTextzh-cn'
2025-05-26 22:29:55.481734 - DEBUG : ->>> b'16/5\nmicrophoneToTextzh-cn'
2025-05-26 22:29:55.483729 - DEBUG : ->>> b'16/5\nmicrophoneToTextzh-cn'
2025-05-26 22:29:55.486721 - DEBUG : ->>> b'16/5\nmicrophoneToTextzh-cn'
2025-05-26 22:29:55.488716 - DEBUG : ->>> b'16/5\nmicrophoneToTextzh-cn'
2025-05-26 22:29:55.490733 - DEBUG : ->>> b'16/5\nmicrophoneToTextzh-cn'
2025-05-26 22:29:55.492727 - DEBUG : ->>> b'16/5\nmicrophoneToTextzh-cn'
2025-05-26 22:29:55.494722 - DEBUG : ->>> b'16/5\nmicrophoneToTextzh-cn'
2025-05-26 22:29:55.510728 - DEBUG : ->>> b'16/5\nmicrophoneToTextzh-cn'
2025-05-26 22:29:55.512722 - DEBUG : ->>> b'16/5\nmicrophoneToTextzh-cn'
2025-05-26 22:29:55.514718 - DEBUG : ->>> b'16/5\nmicrophoneToTextzh-cn'
2025-05-26 22:29:55.517710 - DEBUG : ->>> b'16/5\nmicrophoneToTextzh-cn'
2025-05-26 22:29:55.519736 - DEBUG : ->>> b'16/5\nmicrophoneToTextzh-cn'
2025-05-26 22:29:55.522722 - DEBUG : ->>> b'16/5\nmicrophoneToTextzh-cn'
2025-05-26 22:29:55.524718 - DEBUG : ->>> b'16/5\nmicrophoneToTextzh-cn'
2025-05-26 22:29:55.526713 - DEBUG : ->>> b'16/5\nmicrophoneToTextzh-cn'
2025-05-26 22:29:55.529213 - DEBUG : ->>> b'16/5\nmicrophoneToTextzh-cn'
2025-05-26 22:29:55.531751 - DEBUG : ->>> b'16/5\nmicrophoneToTextzh-cn'
2025-05-26 22:29:55.539250 - DEBUG : ->>> b'16/5\nmicrophoneToTextzh-cn'
2025-05-26 22:29:55.542749 - DEBUG : ->>> b'16/5\nmicrophoneToTextzh-cn'
2025-05-26 22:29:55.544744 - DEBUG : ->>> b'16/5\nmicrophoneToTextzh-cn'
2025-05-26 22:29:55.546741 - DEBUG : ->>> b'16/5\nmicrophoneToTextzh-cn'
2025-05-26 22:29:55.548735 - DEBUG : ->>> b'16/5\nmicrophoneToTextzh-cn'
2025-05-26 22:29:55.552751 - DEBUG : ->>> b'16/5\nmicrophoneToTextzh-cn'
2025-05-26 22:29:55.554746 - DEBUG : ->>> b'16/5\nmicrophoneToTextzh-cn'
2025-05-26 22:29:55.556741 - DEBUG : ->>> b'16/5\nmicrophoneToTextzh-cn'
2025-05-26 22:29:55.559766 - DEBUG : ->>> b'16/5\nmicrophoneToTextzh-cn'
2025-05-26 22:29:55.561754 - DEBUG : ->>> b'16/5\nmicrophoneToTextzh-cn'
2025-05-26 22:29:55.563750 - DEBUG : ->>> b'16/5\nmicrophoneToTextzh-cn'
2025-05-26 22:29:55.565745 - DEBUG : ->>> b'16/5\nmicrophoneToTextzh-cn'
2025-05-26 22:29:55.567739 - DEBUG : ->>> b'16/5\nmicrophoneToTextzh-cn'
2025-05-26 22:29:55.570762 - DEBUG : ->>> b'16/5\nmicrophoneToTextzh-cn'
2025-05-26 22:29:55.572757 - DEBUG : ->>> b'16/5\nmicrophoneToTextzh-cn'
2025-05-26 22:29:55.577744 - DEBUG : ->>> b'16/5\nmicrophoneToTextzh-cn'
2025-05-26 22:29:55.579771 - DEBUG : ->>> b'16/5\nmicrophoneToTextzh-cn'
2025-05-26 22:29:55.583753 - DEBUG : ->>> b'16/5\nmicrophoneToTextzh-cn'
2025-05-26 22:29:55.585748 - DEBUG : ->>> b'16/5\nmicrophoneToTextzh-cn'
2025-05-26 22:29:55.587743 - DEBUG : ->>> b'16/5\nmicrophoneToTextzh-cn'
2025-05-26 22:29:55.589772 - DEBUG : ->>> b'16/5\nmicrophoneToTextzh-cn'
2025-05-26 22:29:55.591761 - DEBUG : ->>> b'16/5\nmicrophoneToTextzh-cn'
2025-05-26 22:29:55.593755 - DEBUG : ->>> b'16/5\nmicrophoneToTextzh-cn'
2025-05-26 22:29:55.595751 - DEBUG : ->>> b'16/5\nmicrophoneToTextzh-cn'
2025-05-26 22:29:55.599266 - DEBUG : ->>> b'16/5\nmicrophoneToTextzh-cn'
2025-05-26 22:29:55.600771 - DEBUG : ->>> b'16/5\nmicrophoneToTextzh-cn'
2025-05-26 22:29:55.603763 - DEBUG : ->>> b'16/5\nmicrophoneToTextzh-cn'
2025-05-26 22:29:55.605758 - DEBUG : ->>> b'16/5\nmicrophoneToTextzh-cn'
2025-05-26 22:29:55.607752 - DEBUG : ->>> b'16/5\nmicrophoneToTextzh-cn'
2025-05-26 22:29:55.610772 - DEBUG : ->>> b'16/5\nmicrophoneToTextzh-cn'
2025-05-26 22:29:55.612767 - DEBUG : ->>> b'16/5\nmicrophoneToTextzh-cn'
2025-05-26 22:29:55.615760 - DEBUG : ->>> b'16/5\nmicrophoneToTextzh-cn'
2025-05-26 22:29:55.617755 - DEBUG : ->>> b'16/5\nmicrophoneToTextzh-cn'
2025-05-26 22:29:55.619954 - DEBUG : ->>> b'16/5\nmicrophoneToTextzh-cn'
2025-05-26 22:29:55.622937 - DEBUG : ->>> b'16/5\nmicrophoneToTextzh-cn'
2025-05-26 22:29:55.624932 - DEBUG : ->>> b'16/5\nmicrophoneToTextzh-cn'
2025-05-26 22:29:55.626927 - DEBUG : ->>> b'16/5\nmicrophoneToTextzh-cn'
2025-05-26 22:29:55.629441 - DEBUG : ->>> b'16/5\nmicrophoneToTextzh-cn'
2025-05-26 22:29:55.630946 - DEBUG : ->>> b'16/5\nmicrophoneToTextzh-cn'
2025-05-26 22:29:55.632941 - DEBUG : ->>> b'16/5\nmicrophoneToTextzh-cn'
2025-05-26 22:29:55.634936 - DEBUG : ->>> b'16/5\nmicrophoneToTextzh-cn'
2025-05-26 22:29:55.637928 - DEBUG : ->>> b'16/5\nmicrophoneToTextzh-cn'
2025-05-26 22:29:55.641956 - DEBUG : ->>> b'16/5\nmicrophoneToTextzh-cn'
2025-05-26 22:29:55.643951 - DEBUG : ->>> b'16/5\nmicrophoneToTextzh-cn'
2025-05-26 22:29:55.645947 - DEBUG : ->>> b'16/5\nmicrophoneToTextzh-cn'
2025-05-26 22:29:55.647941 - DEBUG : ->>> b'16/5\nmicrophoneToTextzh-cn'
2025-05-26 22:29:55.650969 - DEBUG : ->>> b'16/5\nmicrophoneToTextzh-cn'
2025-05-26 22:29:55.652964 - DEBUG : ->>> b'16/5\nmicrophoneToTextzh-cn'
2025-05-26 22:29:55.654958 - DEBUG : ->>> b'16/5\nmicrophoneToTextzh-cn'
2025-05-26 22:29:55.656953 - DEBUG : ->>> b'16/5\nmicrophoneToTextzh-cn'
2025-05-26 22:29:55.659464 - DEBUG : ->>> b'16/5\nmicrophoneToTextzh-cn'
2025-05-26 22:29:55.660967 - DEBUG : ->>> b'16/5\nmicrophoneToTextzh-cn'
2025-05-26 22:29:55.662962 - DEBUG : ->>> b'16/5\nmicrophoneToTextzh-cn'
2025-05-26 22:29:55.664957 - DEBUG : ->>> b'16/5\nmicrophoneToTextzh-cn'
2025-05-26 22:29:55.666952 - DEBUG : ->>> b'16/5\nmicrophoneToTextzh-cn'
2025-05-26 22:29:55.669462 - DEBUG : ->>> b'16/5\nmicrophoneToTextzh-cn'
2025-05-26 22:29:55.670967 - DEBUG : ->>> b'16/5\nmicrophoneToTextzh-cn'
2025-05-26 22:29:55.692955 - DEBUG : ->>> b'16/5\nmicrophoneToTextzh-cn'
2025-05-26 22:29:55.695947 - DEBUG : ->>> b'16/5\nmicrophoneToTextzh-cn'
2025-05-26 22:29:55.697942 - DEBUG : ->>> b'16/5\nmicrophoneToTextzh-cn'
2025-05-26 22:29:55.699968 - DEBUG : ->>> b'16/5\nmicrophoneToTextzh-cn'
2025-05-26 22:29:55.701955 - DEBUG : ->>> b'16/5\nmicrophoneToTextzh-cn'
2025-05-26 22:29:55.703950 - DEBUG : ->>> b'16/5\nmicrophoneToTextzh-cn'
2025-05-26 22:29:55.705946 - DEBUG : ->>> b'16/5\nmicrophoneToTextzh-cn'
2025-05-26 22:29:55.707941 - DEBUG : ->>> b'16/5\nmicrophoneToTextzh-cn'
2025-05-26 22:29:55.736935 - DEBUG : ->>> b'16/5\nmicrophoneToTextzh-cn'
2025-05-26 22:29:55.738930 - DEBUG : ->>> b'16/5\nmicrophoneToTextzh-cn'
2025-05-26 22:29:55.740948 - DEBUG : ->>> b'16/5\nmicrophoneToTextzh-cn'
2025-05-26 22:29:55.742946 - DEBUG : ->>> b'16/5\nmicrophoneToTextzh-cn'
2025-05-26 22:29:55.744938 - DEBUG : ->>> b'16/5\nmicrophoneToTextzh-cn'
2025-05-26 22:29:55.759957 - DEBUG : ->>> b'16/5\nmicrophoneToTextzh-cn'
2025-05-26 22:29:55.761945 - DEBUG : ->>> b'16/5\nmicrophoneToTextzh-cn'
2025-05-26 22:29:55.764938 - DEBUG : ->>> b'16/5\nmicrophoneToTextzh-cn'
2025-05-26 22:29:55.766933 - DEBUG : ->>> b'16/5\nmicrophoneToTextzh-cn'
2025-05-26 22:29:55.769995 - DEBUG : ->>> b'16/5\nmicrophoneToTextzh-cn'
2025-05-26 22:29:55.773969 - DEBUG : ->>> b'16/5\nmicrophoneToTextzh-cn'
2025-05-26 22:29:55.775965 - DEBUG : ->>> b'16/5\nmicrophoneToTextzh-cn'
2025-05-26 22:29:55.777959 - DEBUG : ->>> b'16/5\nmicrophoneToTextzh-cn'
2025-05-26 22:29:55.780015 - DEBUG : ->>> b'16/5\nmicrophoneToTextzh-cn'
2025-05-26 22:29:55.782982 - DEBUG : ->>> b'16/5\nmicrophoneToTextzh-cn'
2025-05-26 22:29:55.792985 - DEBUG : ->>> b'16/5\nmicrophoneToTextzh-cn'
2025-05-26 22:29:55.794980 - DEBUG : ->>> b'16/5\nmicrophoneToTextzh-cn'
2025-05-26 22:29:55.797972 - DEBUG : ->>> b'16/5\nmicrophoneToTextzh-cn'
2025-05-26 22:29:55.800019 - DEBUG : ->>> b'16/5\nmicrophoneToTextzh-cn'
2025-05-26 22:29:55.801996 - DEBUG : ->>> b'16/5\nmicrophoneToTextzh-cn'
2025-05-26 22:29:55.804988 - DEBUG : ->>> b'16/5\nmicrophoneToTextzh-cn'
2025-05-26 22:29:55.807980 - DEBUG : ->>> b'16/5\nmicrophoneToTextzh-cn'
2025-05-26 22:29:55.810005 - DEBUG : ->>> b'16/5\nmicrophoneToTextzh-cn'
2025-05-26 22:29:55.811995 - DEBUG : ->>> b'16/5\nmicrophoneToTextzh-cn'
2025-05-26 22:29:55.814987 - DEBUG : ->>> b'16/5\nmicrophoneToTextzh-cn'
2025-05-26 22:29:55.816981 - DEBUG : ->>> b'16/5\nmicrophoneToTextzh-cn'
2025-05-26 22:29:55.820009 - DEBUG : ->>> b'16/5\nmicrophoneToTextzh-cn'
2025-05-26 22:29:55.821995 - DEBUG : ->>> b'16/5\nmicrophoneToTextzh-cn'
2025-05-26 22:29:55.823989 - DEBUG : ->>> b'16/5\nmicrophoneToTextzh-cn'
2025-05-26 22:29:55.826982 - DEBUG : ->>> b'16/5\nmicrophoneToTextzh-cn'
2025-05-26 22:29:55.829496 - DEBUG : ->>> b'16/5\nmicrophoneToTextzh-cn'
2025-05-26 22:29:55.832001 - DEBUG : ->>> b'16/5\nmicrophoneToTextzh-cn'
2025-05-26 22:29:55.833993 - DEBUG : ->>> b'16/5\nmicrophoneToTextzh-cn'
2025-05-26 22:29:55.835988 - DEBUG : ->>> b'16/5\nmicrophoneToTextzh-cn'
2025-05-26 22:29:55.838980 - DEBUG : ->>> b'16/5\nmicrophoneToTextzh-cn'
2025-05-26 22:29:55.840999 - DEBUG : ->>> b'16/5\nmicrophoneToTextzh-cn'
2025-05-26 22:29:55.842994 - DEBUG : ->>> b'16/5\nmicrophoneToTextzh-cn'
2025-05-26 22:29:55.844989 - DEBUG : ->>> b'16/5\nmicrophoneToTextzh-cn'
2025-05-26 22:29:55.846984 - DEBUG : ->>> b'16/5\nmicrophoneToTextzh-cn'
2025-05-26 22:29:55.849999 - DEBUG : ->>> b'16/5\nmicrophoneToTextzh-cn'
2025-05-26 22:29:55.851997 - DEBUG : ->>> b'16/5\nmicrophoneToTextzh-cn'
2025-05-26 22:29:55.853992 - DEBUG : ->>> b'16/5\nmicrophoneToTextzh-cn'
2025-05-26 22:29:55.860014 - DEBUG : ->>> b'16/5\nmicrophoneToTextzh-cn'
2025-05-26 22:29:55.861999 - DEBUG : ->>> b'16/5\nmicrophoneToTextzh-cn'
2025-05-26 22:29:55.863994 - DEBUG : ->>> b'16/5\nmicrophoneToTextzh-cn'
2025-05-26 22:29:55.867983 - DEBUG : ->>> b'16/5\nmicrophoneToTextzh-cn'
2025-05-26 22:29:55.870007 - DEBUG : ->>> b'16/5\nmicrophoneToTextzh-cn'
2025-05-26 22:29:55.871995 - DEBUG : ->>> b'16/5\nmicrophoneToTextzh-cn'
2025-05-26 22:29:55.873989 - DEBUG : ->>> b'16/5\nmicrophoneToTextzh-cn'
2025-05-26 22:29:55.875984 - DEBUG : ->>> b'16/5\nmicrophoneToTextzh-cn'
2025-05-26 22:29:55.880002 - DEBUG : ->>> b'16/5\nmicrophoneToTextzh-cn'
2025-05-26 22:29:55.881991 - DEBUG : ->>> b'16/5\nmicrophoneToTextzh-cn'
2025-05-26 22:29:55.883985 - DEBUG : ->>> b'16/5\nmicrophoneToTextzh-cn'
2025-05-26 22:29:55.885981 - DEBUG : ->>> b'16/5\nmicrophoneToTextzh-cn'
2025-05-26 22:29:55.887976 - DEBUG : ->>> b'16/5\nmicrophoneToTextzh-cn'
2025-05-26 22:29:55.890019 - DEBUG : ->>> b'16/5\nmicrophoneToTextzh-cn'
2025-05-26 22:29:55.892005 - DEBUG : ->>> b'16/5\nmicrophoneToTextzh-cn'
2025-05-26 22:29:55.894000 - DEBUG : ->>> b'16/5\nmicrophoneToTextzh-cn'
2025-05-26 22:29:55.895995 - DEBUG : ->>> b'16/5\nmicrophoneToTextzh-cn'
2025-05-26 22:29:55.897990 - DEBUG : ->>> b'16/5\nmicrophoneToTextzh-cn'
2025-05-26 22:29:55.900022 - DEBUG : ->>> b'16/5\nmicrophoneToTextzh-cn'
2025-05-26 22:29:55.902008 - DEBUG : ->>> b'16/5\nmicrophoneToTextzh-cn'
2025-05-26 22:29:55.904002 - DEBUG : ->>> b'16/5\nmicrophoneToTextzh-cn'
2025-05-26 22:29:55.905998 - DEBUG : ->>> b'16/5\nmicrophoneToTextzh-cn'
2025-05-26 22:29:55.908990 - DEBUG : ->>> b'16/5\nmicrophoneToTextzh-cn'
2025-05-26 22:29:55.911009 - DEBUG : ->>> b'16/5\nmicrophoneToTextzh-cn'
2025-05-26 22:29:55.913004 - DEBUG : ->>> b'16/5\nmicrophoneToTextzh-cn'
2025-05-26 22:29:55.914999 - DEBUG : ->>> b'16/5\nmicrophoneToTextzh-cn'
2025-05-26 22:29:55.916999 - DEBUG : ->>> b'16/5\nmicrophoneToTextzh-cn'
2025-05-26 22:29:55.935000 - DEBUG : ->>> b'16/5\nmicrophoneToTextzh-cn'
2025-05-26 22:29:55.936994 - DEBUG : ->>> b'16/5\nmicrophoneToTextzh-cn'
2025-05-26 22:29:55.940050 - DEBUG : ->>> b'16/5\nmicrophoneToTextzh-cn'
2025-05-26 22:29:55.942033 - DEBUG : ->>> b'16/5\nmicrophoneToTextzh-cn'
2025-05-26 22:29:55.944028 - DEBUG : ->>> b'16/5\nmicrophoneToTextzh-cn'
2025-05-26 22:29:55.946023 - DEBUG : ->>> b'16/5\nmicrophoneToTextzh-cn'
2025-05-26 22:29:55.948018 - DEBUG : ->>> b'16/5\nmicrophoneToTextzh-cn'
2025-05-26 22:29:55.951043 - DEBUG : ->>> b'16/5\nmicrophoneToTextzh-cn'
2025-05-26 22:29:55.953039 - DEBUG : ->>> b'16/5\nmicrophoneToTextzh-cn'
2025-05-26 22:29:55.965033 - DEBUG : ->>> b'16/5\nmicrophoneToTextzh-cn'
2025-05-26 22:29:55.967030 - DEBUG : ->>> b'16/5\nmicrophoneToTextzh-cn'
2025-05-26 22:29:55.969539 - DEBUG : ->>> b'16/5\nmicrophoneToTextzh-cn'
2025-05-26 22:29:55.972042 - DEBUG : ->>> b'16/5\nmicrophoneToTextzh-cn'
2025-05-26 22:29:55.974037 - DEBUG : ->>> b'16/5\nmicrophoneToTextzh-cn'
2025-05-26 22:29:55.976031 - DEBUG : ->>> b'16/5\nmicrophoneToTextzh-cn'
2025-05-26 22:29:55.978026 - DEBUG : ->>> b'16/5\nmicrophoneToTextzh-cn'
2025-05-26 22:29:55.980055 - DEBUG : ->>> b'16/5\nmicrophoneToTextzh-cn'
2025-05-26 22:29:55.983039 - DEBUG : ->>> b'16/5\nmicrophoneToTextzh-cn'
2025-05-26 22:29:56.001046 - DEBUG : ->>> b'16/5\nmicrophoneToTextzh-cn'
2025-05-26 22:29:56.004039 - DEBUG : ->>> b'16/5\nmicrophoneToTextzh-cn'
2025-05-26 22:29:56.007030 - DEBUG : ->>> b'16/5\nmicrophoneToTextzh-cn'
2025-05-26 22:29:56.009025 - DEBUG : ->>> b'16/5\nmicrophoneToTextzh-cn'
2025-05-26 22:29:56.011047 - DEBUG : ->>> b'16/5\nmicrophoneToTextzh-cn'
2025-05-26 22:29:56.013041 - DEBUG : ->>> b'16/5\nmicrophoneToTextzh-cn'
2025-05-26 22:29:56.015036 - DEBUG : ->>> b'16/5\nmicrophoneToTextzh-cn'
2025-05-26 22:29:56.017031 - DEBUG : ->>> b'16/5\nmicrophoneToTextzh-cn'
2025-05-26 22:29:56.019542 - DEBUG : ->>> b'16/5\nmicrophoneToTextzh-cn'
2025-05-26 22:29:56.022044 - DEBUG : ->>> b'16/5\nmicrophoneToTextzh-cn'
2025-05-26 22:29:56.043040 - DEBUG : ->>> b'16/5\nmicrophoneToTextzh-cn'
2025-05-26 22:29:56.045037 - DEBUG : ->>> b'16/5\nmicrophoneToTextzh-cn'
2025-05-26 22:29:56.048027 - DEBUG : ->>> b'16/5\nmicrophoneToTextzh-cn'
2025-05-26 22:29:56.050054 - DEBUG : ->>> b'16/5\nmicrophoneToTextzh-cn'
2025-05-26 22:29:56.052042 - DEBUG : ->>> b'16/5\nmicrophoneToTextzh-cn'
2025-05-26 22:29:56.054036 - DEBUG : ->>> b'16/5\nmicrophoneToTextzh-cn'
2025-05-26 22:29:56.056031 - DEBUG : ->>> b'16/5\nmicrophoneToTextzh-cn'
2025-05-26 22:29:56.058026 - DEBUG : ->>> b'16/5\nmicrophoneToTextzh-cn'
2025-05-26 22:29:56.060054 - DEBUG : ->>> b'16/5\nmicrophoneToTextzh-cn'
2025-05-26 22:29:56.063038 - DEBUG : ->>> b'16/5\nmicrophoneToTextzh-cn'
2025-05-26 22:29:56.079021 - DEBUG : ->>> b'16/5\nmicrophoneToTextzh-cn'
2025-05-26 22:29:56.081040 - DEBUG : ->>> b'16/5\nmicrophoneToTextzh-cn'
2025-05-26 22:29:56.084032 - DEBUG : ->>> b'16/5\nmicrophoneToTextzh-cn'
2025-05-26 22:29:56.086027 - DEBUG : ->>> b'16/5\nmicrophoneToTextzh-cn'
2025-05-26 22:29:56.088022 - DEBUG : ->>> b'16/5\nmicrophoneToTextzh-cn'
2025-05-26 22:29:56.090046 - DEBUG : ->>> b'16/5\nmicrophoneToTextzh-cn'
2025-05-26 22:29:56.092034 - DEBUG : ->>> b'16/5\nmicrophoneToTextzh-cn'
2025-05-26 22:29:56.094029 - DEBUG : ->>> b'16/5\nmicrophoneToTextzh-cn'
2025-05-26 22:29:56.096025 - DEBUG : ->>> b'16/5\nmicrophoneToTextzh-cn'
2025-05-26 22:29:56.098020 - DEBUG : ->>> b'16/5\nmicrophoneToTextzh-cn'
2025-05-26 22:29:56.120044 - DEBUG : ->>> b'16/5\nmicrophoneToTextzh-cn'
2025-05-26 22:29:56.122031 - DEBUG : ->>> b'16/5\nmicrophoneToTextzh-cn'
2025-05-26 22:29:56.124026 - DEBUG : ->>> b'16/5\nmicrophoneToTextzh-cn'
2025-05-26 22:29:56.126021 - DEBUG : ->>> b'16/5\nmicrophoneToTextzh-cn'
2025-05-26 22:29:56.128016 - DEBUG : ->>> b'16/5\nmicrophoneToTextzh-cn'
2025-05-26 22:29:56.132033 - DEBUG : ->>> b'16/5\nmicrophoneToTextzh-cn'
2025-05-26 22:29:56.134028 - DEBUG : ->>> b'16/5\nmicrophoneToTextzh-cn'
2025-05-26 22:29:56.136023 - DEBUG : ->>> b'16/5\nmicrophoneToTextzh-cn'
2025-05-26 22:29:56.138018 - DEBUG : ->>> b'16/5\nmicrophoneToTextzh-cn'
2025-05-26 22:29:56.141034 - DEBUG : ->>> b'16/5\nmicrophoneToTextzh-cn'
2025-05-26 22:29:56.159011 - DEBUG : ->>> b'16/5\nmicrophoneToTextzh-cn'
2025-05-26 22:29:56.161030 - DEBUG : ->>> b'16/5\nmicrophoneToTextzh-cn'
2025-05-26 22:29:56.164022 - DEBUG : ->>> b'16/5\nmicrophoneToTextzh-cn'
2025-05-26 22:29:56.166017 - DEBUG : ->>> b'16/5\nmicrophoneToTextzh-cn'
2025-05-26 22:29:56.168012 - DEBUG : ->>> b'16/5\nmicrophoneToTextzh-cn'
2025-05-26 22:29:56.170041 - DEBUG : ->>> b'16/5\nmicrophoneToTextzh-cn'
2025-05-26 22:29:56.172029 - DEBUG : ->>> b'16/5\nmicrophoneToTextzh-cn'
2025-05-26 22:29:56.174024 - DEBUG : ->>> b'16/5\nmicrophoneToTextzh-cn'
2025-05-26 22:29:56.177015 - DEBUG : ->>> b'16/5\nmicrophoneToTextzh-cn'
2025-05-26 22:29:56.180041 - DEBUG : ->>> b'16/5\nmicrophoneToTextzh-cn'
2025-05-26 22:29:56.182029 - DEBUG : ->>> b'16/5\nmicrophoneToTextzh-cn'
2025-05-26 22:29:56.184025 - DEBUG : ->>> b'16/5\nmicrophoneToTextzh-cn'
2025-05-26 22:29:56.186020 - DEBUG : ->>> b'16/5\nmicrophoneToTextzh-cn'
2025-05-26 22:29:56.188015 - DEBUG : ->>> b'16/5\nmicrophoneToTextzh-cn'
2025-05-26 22:29:56.197023 - DEBUG : ->>> b'16/5\nmicrophoneToTextzh-cn'
2025-05-26 22:29:56.199535 - DEBUG : ->>> b'16/5\nmicrophoneToTextzh-cn'
2025-05-26 22:29:56.202037 - DEBUG : ->>> b'16/5\nmicrophoneToTextzh-cn'
2025-05-26 22:29:56.204032 - DEBUG : ->>> b'16/5\nmicrophoneToTextzh-cn'
2025-05-26 22:29:56.206027 - DEBUG : ->>> b'16/5\nmicrophoneToTextzh-cn'
2025-05-26 22:29:56.210058 - DEBUG : ->>> b'16/5\nmicrophoneToTextzh-cn'
2025-05-26 22:29:56.213041 - DEBUG : ->>> b'16/5\nmicrophoneToTextzh-cn'
2025-05-26 22:29:56.215036 - DEBUG : ->>> b'16/5\nmicrophoneToTextzh-cn'
2025-05-26 22:29:56.218027 - DEBUG : ->>> b'16/5\nmicrophoneToTextzh-cn'
2025-05-26 22:29:56.220196 - DEBUG : ->>> b'16/5\nmicrophoneToTextzh-cn'
2025-05-26 22:29:56.222527 - DEBUG : ->>> b'16/5\nmicrophoneToTextzh-cn'
2025-05-26 22:29:56.230506 - DEBUG : ->>> b'16/5\nmicrophoneToTextzh-cn'
2025-05-26 22:29:56.232500 - DEBUG : ->>> b'16/5\nmicrophoneToTextzh-cn'
2025-05-26 22:29:56.234495 - DEBUG : ->>> b'16/5\nmicrophoneToTextzh-cn'
2025-05-26 22:29:56.237488 - DEBUG : ->>> b'16/5\nmicrophoneToTextzh-cn'
2025-05-26 22:29:56.239483 - DEBUG : ->>> b'16/5\nmicrophoneToTextzh-cn'
2025-05-26 22:29:56.241477 - DEBUG : ->>> b'16/5\nmicrophoneToTextzh-cn'
2025-05-26 22:29:56.243474 - DEBUG : ->>> b'16/5\nmicrophoneToTextzh-cn'
2025-05-26 22:29:56.259432 - DEBUG : ->>> b'16/5\nmicrophoneToTextzh-cn'
2025-05-26 22:29:56.262425 - DEBUG : ->>> b'16/5\nmicrophoneToTextzh-cn'
2025-05-26 22:29:56.264420 - DEBUG : ->>> b'16/5\nmicrophoneToTextzh-cn'
2025-05-26 22:29:56.267412 - DEBUG : ->>> b'16/5\nmicrophoneToTextzh-cn'
2025-05-26 22:29:56.269407 - DEBUG : ->>> b'16/5\nmicrophoneToTextzh-cn'
2025-05-26 22:29:56.271402 - DEBUG : ->>> b'16/5\nmicrophoneToTextzh-cn'
2025-05-26 22:29:56.273396 - DEBUG : ->>> b'16/5\nmicrophoneToTextzh-cn'
2025-05-26 22:29:56.275391 - DEBUG : ->>> b'16/5\nmicrophoneToTextzh-cn'
2025-05-26 22:29:56.277386 - DEBUG : ->>> b'16/5\nmicrophoneToTextzh-cn'
2025-05-26 22:29:56.279380 - DEBUG : ->>> b'16/5\nmicrophoneToTextzh-cn'
2025-05-26 22:29:56.281376 - DEBUG : ->>> b'16/5\nmicrophoneToTextzh-cn'
2025-05-26 22:29:56.283371 - DEBUG : ->>> b'16/5\nmicrophoneToTextzh-cn'
2025-05-26 22:29:56.285365 - DEBUG : ->>> b'16/5\nmicrophoneToTextzh-cn'
2025-05-26 22:29:56.303320 - DEBUG : ->>> b'16/5\nmicrophoneToTextzh-cn'
2025-05-26 22:29:56.305314 - DEBUG : ->>> b'16/5\nmicrophoneToTextzh-cn'
2025-05-26 22:29:56.307312 - DEBUG : ->>> b'16/5\nmicrophoneToTextzh-cn'
2025-05-26 22:29:56.310302 - DEBUG : ->>> b'16/5\nmicrophoneToTextzh-cn'
2025-05-26 22:29:56.312297 - DEBUG : ->>> b'16/5\nmicrophoneToTextzh-cn'
2025-05-26 22:29:56.314291 - DEBUG : ->>> b'16/5\nmicrophoneToTextzh-cn'
2025-05-26 22:29:56.316286 - DEBUG : ->>> b'16/5\nmicrophoneToTextzh-cn'
2025-05-26 22:29:56.318281 - DEBUG : ->>> b'16/5\nmicrophoneToTextzh-cn'
2025-05-26 22:29:56.320276 - DEBUG : ->>> b'16/5\nmicrophoneToTextzh-cn'
2025-05-26 22:29:56.322271 - DEBUG : ->>> b'16/5\nmicrophoneToTextzh-cn'
2025-05-26 22:29:56.328255 - DEBUG : ->>> b'16/5\nmicrophoneToTextzh-cn'
2025-05-26 22:29:56.331248 - DEBUG : ->>> b'16/5\nmicrophoneToTextzh-cn'
2025-05-26 22:29:56.333243 - DEBUG : ->>> b'16/5\nmicrophoneToTextzh-cn'
2025-05-26 22:29:56.335237 - DEBUG : ->>> b'16/5\nmicrophoneToTextzh-cn'
2025-05-26 22:29:56.337234 - DEBUG : ->>> b'16/5\nmicrophoneToTextzh-cn'
2025-05-26 22:29:56.339227 - DEBUG : ->>> b'16/5\nmicrophoneToTextzh-cn'
2025-05-26 22:29:56.341222 - DEBUG : ->>> b'16/5\nmicrophoneToTextzh-cn'
2025-05-26 22:29:56.343217 - DEBUG : ->>> b'16/5\nmicrophoneToTextzh-cn'
2025-05-26 22:29:56.345211 - DEBUG : ->>> b'16/5\nmicrophoneToTextzh-cn'
2025-05-26 22:29:56.347206 - DEBUG : ->>> b'16/5\nmicrophoneToTextzh-cn'
2025-05-26 22:29:56.349202 - DEBUG : ->>> b'16/5\nmicrophoneToTextzh-cn'
2025-05-26 22:29:56.351196 - DEBUG : ->>> b'16/5\nmicrophoneToTextzh-cn'
2025-05-26 22:29:56.353191 - DEBUG : ->>> b'16/5\nmicrophoneToTextzh-cn'
2025-05-26 22:29:56.355186 - DEBUG : ->>> b'16/5\nmicrophoneToTextzh-cn'
2025-05-26 22:29:56.374165 - DEBUG : ->>> b'16/5\nmicrophoneToTextzh-cn'
2025-05-26 22:29:56.377160 - DEBUG : ->>> b'16/5\nmicrophoneToTextzh-cn'
2025-05-26 22:29:56.379152 - DEBUG : ->>> b'16/5\nmicrophoneToTextzh-cn'
2025-05-26 22:29:56.381170 - DEBUG : ->>> b'16/5\nmicrophoneToTextzh-cn'
2025-05-26 22:29:56.383165 - DEBUG : ->>> b'16/5\nmicrophoneToTextzh-cn'
2025-05-26 22:29:56.386157 - DEBUG : ->>> b'16/5\nmicrophoneToTextzh-cn'
2025-05-26 22:29:56.388153 - DEBUG : ->>> b'16/5\nmicrophoneToTextzh-cn'
2025-05-26 22:29:56.390184 - DEBUG : ->>> b'16/5\nmicrophoneToTextzh-cn'
2025-05-26 22:29:56.392170 - DEBUG : ->>> b'16/5\nmicrophoneToTextzh-cn'
2025-05-26 22:29:56.394165 - DEBUG : ->>> b'16/5\nmicrophoneToTextzh-cn'
2025-05-26 22:29:56.414183 - DEBUG : ->>> b'16/5\nmicrophoneToTextzh-cn'
2025-05-26 22:29:56.416179 - DEBUG : ->>> b'16/5\nmicrophoneToTextzh-cn'
2025-05-26 22:29:56.419702 - DEBUG : ->>> b'16/5\nmicrophoneToTextzh-cn'
2025-05-26 22:29:56.422203 - DEBUG : ->>> b'16/5\nmicrophoneToTextzh-cn'
2025-05-26 22:29:56.424199 - DEBUG : ->>> b'16/5\nmicrophoneToTextzh-cn'
2025-05-26 22:29:56.426194 - DEBUG : ->>> b'16/5\nmicrophoneToTextzh-cn'
2025-05-26 22:29:56.428189 - DEBUG : ->>> b'16/5\nmicrophoneToTextzh-cn'
2025-05-26 22:29:56.430184 - DEBUG : ->>> b'16/5\nmicrophoneToTextzh-cn'
2025-05-26 22:29:56.432179 - DEBUG : ->>> b'16/5\nmicrophoneToTextzh-cn'
2025-05-26 22:29:56.442181 - DEBUG : ->>> b'16/5\nmicrophoneToTextzh-cn'
2025-05-26 22:29:56.445173 - DEBUG : ->>> b'16/5\nmicrophoneToTextzh-cn'
2025-05-26 22:29:56.447168 - DEBUG : ->>> b'16/5\nmicrophoneToTextzh-cn'
2025-05-26 22:29:56.449164 - DEBUG : ->>> b'16/5\nmicrophoneToTextzh-cn'
2025-05-26 22:29:56.451189 - DEBUG : ->>> b'16/5\nmicrophoneToTextzh-cn'
2025-05-26 22:29:56.454181 - DEBUG : ->>> b'16/5\nmicrophoneToTextzh-cn'
2025-05-26 22:29:56.456178 - DEBUG : ->>> b'16/5\nmicrophoneToTextzh-cn'
2025-05-26 22:29:56.459168 - DEBUG : ->>> b'16/5\nmicrophoneToTextzh-cn'
2025-05-26 22:29:56.461187 - DEBUG : ->>> b'16/5\nmicrophoneToTextzh-cn'
2025-05-26 22:29:56.463181 - DEBUG : ->>> b'16/5\nmicrophoneToTextzh-cn'
2025-05-26 22:29:56.465176 - DEBUG : ->>> b'16/5\nmicrophoneToTextzh-cn'
2025-05-26 22:29:56.467173 - DEBUG : ->>> b'16/5\nmicrophoneToTextzh-cn'
2025-05-26 22:29:56.469684 - DEBUG : ->>> b'16/5\nmicrophoneToTextzh-cn'
2025-05-26 22:29:56.472188 - DEBUG : ->>> b'16/5\nmicrophoneToTextzh-cn'
2025-05-26 22:29:56.483184 - DEBUG : ->>> b'16/5\nmicrophoneToTextzh-cn'
2025-05-26 22:29:56.486176 - DEBUG : ->>> b'16/5\nmicrophoneToTextzh-cn'
2025-05-26 22:29:56.488171 - DEBUG : ->>> b'16/5\nmicrophoneToTextzh-cn'
2025-05-26 22:29:56.490195 - DEBUG : ->>> b'16/5\nmicrophoneToTextzh-cn'
2025-05-26 22:29:56.492185 - DEBUG : ->>> b'16/5\nmicrophoneToTextzh-cn'
2025-05-26 22:29:56.494178 - DEBUG : ->>> b'16/5\nmicrophoneToTextzh-cn'
2025-05-26 22:29:56.497171 - DEBUG : ->>> b'16/5\nmicrophoneToTextzh-cn'
2025-05-26 22:29:56.499683 - DEBUG : ->>> b'16/5\nmicrophoneToTextzh-cn'
2025-05-26 22:29:56.502184 - DEBUG : ->>> b'16/5\nmicrophoneToTextzh-cn'
2025-05-26 22:29:56.504179 - DEBUG : ->>> b'16/5\nmicrophoneToTextzh-cn'
2025-05-26 22:29:56.506174 - DEBUG : ->>> b'16/5\nmicrophoneToTextzh-cn'
2025-05-26 22:29:56.519680 - DEBUG : ->>> b'16/5\nmicrophoneToTextzh-cn'
2025-05-26 22:29:56.521185 - DEBUG : ->>> b'16/5\nmicrophoneToTextzh-cn'
2025-05-26 22:29:56.524177 - DEBUG : ->>> b'16/5\nmicrophoneToTextzh-cn'
2025-05-26 22:29:56.526172 - DEBUG : ->>> b'16/5\nmicrophoneToTextzh-cn'
2025-05-26 22:29:56.528166 - DEBUG : ->>> b'16/5\nmicrophoneToTextzh-cn'
2025-05-26 22:29:56.530193 - DEBUG : ->>> b'16/5\nmicrophoneToTextzh-cn'
2025-05-26 22:29:56.532180 - DEBUG : ->>> b'16/5\nmicrophoneToTextzh-cn'
2025-05-26 22:29:56.534175 - DEBUG : ->>> b'16/5\nmicrophoneToTextzh-cn'
2025-05-26 22:29:56.536170 - DEBUG : ->>> b'16/5\nmicrophoneToTextzh-cn'
2025-05-26 22:29:56.538166 - DEBUG : ->>> b'16/5\nmicrophoneToTextzh-cn'
2025-05-26 22:29:56.554150 - DEBUG : ->>> b'16/5\nmicrophoneToTextzh-cn'
2025-05-26 22:29:56.557143 - DEBUG : ->>> b'16/5\nmicrophoneToTextzh-cn'
2025-05-26 22:29:56.559141 - DEBUG : ->>> b'16/5\nmicrophoneToTextzh-cn'
2025-05-26 22:29:56.561173 - DEBUG : ->>> b'16/5\nmicrophoneToTextzh-cn'
2025-05-26 22:29:56.563168 - DEBUG : ->>> b'16/5\nmicrophoneToTextzh-cn'
2025-05-26 22:29:56.566160 - DEBUG : ->>> b'16/5\nmicrophoneToTextzh-cn'
2025-05-26 22:29:56.568155 - DEBUG : ->>> b'16/5\nmicrophoneToTextzh-cn'
2025-05-26 22:29:56.570187 - DEBUG : ->>> b'16/5\nmicrophoneToTextzh-cn'
2025-05-26 22:29:56.572173 - DEBUG : ->>> b'16/5\nmicrophoneToTextzh-cn'
2025-05-26 22:29:56.574169 - DEBUG : ->>> b'16/5\nmicrophoneToTextzh-cn'
2025-05-26 22:29:56.613177 - DEBUG : ->>> b'16/5\nmicrophoneToTextzh-cn'
2025-05-26 22:29:56.615173 - DEBUG : ->>> b'16/5\nmicrophoneToTextzh-cn'
2025-05-26 22:29:56.618166 - DEBUG : ->>> b'16/5\nmicrophoneToTextzh-cn'
2025-05-26 22:29:56.620192 - DEBUG : ->>> b'16/5\nmicrophoneToTextzh-cn'
2025-05-26 22:29:56.622180 - DEBUG : ->>> b'16/5\nmicrophoneToTextzh-cn'
2025-05-26 22:29:56.630192 - DEBUG : ->>> b'16/5\nmicrophoneToTextzh-cn'
2025-05-26 22:29:56.632178 - DEBUG : ->>> b'16/5\nmicrophoneToTextzh-cn'
2025-05-26 22:29:56.635171 - DEBUG : ->>> b'16/5\nmicrophoneToTextzh-cn'
2025-05-26 22:29:56.638164 - DEBUG : ->>> b'16/5\nmicrophoneToTextzh-cn'
2025-05-26 22:29:56.640194 - DEBUG : ->>> b'16/5\nmicrophoneToTextzh-cn'
2025-05-26 22:29:56.642180 - DEBUG : ->>> b'16/5\nmicrophoneToTextzh-cn'
2025-05-26 22:29:56.645173 - DEBUG : ->>> b'16/5\nmicrophoneToTextzh-cn'
2025-05-26 22:29:56.647168 - DEBUG : ->>> b'16/5\nmicrophoneToTextzh-cn'
2025-05-26 22:29:56.649162 - DEBUG : ->>> b'16/5\nmicrophoneToTextzh-cn'
2025-05-26 22:29:56.651242 - DEBUG : ->>> b'16/5\nmicrophoneToTextzh-cn'
2025-05-26 22:29:56.671217 - DEBUG : ->>> b'16/5\nmicrophoneToTextzh-cn'
2025-05-26 22:29:56.673212 - DEBUG : ->>> b'16/5\nmicrophoneToTextzh-cn'
2025-05-26 22:29:56.675207 - DEBUG : ->>> b'16/5\nmicrophoneToTextzh-cn'
2025-05-26 22:29:56.678203 - DEBUG : ->>> b'16/5\nmicrophoneToTextzh-cn'
2025-05-26 22:29:56.680228 - DEBUG : ->>> b'16/5\nmicrophoneToTextzh-cn'
2025-05-26 22:29:56.682214 - DEBUG : ->>> b'16/5\nmicrophoneToTextzh-cn'
2025-05-26 22:29:56.684210 - DEBUG : ->>> b'16/5\nmicrophoneToTextzh-cn'
2025-05-26 22:29:56.692217 - DEBUG : ->>> b'16/5\nmicrophoneToTextzh-cn'
2025-05-26 22:29:56.694212 - DEBUG : ->>> b'16/5\nmicrophoneToTextzh-cn'
2025-05-26 22:29:56.696208 - DEBUG : ->>> b'16/5\nmicrophoneToTextzh-cn'
2025-05-26 22:29:56.699200 - DEBUG : ->>> b'16/5\nmicrophoneToTextzh-cn'
2025-05-26 22:29:56.701222 - DEBUG : ->>> b'16/5\nmicrophoneToTextzh-cn'
2025-05-26 22:29:56.703216 - DEBUG : ->>> b'16/5\nmicrophoneToTextzh-cn'
2025-05-26 22:29:56.706208 - DEBUG : ->>> b'16/5\nmicrophoneToTextzh-cn'
2025-05-26 22:29:56.708203 - DEBUG : ->>> b'16/5\nmicrophoneToTextzh-cn'
2025-05-26 22:29:56.710228 - DEBUG : ->>> b'16/5\nmicrophoneToTextzh-cn'
2025-05-26 22:29:56.712216 - DEBUG : ->>> b'16/5\nmicrophoneToTextzh-cn'
2025-05-26 22:29:56.714211 - DEBUG : ->>> b'16/5\nmicrophoneToTextzh-cn'
2025-05-26 22:29:56.716206 - DEBUG : ->>> b'16/5\nmicrophoneToTextzh-cn'
2025-05-26 22:29:56.719198 - DEBUG : ->>> b'16/5\nmicrophoneToTextzh-cn'
2025-05-26 22:29:56.721217 - DEBUG : ->>> b'16/5\nmicrophoneToTextzh-cn'
2025-05-26 22:29:56.737200 - DEBUG : ->>> b'16/5\nmicrophoneToTextzh-cn'
2025-05-26 22:29:56.740226 - DEBUG : ->>> b'16/5\nmicrophoneToTextzh-cn'
2025-05-26 22:29:56.743212 - DEBUG : ->>> b'16/5\nmicrophoneToTextzh-cn'
2025-05-26 22:29:56.745205 - DEBUG : ->>> b'16/5\nmicrophoneToTextzh-cn'
2025-05-26 22:29:56.747200 - DEBUG : ->>> b'16/5\nmicrophoneToTextzh-cn'
2025-05-26 22:29:56.750226 - DEBUG : ->>> b'16/5\nmicrophoneToTextzh-cn'
2025-05-26 22:29:56.752212 - DEBUG : ->>> b'16/5\nmicrophoneToTextzh-cn'
2025-05-26 22:29:56.754207 - DEBUG : ->>> b'16/5\nmicrophoneToTextzh-cn'
2025-05-26 22:29:56.756202 - DEBUG : ->>> b'16/5\nmicrophoneToTextzh-cn'
2025-05-26 22:29:56.758197 - DEBUG : ->>> b'16/5\nmicrophoneToTextzh-cn'
2025-05-26 22:29:56.768199 - DEBUG : ->>> b'16/5\nmicrophoneToTextzh-cn'
2025-05-26 22:29:56.771220 - DEBUG : ->>> b'16/5\nmicrophoneToTextzh-cn'
2025-05-26 22:29:56.773214 - DEBUG : ->>> b'16/5\nmicrophoneToTextzh-cn'
2025-05-26 22:29:56.775210 - DEBUG : ->>> b'16/5\nmicrophoneToTextzh-cn'
2025-05-26 22:29:56.777205 - DEBUG : ->>> b'16/5\nmicrophoneToTextzh-cn'
2025-05-26 22:29:56.782222 - DEBUG : ->>> b'16/5\nmicrophoneToTextzh-cn'
2025-05-26 22:29:56.785215 - DEBUG : ->>> b'16/5\nmicrophoneToTextzh-cn'
2025-05-26 22:29:56.787210 - DEBUG : ->>> b'16/5\nmicrophoneToTextzh-cn'
2025-05-26 22:29:56.789720 - DEBUG : ->>> b'16/5\nmicrophoneToTextzh-cn'
2025-05-26 22:29:56.792222 - DEBUG : ->>> b'16/5\nmicrophoneToTextzh-cn'
2025-05-26 22:29:56.809205 - DEBUG : ->>> b'16/5\nmicrophoneToTextzh-cn'
2025-05-26 22:29:56.811225 - DEBUG : ->>> b'16/5\nmicrophoneToTextzh-cn'
2025-05-26 22:29:56.813219 - DEBUG : ->>> b'16/5\nmicrophoneToTextzh-cn'
2025-05-26 22:29:56.816212 - DEBUG : ->>> b'16/5\nmicrophoneToTextzh-cn'
2025-05-26 22:29:56.818207 - DEBUG : ->>> b'16/5\nmicrophoneToTextzh-cn'
2025-05-26 22:29:56.821233 - DEBUG : ->>> b'16/5\nmicrophoneToTextzh-cn'
2025-05-26 22:29:56.823228 - DEBUG : ->>> b'16/5\nmicrophoneToTextzh-cn'
2025-05-26 22:29:56.825223 - DEBUG : ->>> b'16/5\nmicrophoneToTextzh-cn'
2025-05-26 22:29:56.827217 - DEBUG : ->>> b'16/5\nmicrophoneToTextzh-cn'
2025-05-26 22:29:56.830253 - DEBUG : ->>> b'16/5\nmicrophoneToTextzh-cn'
2025-05-26 22:29:56.832238 - DEBUG : ->>> b'16/5\nmicrophoneToTextzh-cn'
2025-05-26 22:29:56.834233 - DEBUG : ->>> b'16/5\nmicrophoneToTextzh-cn'
2025-05-26 22:29:56.836228 - DEBUG : ->>> b'16/5\nmicrophoneToTextzh-cn'
2025-05-26 22:29:56.839220 - DEBUG : ->>> b'16/5\nmicrophoneToTextzh-cn'
2025-05-26 22:29:56.841242 - DEBUG : ->>> b'16/5\nmicrophoneToTextzh-cn'
2025-05-26 22:29:56.843237 - DEBUG : ->>> b'16/5\nmicrophoneToTextzh-cn'
2025-05-26 22:29:56.845231 - DEBUG : ->>> b'16/5\nmicrophoneToTextzh-cn'
2025-05-26 22:29:56.847226 - DEBUG : ->>> b'16/5\nmicrophoneToTextzh-cn'
2025-05-26 22:29:56.849740 - DEBUG : ->>> b'16/5\nmicrophoneToTextzh-cn'
2025-05-26 22:29:56.852243 - DEBUG : ->>> b'16/5\nmicrophoneToTextzh-cn'
2025-05-26 22:29:56.854238 - DEBUG : ->>> b'16/5\nmicrophoneToTextzh-cn'
2025-05-26 22:29:56.856233 - DEBUG : ->>> b'16/5\nmicrophoneToTextzh-cn'
2025-05-26 22:29:56.858228 - DEBUG : ->>> b'16/5\nmicrophoneToTextzh-cn'
2025-05-26 22:29:56.860259 - DEBUG : ->>> b'16/5\nmicrophoneToTextzh-cn'
2025-05-26 22:29:56.862246 - DEBUG : ->>> b'16/5\nmicrophoneToTextzh-cn'
2025-05-26 22:29:56.864240 - DEBUG : ->>> b'16/5\nmicrophoneToTextzh-cn'
2025-05-26 22:29:56.881260 - DEBUG : ->>> b'16/5\nmicrophoneToTextzh-cn'
2025-05-26 22:29:56.883255 - DEBUG : ->>> b'16/5\nmicrophoneToTextzh-cn'
2025-05-26 22:29:56.885250 - DEBUG : ->>> b'16/5\nmicrophoneToTextzh-cn'
2025-05-26 22:29:56.887247 - DEBUG : ->>> b'16/5\nmicrophoneToTextzh-cn'
2025-05-26 22:29:56.889754 - DEBUG : ->>> b'16/5\nmicrophoneToTextzh-cn'
2025-05-26 22:29:56.891259 - DEBUG : ->>> b'16/5\nmicrophoneToTextzh-cn'
2025-05-26 22:29:56.897244 - DEBUG : ->>> b'16/5\nmicrophoneToTextzh-cn'
2025-05-26 22:29:56.900269 - DEBUG : ->>> b'16/5\nmicrophoneToTextzh-cn'
2025-05-26 22:29:56.902256 - DEBUG : ->>> b'16/5\nmicrophoneToTextzh-cn'
2025-05-26 22:29:56.904251 - DEBUG : ->>> b'16/5\nmicrophoneToTextzh-cn'
2025-05-26 22:29:56.906246 - DEBUG : ->>> b'16/5\nmicrophoneToTextzh-cn'
2025-05-26 22:29:56.908241 - DEBUG : ->>> b'16/5\nmicrophoneToTextzh-cn'
2025-05-26 22:29:56.910272 - DEBUG : ->>> b'16/5\nmicrophoneToTextzh-cn'
2025-05-26 22:29:56.912257 - DEBUG : ->>> b'16/5\nmicrophoneToTextzh-cn'
2025-05-26 22:29:56.914252 - DEBUG : ->>> b'16/5\nmicrophoneToTextzh-cn'
2025-05-26 22:29:56.916247 - DEBUG : ->>> b'16/5\nmicrophoneToTextzh-cn'
2025-05-26 22:29:56.920266 - DEBUG : ->>> b'16/5\nmicrophoneToTextzh-cn'
2025-05-26 22:29:56.922254 - DEBUG : ->>> b'16/5\nmicrophoneToTextzh-cn'
2025-05-26 22:29:56.924251 - DEBUG : ->>> b'16/5\nmicrophoneToTextzh-cn'
2025-05-26 22:29:56.926244 - DEBUG : ->>> b'16/5\nmicrophoneToTextzh-cn'
2025-05-26 22:29:56.928239 - DEBUG : ->>> b'16/5\nmicrophoneToTextzh-cn'
2025-05-26 22:29:56.930267 - DEBUG : ->>> b'16/5\nmicrophoneToTextzh-cn'
2025-05-26 22:29:56.933252 - DEBUG : ->>> b'16/5\nmicrophoneToTextzh-cn'
2025-05-26 22:29:56.934250 - DEBUG : ->>> b'16/5\nmicrophoneToTextzh-cn'
2025-05-26 22:29:56.936245 - DEBUG : ->>> b'16/5\nmicrophoneToTextzh-cn'
2025-05-26 22:29:56.938240 - DEBUG : ->>> b'16/5\nmicrophoneToTextzh-cn'
2025-05-26 22:29:56.940266 - DEBUG : ->>> b'16/5\nmicrophoneToTextzh-cn'
2025-05-26 22:29:56.942254 - DEBUG : ->>> b'16/5\nmicrophoneToTextzh-cn'
2025-05-26 22:29:56.944249 - DEBUG : ->>> b'16/5\nmicrophoneToTextzh-cn'
2025-05-26 22:29:56.946245 - DEBUG : ->>> b'16/5\nmicrophoneToTextzh-cn'
2025-05-26 22:29:56.948239 - DEBUG : ->>> b'16/5\nmicrophoneToTextzh-cn'
2025-05-26 22:29:56.950271 - DEBUG : ->>> b'16/5\nmicrophoneToTextzh-cn'
2025-05-26 22:29:56.952256 - DEBUG : ->>> b'16/5\nmicrophoneToTextzh-cn'
2025-05-26 22:29:56.954250 - DEBUG : ->>> b'16/5\nmicrophoneToTextzh-cn'
2025-05-26 22:29:56.959752 - DEBUG : ->>> b'16/5\nmicrophoneToTextzh-cn'
2025-05-26 22:29:56.962253 - DEBUG : ->>> b'16/5\nmicrophoneToTextzh-cn'
2025-05-26 22:29:56.964248 - DEBUG : ->>> b'16/5\nmicrophoneToTextzh-cn'
2025-05-26 22:29:56.966243 - DEBUG : ->>> b'16/5\nmicrophoneToTextzh-cn'
2025-05-26 22:29:56.968237 - DEBUG : ->>> b'16/5\nmicrophoneToTextzh-cn'
2025-05-26 22:29:56.970261 - DEBUG : ->>> b'16/5\nmicrophoneToTextzh-cn'
2025-05-26 22:29:56.972250 - DEBUG : ->>> b'16/5\nmicrophoneToTextzh-cn'
2025-05-26 22:29:56.974245 - DEBUG : ->>> b'16/5\nmicrophoneToTextzh-cn'
2025-05-26 22:29:56.976239 - DEBUG : ->>> b'16/5\nmicrophoneToTextzh-cn'
2025-05-26 22:29:56.978234 - DEBUG : ->>> b'16/5\nmicrophoneToTextzh-cn'
2025-05-26 22:29:56.994244 - DEBUG : ->>> b'16/5\nmicrophoneToTextzh-cn'
2025-05-26 22:29:56.997237 - DEBUG : ->>> b'16/5\nmicrophoneToTextzh-cn'
2025-05-26 22:29:56.999748 - DEBUG : ->>> b'16/5\nmicrophoneToTextzh-cn'
2025-05-26 22:29:57.001252 - DEBUG : ->>> b'16/5\nmicrophoneToTextzh-cn'
2025-05-26 22:29:57.003247 - DEBUG : ->>> b'16/5\nmicrophoneToTextzh-cn'
2025-05-26 22:29:57.005242 - DEBUG : ->>> b'16/5\nmicrophoneToTextzh-cn'
2025-05-26 22:29:57.007237 - DEBUG : ->>> b'16/5\nmicrophoneToTextzh-cn'
2025-05-26 22:29:57.010260 - DEBUG : ->>> b'16/5\nmicrophoneToTextzh-cn'
2025-05-26 22:29:57.012249 - DEBUG : ->>> b'16/5\nmicrophoneToTextzh-cn'
2025-05-26 22:29:57.014244 - DEBUG : ->>> b'16/5\nmicrophoneToTextzh-cn'
2025-05-26 22:29:57.017236 - DEBUG : ->>> b'16/5\nmicrophoneToTextzh-cn'
2025-05-26 22:29:57.019746 - DEBUG : ->>> b'16/5\nmicrophoneToTextzh-cn'
2025-05-26 22:29:57.021250 - DEBUG : ->>> b'16/5\nmicrophoneToTextzh-cn'
2025-05-26 22:29:57.023246 - DEBUG : ->>> b'16/5\nmicrophoneToTextzh-cn'
2025-05-26 22:29:57.025241 - DEBUG : ->>> b'16/5\nmicrophoneToTextzh-cn'
2025-05-26 22:29:57.028233 - DEBUG : ->>> b'16/5\nmicrophoneToTextzh-cn'
2025-05-26 22:29:57.030262 - DEBUG : ->>> b'16/5\nmicrophoneToTextzh-cn'
2025-05-26 22:29:57.032251 - DEBUG : ->>> b'16/5\nmicrophoneToTextzh-cn'
2025-05-26 22:29:57.034246 - DEBUG : ->>> b'16/5\nmicrophoneToTextzh-cn'
2025-05-26 22:29:57.036241 - DEBUG : ->>> b'16/5\nmicrophoneToTextzh-cn'
2025-05-26 22:29:57.039234 - DEBUG : ->>> b'16/5\nmicrophoneToTextzh-cn'
2025-05-26 22:29:57.041259 - DEBUG : ->>> b'16/5\nmicrophoneToTextzh-cn'
2025-05-26 22:29:57.043254 - DEBUG : ->>> b'16/5\nmicrophoneToTextzh-cn'
2025-05-26 22:29:57.046248 - DEBUG : ->>> b'16/5\nmicrophoneToTextzh-cn'
2025-05-26 22:29:57.048240 - DEBUG : ->>> b'16/5\nmicrophoneToTextzh-cn'
2025-05-26 22:29:57.050271 - DEBUG : ->>> b'16/5\nmicrophoneToTextzh-cn'
2025-05-26 22:29:57.053256 - DEBUG : ->>> b'16/5\nmicrophoneToTextzh-cn'
2025-05-26 22:29:57.055251 - DEBUG : ->>> b'16/5\nmicrophoneToTextzh-cn'
2025-05-26 22:29:57.058243 - DEBUG : ->>> b'16/5\nmicrophoneToTextzh-cn'
2025-05-26 22:29:57.060269 - DEBUG : ->>> b'16/5\nmicrophoneToTextzh-cn'
2025-05-26 22:29:57.062256 - DEBUG : ->>> b'16/5\nmicrophoneToTextzh-cn'
2025-05-26 22:29:57.064252 - DEBUG : ->>> b'16/5\nmicrophoneToTextzh-cn'
2025-05-26 22:29:57.066247 - DEBUG : ->>> b'16/5\nmicrophoneToTextzh-cn'
2025-05-26 22:29:57.069239 - DEBUG : ->>> b'16/5\nmicrophoneToTextzh-cn'
2025-05-26 22:29:57.071260 - DEBUG : ->>> b'16/5\nmicrophoneToTextzh-cn'
2025-05-26 22:29:57.074252 - DEBUG : ->>> b'16/5\nmicrophoneToTextzh-cn'
2025-05-26 22:29:57.076247 - DEBUG : ->>> b'16/5\nmicrophoneToTextzh-cn'
2025-05-26 22:29:57.079239 - DEBUG : ->>> b'16/5\nmicrophoneToTextzh-cn'
2025-05-26 22:29:57.081265 - DEBUG : ->>> b'16/5\nmicrophoneToTextzh-cn'
2025-05-26 22:29:57.083259 - DEBUG : ->>> b'16/5\nmicrophoneToTextzh-cn'
2025-05-26 22:29:57.085254 - DEBUG : ->>> b'16/5\nmicrophoneToTextzh-cn'
2025-05-26 22:29:57.087250 - DEBUG : ->>> b'16/5\nmicrophoneToTextzh-cn'
2025-05-26 22:29:57.090265 - DEBUG : ->>> b'16/5\nmicrophoneToTextzh-cn'
2025-05-26 22:29:57.092264 - DEBUG : ->>> b'16/5\nmicrophoneToTextzh-cn'
2025-05-26 22:29:57.094258 - DEBUG : ->>> b'16/5\nmicrophoneToTextzh-cn'
2025-05-26 22:29:57.096254 - DEBUG : ->>> b'16/5\nmicrophoneToTextzh-cn'
2025-05-26 22:29:57.098248 - DEBUG : ->>> b'16/5\nmicrophoneToTextzh-cn'
2025-05-26 22:29:57.100273 - DEBUG : ->>> b'16/5\nmicrophoneToTextzh-cn'
2025-05-26 22:29:57.103258 - DEBUG : ->>> b'16/5\nmicrophoneToTextzh-cn'
2025-05-26 22:29:57.107248 - DEBUG : ->>> b'16/5\nmicrophoneToTextzh-cn'
2025-05-26 22:29:57.109243 - DEBUG : ->>> b'16/5\nmicrophoneToTextzh-cn'
2025-05-26 22:29:57.112264 - DEBUG : ->>> b'16/5\nmicrophoneToTextzh-cn'
2025-05-26 22:29:57.114259 - DEBUG : ->>> b'16/5\nmicrophoneToTextzh-cn'
2025-05-26 22:29:57.116254 - DEBUG : ->>> b'16/5\nmicrophoneToTextzh-cn'
2025-05-26 22:29:57.118248 - DEBUG : ->>> b'16/5\nmicrophoneToTextzh-cn'
2025-05-26 22:29:57.120273 - DEBUG : ->>> b'16/5\nmicrophoneToTextzh-cn'
2025-05-26 22:29:57.122262 - DEBUG : ->>> b'16/5\nmicrophoneToTextzh-cn'
2025-05-26 22:29:57.124257 - DEBUG : ->>> b'16/5\nmicrophoneToTextzh-cn'
2025-05-26 22:29:57.133262 - DEBUG : ->>> b'16/5\nmicrophoneToTextzh-cn'
2025-05-26 22:29:57.135257 - DEBUG : ->>> b'16/5\nmicrophoneToTextzh-cn'
2025-05-26 22:29:57.137252 - DEBUG : ->>> b'16/5\nmicrophoneToTextzh-cn'
2025-05-26 22:29:57.139763 - DEBUG : ->>> b'16/5\nmicrophoneToTextzh-cn'
2025-05-26 22:29:57.141268 - DEBUG : ->>> b'16/5\nmicrophoneToTextzh-cn'
2025-05-26 22:29:57.143263 - DEBUG : ->>> b'16/5\nmicrophoneToTextzh-cn'
2025-05-26 22:29:57.145258 - DEBUG : ->>> b'16/5\nmicrophoneToTextzh-cn'
2025-05-26 22:29:57.148253 - DEBUG : ->>> b'16/5\nmicrophoneToTextzh-cn'
2025-05-26 22:29:57.150270 - DEBUG : ->>> b'16/5\nmicrophoneToTextzh-cn'
2025-05-26 22:29:57.152261 - DEBUG : ->>> b'16/5\nmicrophoneToTextzh-cn'
2025-05-26 22:29:57.154256 - DEBUG : ->>> b'16/5\nmicrophoneToTextzh-cn'
2025-05-26 22:29:57.156251 - DEBUG : ->>> b'16/5\nmicrophoneToTextzh-cn'
2025-05-26 22:29:57.158247 - DEBUG : ->>> b'16/5\nmicrophoneToTextzh-cn'
2025-05-26 22:29:57.160297 - DEBUG : ->>> b'16/5\nmicrophoneToTextzh-cn'
2025-05-26 22:29:57.162263 - DEBUG : ->>> b'16/5\nmicrophoneToTextzh-cn'
2025-05-26 22:29:57.164258 - DEBUG : ->>> b'16/5\nmicrophoneToTextzh-cn'
2025-05-26 22:29:57.166253 - DEBUG : ->>> b'16/5\nmicrophoneToTextzh-cn'
2025-05-26 22:29:57.169245 - DEBUG : ->>> b'16/5\nmicrophoneToTextzh-cn'
2025-05-26 22:29:57.170273 - DEBUG : ->>> b'16/5\nmicrophoneToTextzh-cn'
2025-05-26 22:29:57.172263 - DEBUG : ->>> b'16/5\nmicrophoneToTextzh-cn'
2025-05-26 22:29:57.175255 - DEBUG : ->>> b'16/5\nmicrophoneToTextzh-cn'
2025-05-26 22:29:57.177250 - DEBUG : ->>> b'16/5\nmicrophoneToTextzh-cn'
2025-05-26 22:29:57.179749 - DEBUG : ->>> b'16/5\nmicrophoneToTextzh-cn'
2025-05-26 22:29:57.181262 - DEBUG : ->>> b'16/5\nmicrophoneToTextzh-cn'
2025-05-26 22:29:57.183257 - DEBUG : ->>> b'16/5\nmicrophoneToTextzh-cn'
2025-05-26 22:29:57.185252 - DEBUG : ->>> b'16/5\nmicrophoneToTextzh-cn'
2025-05-26 22:29:57.187246 - DEBUG : ->>> b'16/5\nmicrophoneToTextzh-cn'
2025-05-26 22:29:57.189241 - DEBUG : ->>> b'16/5\nmicrophoneToTextzh-cn'
2025-05-26 22:29:57.191257 - DEBUG : ->>> b'16/5\nmicrophoneToTextzh-cn'
2025-05-26 22:29:57.193253 - DEBUG : ->>> b'16/5\nmicrophoneToTextzh-cn'
2025-05-26 22:29:57.195248 - DEBUG : ->>> b'16/5\nmicrophoneToTextzh-cn'
2025-05-26 22:29:57.197243 - DEBUG : ->>> b'16/5\nmicrophoneToTextzh-cn'
2025-05-26 22:29:57.199238 - DEBUG : ->>> b'16/5\nmicrophoneToTextzh-cn'
2025-05-26 22:29:57.201258 - DEBUG : ->>> b'16/5\nmicrophoneToTextzh-cn'
2025-05-26 22:29:57.203253 - DEBUG : ->>> b'16/5\nmicrophoneToTextzh-cn'
2025-05-26 22:29:57.205247 - DEBUG : ->>> b'16/5\nmicrophoneToTextzh-cn'
2025-05-26 22:29:57.207242 - DEBUG : ->>> b'16/5\nmicrophoneToTextzh-cn'
2025-05-26 22:29:57.209237 - DEBUG : ->>> b'16/5\nmicrophoneToTextzh-cn'
2025-05-26 22:29:57.211259 - DEBUG : ->>> b'16/5\nmicrophoneToTextzh-cn'
2025-05-26 22:29:57.213254 - DEBUG : ->>> b'16/5\nmicrophoneToTextzh-cn'
2025-05-26 22:29:57.215249 - DEBUG : ->>> b'16/5\nmicrophoneToTextzh-cn'
2025-05-26 22:29:57.217244 - DEBUG : ->>> b'16/5\nmicrophoneToTextzh-cn'
2025-05-26 22:29:57.219239 - DEBUG : ->>> b'16/5\nmicrophoneToTextzh-cn'
2025-05-26 22:29:57.221263 - DEBUG : ->>> b'16/5\nmicrophoneToTextzh-cn'
2025-05-26 22:29:57.223258 - DEBUG : ->>> b'16/5\nmicrophoneToTextzh-cn'
2025-05-26 22:29:57.226251 - DEBUG : ->>> b'16/5\nmicrophoneToTextzh-cn'
2025-05-26 22:29:57.228246 - DEBUG : ->>> b'16/5\nmicrophoneToTextzh-cn'
2025-05-26 22:29:57.230276 - DEBUG : ->>> b'16/5\nmicrophoneToTextzh-cn'
2025-05-26 22:29:57.232263 - DEBUG : ->>> b'16/5\nmicrophoneToTextzh-cn'
2025-05-26 22:29:57.234258 - DEBUG : ->>> b'16/5\nmicrophoneToTextzh-cn'
2025-05-26 22:29:57.236252 - DEBUG : ->>> b'16/5\nmicrophoneToTextzh-cn'
2025-05-26 22:29:57.238248 - DEBUG : ->>> b'16/5\nmicrophoneToTextzh-cn'
2025-05-26 22:29:57.240301 - DEBUG : ->>> b'16/5\nmicrophoneToTextzh-cn'
2025-05-26 22:29:57.258274 - DEBUG : ->>> b'16/5\nmicrophoneToTextzh-cn'
2025-05-26 22:29:57.261296 - DEBUG : ->>> b'16/5\nmicrophoneToTextzh-cn'
2025-05-26 22:29:57.263291 - DEBUG : ->>> b'16/5\nmicrophoneToTextzh-cn'
2025-05-26 22:29:57.265285 - DEBUG : ->>> b'16/5\nmicrophoneToTextzh-cn'
2025-05-26 22:29:57.267281 - DEBUG : ->>> b'16/5\nmicrophoneToTextzh-cn'
2025-05-26 22:29:57.271299 - DEBUG : ->>> b'16/5\nmicrophoneToTextzh-cn'
2025-05-26 22:29:57.273294 - DEBUG : ->>> b'16/5\nmicrophoneToTextzh-cn'
2025-05-26 22:29:57.275289 - DEBUG : ->>> b'16/5\nmicrophoneToTextzh-cn'
2025-05-26 22:29:57.278284 - DEBUG : ->>> b'16/5\nmicrophoneToTextzh-cn'
2025-05-26 22:29:57.280317 - DEBUG : ->>> b'16/5\nmicrophoneToTextzh-cn'
2025-05-26 22:29:57.283298 - DEBUG : ->>> b'16/5\nmicrophoneToTextzh-cn'
2025-05-26 22:29:57.285292 - DEBUG : ->>> b'16/5\nmicrophoneToTextzh-cn'
2025-05-26 22:29:57.287287 - DEBUG : ->>> b'16/5\nmicrophoneToTextzh-cn'
2025-05-26 22:29:57.308288 - DEBUG : ->>> b'16/5\nmicrophoneToTextzh-cn'
2025-05-26 22:29:57.310318 - DEBUG : ->>> b'16/5\nmicrophoneToTextzh-cn'
2025-05-26 22:29:57.312304 - DEBUG : ->>> b'16/5\nmicrophoneToTextzh-cn'
2025-05-26 22:29:57.315297 - DEBUG : ->>> b'16/5\nmicrophoneToTextzh-cn'
2025-05-26 22:29:57.317291 - DEBUG : ->>> b'16/5\nmicrophoneToTextzh-cn'
2025-05-26 22:29:57.319803 - DEBUG : ->>> b'16/5\nmicrophoneToTextzh-cn'
2025-05-26 22:29:57.321309 - DEBUG : ->>> b'16/5\nmicrophoneToTextzh-cn'
2025-05-26 22:29:57.323303 - DEBUG : ->>> b'16/5\nmicrophoneToTextzh-cn'
2025-05-26 22:29:57.325298 - DEBUG : ->>> b'16/5\nmicrophoneToTextzh-cn'
2025-05-26 22:29:57.327293 - DEBUG : ->>> b'16/5\nmicrophoneToTextzh-cn'
2025-05-26 22:29:57.330320 - DEBUG : ->>> b'16/5\nmicrophoneToTextzh-cn'
2025-05-26 22:29:57.332307 - DEBUG : ->>> b'16/5\nmicrophoneToTextzh-cn'
2025-05-26 22:29:57.334651 - DEBUG : ->>> b'16/5\nmicrophoneToTextzh-cn'
2025-05-26 22:29:57.336296 - DEBUG : ->>> b'16/5\nmicrophoneToTextzh-cn'
2025-05-26 22:29:57.338291 - DEBUG : ->>> b'16/5\nmicrophoneToTextzh-cn'
2025-05-26 22:29:57.340287 - DEBUG : ->>> b'16/5\nmicrophoneToTextzh-cn'
2025-05-26 22:29:57.347274 - DEBUG : ->>> b'16/5\nmicrophoneToTextzh-cn'
2025-05-26 22:29:57.349264 - DEBUG : ->>> b'16/5\nmicrophoneToTextzh-cn'
2025-05-26 22:29:57.351306 - DEBUG : ->>> b'16/5\nmicrophoneToTextzh-cn'
2025-05-26 22:29:57.353299 - DEBUG : ->>> b'16/5\nmicrophoneToTextzh-cn'
2025-05-26 22:29:57.355294 - DEBUG : ->>> b'16/5\nmicrophoneToTextzh-cn'
2025-05-26 22:29:57.357289 - DEBUG : ->>> b'16/5\nmicrophoneToTextzh-cn'
2025-05-26 22:29:57.359799 - DEBUG : ->>> b'16/5\nmicrophoneToTextzh-cn'
2025-05-26 22:29:57.361304 - DEBUG : ->>> b'16/5\nmicrophoneToTextzh-cn'
2025-05-26 22:29:57.363299 - DEBUG : ->>> b'16/5\nmicrophoneToTextzh-cn'
2025-05-26 22:29:57.365294 - DEBUG : ->>> b'16/5\nmicrophoneToTextzh-cn'
2025-05-26 22:29:57.383298 - DEBUG : ->>> b'16/5\nmicrophoneToTextzh-cn'
2025-05-26 22:29:57.385293 - DEBUG : ->>> b'16/5\nmicrophoneToTextzh-cn'
2025-05-26 22:29:57.388286 - DEBUG : ->>> b'16/5\nmicrophoneToTextzh-cn'
2025-05-26 22:29:57.390306 - DEBUG : ->>> b'16/5\nmicrophoneToTextzh-cn'
2025-05-26 22:29:57.392297 - DEBUG : ->>> b'16/5\nmicrophoneToTextzh-cn'
2025-05-26 22:29:57.394292 - DEBUG : ->>> b'16/5\nmicrophoneToTextzh-cn'
2025-05-26 22:29:57.396287 - DEBUG : ->>> b'16/5\nmicrophoneToTextzh-cn'
2025-05-26 22:29:57.398282 - DEBUG : ->>> b'16/5\nmicrophoneToTextzh-cn'
2025-05-26 22:29:57.400313 - DEBUG : ->>> b'16/5\nmicrophoneToTextzh-cn'
2025-05-26 22:29:57.402300 - DEBUG : ->>> b'16/5\nmicrophoneToTextzh-cn'
2025-05-26 22:29:57.419799 - DEBUG : ->>> b'16/5\nmicrophoneToTextzh-cn'
2025-05-26 22:29:57.422301 - DEBUG : ->>> b'16/5\nmicrophoneToTextzh-cn'
2025-05-26 22:29:57.424296 - DEBUG : ->>> b'16/5\nmicrophoneToTextzh-cn'
2025-05-26 22:29:57.426291 - DEBUG : ->>> b'16/5\nmicrophoneToTextzh-cn'
2025-05-26 22:29:57.427289 - DEBUG : ->>> b'16/5\nmicrophoneToTextzh-cn'
2025-05-26 22:29:57.429804 - DEBUG : ->>> b'16/5\nmicrophoneToTextzh-cn'
2025-05-26 22:29:57.431309 - DEBUG : ->>> b'16/5\nmicrophoneToTextzh-cn'
2025-05-26 22:29:57.434301 - DEBUG : ->>> b'16/5\nmicrophoneToTextzh-cn'
2025-05-26 22:29:57.436296 - DEBUG : ->>> b'16/5\nmicrophoneToTextzh-cn'
2025-05-26 22:29:57.438291 - DEBUG : ->>> b'16/5\nmicrophoneToTextzh-cn'
2025-05-26 22:29:57.440325 - DEBUG : ->>> b'16/5\nmicrophoneToTextzh-cn'
2025-05-26 22:29:57.443306 - DEBUG : ->>> b'16/5\nmicrophoneToTextzh-cn'
2025-05-26 22:29:57.445300 - DEBUG : ->>> b'16/5\nmicrophoneToTextzh-cn'
2025-05-26 22:29:57.447295 - DEBUG : ->>> b'16/5\nmicrophoneToTextzh-cn'
2025-05-26 22:29:57.450329 - DEBUG : ->>> b'16/5\nmicrophoneToTextzh-cn'
2025-05-26 22:29:57.453310 - DEBUG : ->>> b'16/5\nmicrophoneToTextzh-cn'
2025-05-26 22:29:57.455305 - DEBUG : ->>> b'16/5\nmicrophoneToTextzh-cn'
2025-05-26 22:29:57.457299 - DEBUG : ->>> b'16/5\nmicrophoneToTextzh-cn'
2025-05-26 22:29:57.460339 - DEBUG : ->>> b'16/5\nmicrophoneToTextzh-cn'
2025-05-26 22:29:57.462320 - DEBUG : ->>> b'16/5\nmicrophoneToTextzh-cn'
2025-05-26 22:29:57.465313 - DEBUG : ->>> b'16/5\nmicrophoneToTextzh-cn'
2025-05-26 22:29:57.467308 - DEBUG : ->>> b'16/5\nmicrophoneToTextzh-cn'
2025-05-26 22:29:57.469822 - DEBUG : ->>> b'16/5\nmicrophoneToTextzh-cn'
2025-05-26 22:29:57.471327 - DEBUG : ->>> b'16/5\nmicrophoneToTextzh-cn'
2025-05-26 22:29:57.474319 - DEBUG : ->>> b'16/5\nmicrophoneToTextzh-cn'
2025-05-26 22:29:57.477311 - DEBUG : ->>> b'16/5\nmicrophoneToTextzh-cn'
2025-05-26 22:29:57.479826 - DEBUG : ->>> b'16/5\nmicrophoneToTextzh-cn'
2025-05-26 22:29:57.481332 - DEBUG : ->>> b'16/5\nmicrophoneToTextzh-cn'
2025-05-26 22:29:57.484323 - DEBUG : ->>> b'16/5\nmicrophoneToTextzh-cn'
2025-05-26 22:29:57.486320 - DEBUG : ->>> b'16/5\nmicrophoneToTextzh-cn'
2025-05-26 22:29:57.488314 - DEBUG : ->>> b'16/5\nmicrophoneToTextzh-cn'
2025-05-26 22:29:57.490393 - DEBUG : ->>> b'16/5\nmicrophoneToTextzh-cn'
2025-05-26 22:29:57.493376 - DEBUG : ->>> b'16/5\nmicrophoneToTextzh-cn'
2025-05-26 22:29:57.496368 - DEBUG : ->>> b'16/5\nmicrophoneToTextzh-cn'
2025-05-26 22:29:57.499360 - DEBUG : ->>> b'16/5\nmicrophoneToTextzh-cn'
2025-05-26 22:29:57.501355 - DEBUG : ->>> b'16/5\nmicrophoneToTextzh-cn'
2025-05-26 22:29:57.503349 - DEBUG : ->>> b'16/5\nmicrophoneToTextzh-cn'
2025-05-26 22:29:57.508337 - DEBUG : ->>> b'16/5\nmicrophoneToTextzh-cn'
2025-05-26 22:29:57.514352 - DEBUG : ->>> b'16/5\nmicrophoneToTextzh-cn'
2025-05-26 22:29:57.516346 - DEBUG : ->>> b'16/5\nmicrophoneToTextzh-cn'
2025-05-26 22:29:57.518341 - DEBUG : ->>> b'16/5\nmicrophoneToTextzh-cn'
2025-05-26 22:29:57.521366 - DEBUG : ->>> b'16/5\nmicrophoneToTextzh-cn'
2025-05-26 22:29:57.523360 - DEBUG : ->>> b'16/5\nmicrophoneToTextzh-cn'
2025-05-26 22:29:57.525356 - DEBUG : ->>> b'16/5\nmicrophoneToTextzh-cn'
2025-05-26 22:29:57.527350 - DEBUG : ->>> b'16/5\nmicrophoneToTextzh-cn'
2025-05-26 22:29:57.530343 - DEBUG : ->>> b'16/5\nmicrophoneToTextzh-cn'
2025-05-26 22:29:57.532337 - DEBUG : ->>> b'16/5\nmicrophoneToTextzh-cn'
2025-05-26 22:29:57.534332 - DEBUG : ->>> b'16/5\nmicrophoneToTextzh-cn'
2025-05-26 22:29:57.536327 - DEBUG : ->>> b'16/5\nmicrophoneToTextzh-cn'
2025-05-26 22:29:57.538323 - DEBUG : ->>> b'16/5\nmicrophoneToTextzh-cn'
2025-05-26 22:29:57.541340 - DEBUG : ->>> b'16/5\nmicrophoneToTextzh-cn'
2025-05-26 22:29:57.543334 - DEBUG : ->>> b'16/5\nmicrophoneToTextzh-cn'
2025-05-26 22:29:57.546327 - DEBUG : ->>> b'16/5\nmicrophoneToTextzh-cn'
2025-05-26 22:29:57.548322 - DEBUG : ->>> b'16/5\nmicrophoneToTextzh-cn'
2025-05-26 22:29:57.550353 - DEBUG : ->>> b'16/5\nmicrophoneToTextzh-cn'
2025-05-26 22:29:57.552341 - DEBUG : ->>> b'16/5\nmicrophoneToTextzh-cn'
2025-05-26 22:29:57.554336 - DEBUG : ->>> b'16/5\nmicrophoneToTextzh-cn'
2025-05-26 22:29:57.557328 - DEBUG : ->>> b'16/5\nmicrophoneToTextzh-cn'
2025-05-26 22:29:57.559323 - DEBUG : ->>> b'16/5\nmicrophoneToTextzh-cn'
2025-05-26 22:29:57.561343 - DEBUG : ->>> b'16/5\nmicrophoneToTextzh-cn'
2025-05-26 22:29:57.564335 - DEBUG : ->>> b'16/5\nmicrophoneToTextzh-cn'
2025-05-26 22:29:57.566329 - DEBUG : ->>> b'16/5\nmicrophoneToTextzh-cn'
2025-05-26 22:29:57.569321 - DEBUG : ->>> b'16/5\nmicrophoneToTextzh-cn'
2025-05-26 22:29:57.571344 - DEBUG : ->>> b'16/5\nmicrophoneToTextzh-cn'
2025-05-26 22:29:57.574336 - DEBUG : ->>> b'16/5\nmicrophoneToTextzh-cn'
2025-05-26 22:29:57.576331 - DEBUG : ->>> b'16/5\nmicrophoneToTextzh-cn'
2025-05-26 22:29:57.578326 - DEBUG : ->>> b'16/5\nmicrophoneToTextzh-cn'
2025-05-26 22:29:57.598327 - DEBUG : ->>> b'16/5\nmicrophoneToTextzh-cn'
2025-05-26 22:29:57.601345 - DEBUG : ->>> b'16/5\nmicrophoneToTextzh-cn'
2025-05-26 22:29:57.603340 - DEBUG : ->>> b'16/5\nmicrophoneToTextzh-cn'
2025-05-26 22:29:57.635339 - DEBUG : ->>> b'16/5\nmicrophoneToTextzh-cn'
2025-05-26 22:29:57.638331 - DEBUG : ->>> b'16/5\nmicrophoneToTextzh-cn'
2025-05-26 22:29:57.640360 - DEBUG : ->>> b'16/5\nmicrophoneToTextzh-cn'
2025-05-26 22:29:57.642346 - DEBUG : ->>> b'16/5\nmicrophoneToTextzh-cn'
2025-05-26 22:29:57.644341 - DEBUG : ->>> b'16/5\nmicrophoneToTextzh-cn'
2025-05-26 22:29:57.646335 - DEBUG : ->>> b'16/5\nmicrophoneToTextzh-cn'
2025-05-26 22:29:57.648331 - DEBUG : ->>> b'16/5\nmicrophoneToTextzh-cn'
2025-05-26 22:29:57.650359 - DEBUG : ->>> b'16/5\nmicrophoneToTextzh-cn'
2025-05-26 22:29:57.653345 - DEBUG : ->>> b'16/5\nmicrophoneToTextzh-cn'
2025-05-26 22:29:57.655341 - DEBUG : ->>> b'16/5\nmicrophoneToTextzh-cn'
2025-05-26 22:29:57.657336 - DEBUG : ->>> b'16/5\nmicrophoneToTextzh-cn'
2025-05-26 22:29:57.659331 - DEBUG : ->>> b'16/5\nmicrophoneToTextzh-cn'
2025-05-26 22:29:57.661352 - DEBUG : ->>> b'16/5\nmicrophoneToTextzh-cn'
2025-05-26 22:29:57.663346 - DEBUG : ->>> b'16/5\nmicrophoneToTextzh-cn'
2025-05-26 22:29:57.666339 - DEBUG : ->>> b'16/5\nmicrophoneToTextzh-cn'
2025-05-26 22:29:57.669334 - DEBUG : ->>> b'16/5\nmicrophoneToTextzh-cn'
2025-05-26 22:29:57.671355 - DEBUG : ->>> b'16/5\nmicrophoneToTextzh-cn'
2025-05-26 22:29:57.673350 - DEBUG : ->>> b'16/5\nmicrophoneToTextzh-cn'
2025-05-26 22:29:57.675346 - DEBUG : ->>> b'16/5\nmicrophoneToTextzh-cn'
2025-05-26 22:29:57.677340 - DEBUG : ->>> b'16/5\nmicrophoneToTextzh-cn'
2025-05-26 22:29:57.686317 - DEBUG : ->>> b'16/5\nmicrophoneToTextzh-cn'
2025-05-26 22:29:57.689823 - DEBUG : ->>> b'16/5\nmicrophoneToTextzh-cn'
2025-05-26 22:29:57.693322 - DEBUG : ->>> b'16/5\nmicrophoneToTextzh-cn'
2025-05-26 22:29:57.695317 - DEBUG : ->>> b'16/5\nmicrophoneToTextzh-cn'
2025-05-26 22:29:57.697312 - DEBUG : ->>> b'16/5\nmicrophoneToTextzh-cn'
2025-05-26 22:29:57.702328 - DEBUG : ->>> b'16/5\nmicrophoneToTextzh-cn'
2025-05-26 22:29:57.704323 - DEBUG : ->>> b'16/5\nmicrophoneToTextzh-cn'
2025-05-26 22:29:57.707316 - DEBUG : ->>> b'16/5\nmicrophoneToTextzh-cn'
2025-05-26 22:29:57.709310 - DEBUG : ->>> b'16/5\nmicrophoneToTextzh-cn'
2025-05-26 22:29:57.711328 - DEBUG : ->>> b'16/5\nmicrophoneToTextzh-cn'
2025-05-26 22:29:57.744317 - DEBUG : ->>> b'16/5\nmicrophoneToTextzh-cn'
2025-05-26 22:29:57.746311 - DEBUG : ->>> b'16/5\nmicrophoneToTextzh-cn'
2025-05-26 22:29:57.749822 - DEBUG : ->>> b'16/5\nmicrophoneToTextzh-cn'
2025-05-26 22:29:57.752323 - DEBUG : ->>> b'16/5\nmicrophoneToTextzh-cn'
2025-05-26 22:29:57.755316 - DEBUG : ->>> b'16/5\nmicrophoneToTextzh-cn'
2025-05-26 22:29:57.758308 - DEBUG : ->>> b'16/5\nmicrophoneToTextzh-cn'
2025-05-26 22:29:57.760340 - DEBUG : ->>> b'16/5\nmicrophoneToTextzh-cn'
2025-05-26 22:29:57.765317 - DEBUG : ->>> b'16/5\nmicrophoneToTextzh-cn'
2025-05-26 22:29:57.767311 - DEBUG : ->>> b'16/5\nmicrophoneToTextzh-cn'
2025-05-26 22:29:57.771326 - DEBUG : ->>> b'16/5\nmicrophoneToTextzh-cn'
2025-05-26 22:29:57.773320 - DEBUG : ->>> b'16/5\nmicrophoneToTextzh-cn'
2025-05-26 22:29:57.775316 - DEBUG : ->>> b'16/5\nmicrophoneToTextzh-cn'
2025-05-26 22:29:57.780337 - DEBUG : ->>> b'16/5\nmicrophoneToTextzh-cn'
2025-05-26 22:29:57.782325 - DEBUG : ->>> b'16/5\nmicrophoneToTextzh-cn'
2025-05-26 22:29:57.793326 - DEBUG : ->>> b'16/5\nmicrophoneToTextzh-cn'
2025-05-26 22:29:57.795321 - DEBUG : ->>> b'16/5\nmicrophoneToTextzh-cn'
2025-05-26 22:29:57.798314 - DEBUG : ->>> b'16/5\nmicrophoneToTextzh-cn'
2025-05-26 22:29:57.800338 - DEBUG : ->>> b'16/5\nmicrophoneToTextzh-cn'
2025-05-26 22:29:57.804321 - DEBUG : ->>> b'16/5\nmicrophoneToTextzh-cn'
2025-05-26 22:29:57.806316 - DEBUG : ->>> b'16/5\nmicrophoneToTextzh-cn'
2025-05-26 22:29:57.808311 - DEBUG : ->>> b'16/5\nmicrophoneToTextzh-cn'
2025-05-26 22:29:57.811330 - DEBUG : ->>> b'16/5\nmicrophoneToTextzh-cn'
2025-05-26 22:29:57.813324 - DEBUG : ->>> b'16/5\nmicrophoneToTextzh-cn'
2025-05-26 22:29:57.817313 - DEBUG : ->>> b'16/5\nmicrophoneToTextzh-cn'
2025-05-26 22:29:57.819825 - DEBUG : ->>> b'16/5\nmicrophoneToTextzh-cn'
2025-05-26 22:29:57.821329 - DEBUG : ->>> b'16/5\nmicrophoneToTextzh-cn'
2025-05-26 22:29:57.824323 - DEBUG : ->>> b'16/5\nmicrophoneToTextzh-cn'
2025-05-26 22:29:57.836329 - DEBUG : ->>> b'16/5\nmicrophoneToTextzh-cn'
2025-05-26 22:29:57.853336 - DEBUG : ->>> b'16/5\nmicrophoneToTextzh-cn'
2025-05-26 22:29:57.857327 - DEBUG : ->>> b'16/5\nmicrophoneToTextzh-cn'
2025-05-26 22:29:57.861350 - DEBUG : ->>> b'16/5\nmicrophoneToTextzh-cn'
2025-05-26 22:29:57.863345 - DEBUG : ->>> b'16/5\nmicrophoneToTextzh-cn'
2025-05-26 22:29:57.866336 - DEBUG : ->>> b'16/5\nmicrophoneToTextzh-cn'
2025-05-26 22:29:57.871372 - DEBUG : ->>> b'16/5\nmicrophoneToTextzh-cn'
2025-05-26 22:29:57.875362 - DEBUG : ->>> b'16/5\nmicrophoneToTextzh-cn'
2025-05-26 22:29:57.894383 - DEBUG : ->>> b'16/5\nmicrophoneToTextzh-cn'
2025-05-26 22:29:57.896377 - DEBUG : ->>> b'16/5\nmicrophoneToTextzh-cn'
2025-05-26 22:29:57.898371 - DEBUG : ->>> b'16/5\nmicrophoneToTextzh-cn'
2025-05-26 22:29:57.900397 - DEBUG : ->>> b'16/5\nmicrophoneToTextzh-cn'
2025-05-26 22:29:57.902386 - DEBUG : ->>> b'16/5\nmicrophoneToTextzh-cn'
2025-05-26 22:29:57.905378 - DEBUG : ->>> b'16/5\nmicrophoneToTextzh-cn'
2025-05-26 22:29:57.920419 - DEBUG : ->>> b'16/5\nmicrophoneToTextzh-cn'
2025-05-26 22:29:57.924393 - DEBUG : ->>> b'16/5\nmicrophoneToTextzh-cn'
2025-05-26 22:29:57.927386 - DEBUG : ->>> b'16/5\nmicrophoneToTextzh-cn'
2025-05-26 22:29:57.929903 - DEBUG : ->>> b'16/5\nmicrophoneToTextzh-cn'
2025-05-26 22:29:57.932406 - DEBUG : ->>> b'16/5\nmicrophoneToTextzh-cn'
2025-05-26 22:29:57.934401 - DEBUG : ->>> b'16/5\nmicrophoneToTextzh-cn'
2025-05-26 22:29:57.940428 - DEBUG : ->>> b'16/5\nmicrophoneToTextzh-cn'
2025-05-26 22:29:57.942413 - DEBUG : ->>> b'16/5\nmicrophoneToTextzh-cn'
2025-05-26 22:29:57.944408 - DEBUG : ->>> b'16/5\nmicrophoneToTextzh-cn'
2025-05-26 22:29:57.947401 - DEBUG : ->>> b'16/5\nmicrophoneToTextzh-cn'
2025-05-26 22:29:57.950441 - DEBUG : ->>> b'16/5\nmicrophoneToTextzh-cn'
2025-05-26 22:29:57.952423 - DEBUG : ->>> b'16/5\nmicrophoneToTextzh-cn'
2025-05-26 22:29:57.956413 - DEBUG : ->>> b'16/5\nmicrophoneToTextzh-cn'
2025-05-26 22:29:57.959405 - DEBUG : ->>> b'16/5\nmicrophoneToTextzh-cn'
2025-05-26 22:29:57.981430 - DEBUG : ->>> b'16/5\nmicrophoneToTextzh-cn'
2025-05-26 22:29:57.983425 - DEBUG : ->>> b'16/5\nmicrophoneToTextzh-cn'
2025-05-26 22:29:57.986417 - DEBUG : ->>> b'16/5\nmicrophoneToTextzh-cn'
2025-05-26 22:29:57.989410 - DEBUG : ->>> b'16/5\nmicrophoneToTextzh-cn'
2025-05-26 22:29:57.991405 - DEBUG : ->>> b'16/5\nmicrophoneToTextzh-cn'
2025-05-26 22:29:57.993399 - DEBUG : ->>> b'16/5\nmicrophoneToTextzh-cn'
2025-05-26 22:29:57.998387 - DEBUG : ->>> b'16/5\nmicrophoneToTextzh-cn'
2025-05-26 22:29:58.001434 - DEBUG : ->>> b'16/5\nmicrophoneToTextzh-cn'
2025-05-26 22:29:58.004426 - DEBUG : ->>> b'16/5\nmicrophoneToTextzh-cn'
2025-05-26 22:29:58.007419 - DEBUG : ->>> b'16/5\nmicrophoneToTextzh-cn'
2025-05-26 22:29:58.009413 - DEBUG : ->>> b'16/5\nmicrophoneToTextzh-cn'
2025-05-26 22:29:58.011433 - DEBUG : ->>> b'16/5\nmicrophoneToTextzh-cn'
2025-05-26 22:29:58.014425 - DEBUG : ->>> b'16/5\nmicrophoneToTextzh-cn'
2025-05-26 22:29:58.016420 - DEBUG : ->>> b'16/5\nmicrophoneToTextzh-cn'
2025-05-26 22:29:58.024428 - DEBUG : ->>> b'16/5\nmicrophoneToTextzh-cn'
2025-05-26 22:29:58.027420 - DEBUG : ->>> b'16/5\nmicrophoneToTextzh-cn'
2025-05-26 22:29:58.029929 - DEBUG : ->>> b'16/5\nmicrophoneToTextzh-cn'
2025-05-26 22:29:58.031434 - DEBUG : ->>> b'16/5\nmicrophoneToTextzh-cn'
2025-05-26 22:29:58.034427 - DEBUG : ->>> b'16/5\nmicrophoneToTextzh-cn'
2025-05-26 22:29:58.037419 - DEBUG : ->>> b'16/5\nmicrophoneToTextzh-cn'
2025-05-26 22:29:58.039414 - DEBUG : ->>> b'16/5\nmicrophoneToTextzh-cn'
2025-05-26 22:29:58.041437 - DEBUG : ->>> b'16/5\nmicrophoneToTextzh-cn'
2025-05-26 22:29:58.043433 - DEBUG : ->>> b'16/5\nmicrophoneToTextzh-cn'
2025-05-26 22:29:58.119920 - DEBUG : ->>> b'16/5\nmicrophoneToTextzh-cn'
2025-05-26 22:29:58.122422 - DEBUG : ->>> b'16/5\nmicrophoneToTextzh-cn'
2025-05-26 22:29:58.125416 - DEBUG : ->>> b'16/5\nmicrophoneToTextzh-cn'
2025-05-26 22:29:58.127409 - DEBUG : ->>> b'16/5\nmicrophoneToTextzh-cn'
2025-05-26 22:29:58.129929 - DEBUG : ->>> b'16/5\nmicrophoneToTextzh-cn'
2025-05-26 22:29:58.131435 - DEBUG : ->>> b'16/5\nmicrophoneToTextzh-cn'
2025-05-26 22:29:58.134428 - DEBUG : ->>> b'16/5\nmicrophoneToTextzh-cn'
2025-05-26 22:29:58.136422 - DEBUG : ->>> b'16/5\nmicrophoneToTextzh-cn'
2025-05-26 22:29:58.138417 - DEBUG : ->>> b'16/5\nmicrophoneToTextzh-cn'
2025-05-26 22:29:58.156429 - DEBUG : ->>> b'16/5\nmicrophoneToTextzh-cn'
2025-05-26 22:29:58.158423 - DEBUG : ->>> b'16/5\nmicrophoneToTextzh-cn'
2025-05-26 22:29:58.160458 - DEBUG : ->>> b'16/5\nmicrophoneToTextzh-cn'
2025-05-26 22:29:58.162442 - DEBUG : ->>> b'16/5\nmicrophoneToTextzh-cn'
2025-05-26 22:29:58.164437 - DEBUG : ->>> b'16/5\nmicrophoneToTextzh-cn'
2025-05-26 22:29:58.167429 - DEBUG : ->>> b'16/5\nmicrophoneToTextzh-cn'
2025-05-26 22:29:58.169949 - DEBUG : ->>> b'16/5\nmicrophoneToTextzh-cn'
2025-05-26 22:29:58.172453 - DEBUG : ->>> b'16/5\nmicrophoneToTextzh-cn'
2025-05-26 22:29:58.174447 - DEBUG : ->>> b'16/5\nmicrophoneToTextzh-cn'
2025-05-26 22:29:58.177440 - DEBUG : ->>> b'16/5\nmicrophoneToTextzh-cn'
2025-05-26 22:29:58.179956 - DEBUG : ->>> b'16/5\nmicrophoneToTextzh-cn'
2025-05-26 22:29:58.181461 - DEBUG : ->>> b'16/5\nmicrophoneToTextzh-cn'
2025-05-26 22:29:58.184454 - DEBUG : ->>> b'16/5\nmicrophoneToTextzh-cn'
2025-05-26 22:29:58.186449 - DEBUG : ->>> b'16/5\nmicrophoneToTextzh-cn'
2025-05-26 22:29:58.188443 - DEBUG : ->>> b'16/5\nmicrophoneToTextzh-cn'
2025-05-26 22:29:58.190482 - DEBUG : ->>> b'16/5\nmicrophoneToTextzh-cn'
2025-05-26 22:29:58.192464 - DEBUG : ->>> b'16/5\nmicrophoneToTextzh-cn'
2025-05-26 22:29:58.195457 - DEBUG : ->>> b'16/5\nmicrophoneToTextzh-cn'
2025-05-26 22:29:58.197451 - DEBUG : ->>> b'16/5\nmicrophoneToTextzh-cn'
2025-05-26 22:29:58.199446 - DEBUG : ->>> b'16/5\nmicrophoneToTextzh-cn'
2025-05-26 22:29:58.248420 - DEBUG : ->>> b'16/5\nmicrophoneToTextzh-cn'
2025-05-26 22:29:58.251246 - DEBUG : ->>> b'16/5\nmicrophoneToTextzh-cn'
2025-05-26 22:29:58.253242 - DEBUG : ->>> b'16/5\nmicrophoneToTextzh-cn'
2025-05-26 22:29:58.266234 - DEBUG : ->>> b'16/5\nmicrophoneToTextzh-cn'
2025-05-26 22:29:58.268229 - DEBUG : ->>> b'16/5\nmicrophoneToTextzh-cn'
2025-05-26 22:29:58.270256 - DEBUG : ->>> b'16/5\nmicrophoneToTextzh-cn'
2025-05-26 22:29:58.273237 - DEBUG : ->>> b'16/5\nmicrophoneToTextzh-cn'
2025-05-26 22:29:58.275232 - DEBUG : ->>> b'16/5\nmicrophoneToTextzh-cn'
2025-05-26 22:29:58.278227 - DEBUG : ->>> b'16/5\nmicrophoneToTextzh-cn'
2025-05-26 22:29:58.281249 - DEBUG : ->>> b'16/5\nmicrophoneToTextzh-cn'
2025-05-26 22:29:58.283244 - DEBUG : ->>> b'16/5\nmicrophoneToTextzh-cn'
2025-05-26 22:29:58.285240 - DEBUG : ->>> b'16/5\nmicrophoneToTextzh-cn'
2025-05-26 22:29:58.288232 - DEBUG : ->>> b'16/5\nmicrophoneToTextzh-cn'
2025-05-26 22:29:58.290270 - DEBUG : ->>> b'16/5\nmicrophoneToTextzh-cn'
2025-05-26 22:29:58.331263 - DEBUG : ->>> b'16/5\nmicrophoneToTextzh-cn'
2025-05-26 22:29:58.333258 - DEBUG : ->>> b'16/5\nmicrophoneToTextzh-cn'
2025-05-26 22:29:58.335253 - DEBUG : ->>> b'16/5\nmicrophoneToTextzh-cn'
2025-05-26 22:29:58.337248 - DEBUG : ->>> b'16/5\nmicrophoneToTextzh-cn'
2025-05-26 22:29:58.339761 - DEBUG : ->>> b'16/5\nmicrophoneToTextzh-cn'
2025-05-26 22:29:58.342263 - DEBUG : ->>> b'16/5\nmicrophoneToTextzh-cn'
2025-05-26 22:29:58.344258 - DEBUG : ->>> b'16/5\nmicrophoneToTextzh-cn'
2025-05-26 22:29:58.346252 - DEBUG : ->>> b'16/5\nmicrophoneToTextzh-cn'
2025-05-26 22:29:58.348247 - DEBUG : ->>> b'16/5\nmicrophoneToTextzh-cn'
2025-05-26 22:29:58.352269 - DEBUG : ->>> b'16/5\nmicrophoneToTextzh-cn'
2025-05-26 22:29:58.354264 - DEBUG : ->>> b'16/5\nmicrophoneToTextzh-cn'
2025-05-26 22:29:58.356258 - DEBUG : ->>> b'16/5\nmicrophoneToTextzh-cn'
2025-05-26 22:29:58.359251 - DEBUG : ->>> b'16/5\nmicrophoneToTextzh-cn'
2025-05-26 22:29:58.361305 - DEBUG : ->>> b'16/5\nmicrophoneToTextzh-cn'
2025-05-26 22:29:58.363300 - DEBUG : ->>> b'16/5\nmicrophoneToTextzh-cn'
2025-05-26 22:29:58.365295 - DEBUG : ->>> b'16/5\nmicrophoneToTextzh-cn'
2025-05-26 22:29:58.382294 - DEBUG : ->>> b'16/5\nmicrophoneToTextzh-cn'
2025-05-26 22:29:58.384289 - DEBUG : ->>> b'16/5\nmicrophoneToTextzh-cn'
2025-05-26 22:29:58.387281 - DEBUG : ->>> b'16/5\nmicrophoneToTextzh-cn'
2025-05-26 22:29:58.389793 - DEBUG : ->>> b'16/5\nmicrophoneToTextzh-cn'
2025-05-26 22:29:58.391296 - DEBUG : ->>> b'16/5\nmicrophoneToTextzh-cn'
2025-05-26 22:29:58.393291 - DEBUG : ->>> b'16/5\nmicrophoneToTextzh-cn'
2025-05-26 22:29:58.396283 - DEBUG : ->>> b'16/5\nmicrophoneToTextzh-cn'
2025-05-26 22:29:58.398278 - DEBUG : ->>> b'16/5\nmicrophoneToTextzh-cn'
2025-05-26 22:29:58.400315 - DEBUG : ->>> b'16/5\nmicrophoneToTextzh-cn'
2025-05-26 22:29:58.404294 - DEBUG : ->>> b'16/5\nmicrophoneToTextzh-cn'
2025-05-26 22:29:58.406289 - DEBUG : ->>> b'16/5\nmicrophoneToTextzh-cn'
2025-05-26 22:29:58.408284 - DEBUG : ->>> b'16/5\nmicrophoneToTextzh-cn'
2025-05-26 22:29:58.410322 - DEBUG : ->>> b'16/5\nmicrophoneToTextzh-cn'
2025-05-26 22:29:58.413298 - DEBUG : ->>> b'16/5\nmicrophoneToTextzh-cn'
2025-05-26 22:29:58.415294 - DEBUG : ->>> b'16/5\nmicrophoneToTextzh-cn'
2025-05-26 22:29:58.424304 - DEBUG : ->>> b'16/5\nmicrophoneToTextzh-cn'
2025-05-26 22:29:58.426294 - DEBUG : ->>> b'16/5\nmicrophoneToTextzh-cn'
2025-05-26 22:29:58.429287 - DEBUG : ->>> b'16/5\nmicrophoneToTextzh-cn'
2025-05-26 22:29:58.431312 - DEBUG : ->>> b'16/5\nmicrophoneToTextzh-cn'
2025-05-26 22:29:58.433307 - DEBUG : ->>> b'16/5\nmicrophoneToTextzh-cn'
2025-05-26 22:29:58.436300 - DEBUG : ->>> b'16/5\nmicrophoneToTextzh-cn'
2025-05-26 22:29:58.441334 - DEBUG : ->>> b'16/5\nmicrophoneToTextzh-cn'
2025-05-26 22:29:58.448317 - DEBUG : ->>> b'16/5\nmicrophoneToTextzh-cn'
2025-05-26 22:29:58.450356 - DEBUG : ->>> b'16/5\nmicrophoneToTextzh-cn'
2025-05-26 22:29:58.453333 - DEBUG : ->>> b'16/5\nmicrophoneToTextzh-cn'
2025-05-26 22:29:58.455328 - DEBUG : ->>> b'16/5\nmicrophoneToTextzh-cn'
2025-05-26 22:29:58.457324 - DEBUG : ->>> b'16/5\nmicrophoneToTextzh-cn'
2025-05-26 22:29:58.461345 - DEBUG : ->>> b'16/5\nmicrophoneToTextzh-cn'
2025-05-26 22:29:58.467330 - DEBUG : ->>> b'16/5\nmicrophoneToTextzh-cn'
2025-05-26 22:29:58.470381 - DEBUG : ->>> b'16/5\nmicrophoneToTextzh-cn'
2025-05-26 22:29:58.472369 - DEBUG : ->>> b'16/5\nmicrophoneToTextzh-cn'
2025-05-26 22:29:58.474363 - DEBUG : ->>> b'16/5\nmicrophoneToTextzh-cn'
2025-05-26 22:29:58.476358 - DEBUG : ->>> b'16/5\nmicrophoneToTextzh-cn'
2025-05-26 22:29:58.479351 - DEBUG : ->>> b'16/5\nmicrophoneToTextzh-cn'
2025-05-26 22:29:58.481378 - DEBUG : ->>> b'16/5\nmicrophoneToTextzh-cn'
2025-05-26 22:29:58.484371 - DEBUG : ->>> b'16/5\nmicrophoneToTextzh-cn'
2025-05-26 22:29:58.876040 - DEBUG : ->>> b'16/5\nmicrophoneToTextzh-cn'
2025-05-26 22:29:58.878035 - DEBUG : ->>> b'16/5\nmicrophoneToTextzh-cn'
2025-05-26 22:29:58.884021 - DEBUG : ->>> b'16/5\nmicrophoneToTextzh-cn'
2025-05-26 22:29:58.886015 - DEBUG : ->>> b'16/5\nmicrophoneToTextzh-cn'
2025-05-26 22:29:58.888009 - DEBUG : ->>> b'16/5\nmicrophoneToTextzh-cn'
2025-05-26 22:29:58.890004 - DEBUG : ->>> b'16/5\nmicrophoneToTextzh-cn'
2025-05-26 22:29:58.892998 - DEBUG : ->>> b'16/5\nmicrophoneToTextzh-cn'
2025-05-26 22:29:58.894991 - DEBUG : ->>> b'16/5\nmicrophoneToTextzh-cn'
2025-05-26 22:29:58.897984 - DEBUG : ->>> b'16/5\nmicrophoneToTextzh-cn'
2025-05-26 22:29:58.899978 - DEBUG : ->>> b'16/5\nmicrophoneToTextzh-cn'
2025-05-26 22:29:58.902972 - DEBUG : ->>> b'16/5\nmicrophoneToTextzh-cn'
2025-05-26 22:29:58.905964 - DEBUG : ->>> b'16/5\nmicrophoneToTextzh-cn'
2025-05-26 22:29:58.993739 - DEBUG : ->>> b'16/5\nmicrophoneToTextzh-cn'
2025-05-26 22:29:59.017677 - DEBUG : ->>> b'16/5\nmicrophoneToTextzh-cn'
2025-05-26 22:29:59.019672 - DEBUG : ->>> b'16/5\nmicrophoneToTextzh-cn'
2025-05-26 22:29:59.021667 - DEBUG : ->>> b'16/5\nmicrophoneToTextzh-cn'
2025-05-26 22:29:59.036628 - DEBUG : ->>> b'16/5\nmicrophoneToTextzh-cn'
2025-05-26 22:29:59.038623 - DEBUG : ->>> b'16/5\nmicrophoneToTextzh-cn'
2025-05-26 22:29:59.041616 - DEBUG : ->>> b'16/5\nmicrophoneToTextzh-cn'
2025-05-26 22:29:59.044608 - DEBUG : ->>> b'16/5\nmicrophoneToTextzh-cn'
2025-05-26 22:29:59.047600 - DEBUG : ->>> b'16/5\nmicrophoneToTextzh-cn'
2025-05-26 22:29:59.049595 - DEBUG : ->>> b'16/5\nmicrophoneToTextzh-cn'
2025-05-26 22:29:59.052587 - DEBUG : ->>> b'16/5\nmicrophoneToTextzh-cn'
2025-05-26 22:29:59.054582 - DEBUG : ->>> b'16/5\nmicrophoneToTextzh-cn'
2025-05-26 22:29:59.056576 - DEBUG : ->>> b'16/5\nmicrophoneToTextzh-cn'
2025-05-26 22:29:59.058572 - DEBUG : ->>> b'16/5\nmicrophoneToTextzh-cn'
2025-05-26 22:29:59.061565 - DEBUG : ->>> b'16/5\nmicrophoneToTextzh-cn'
2025-05-26 22:29:59.090081 - DEBUG : ->>> b'16/5\nmicrophoneToTextzh-cn'
2025-05-26 22:29:59.092582 - DEBUG : ->>> b'16/5\nmicrophoneToTextzh-cn'
2025-05-26 22:29:59.094577 - DEBUG : ->>> b'16/5\nmicrophoneToTextzh-cn'
2025-05-26 22:29:59.098568 - DEBUG : ->>> b'16/5\nmicrophoneToTextzh-cn'
2025-05-26 22:29:59.100608 - DEBUG : ->>> b'16/5\nmicrophoneToTextzh-cn'
2025-05-26 22:29:59.102585 - DEBUG : ->>> b'16/5\nmicrophoneToTextzh-cn'
2025-05-26 22:29:59.105578 - DEBUG : ->>> b'16/5\nmicrophoneToTextzh-cn'
2025-05-26 22:29:59.108570 - DEBUG : ->>> b'16/5\nmicrophoneToTextzh-cn'
2025-05-26 22:29:59.110608 - DEBUG : ->>> b'16/5\nmicrophoneToTextzh-cn'
2025-05-26 22:29:59.113589 - DEBUG : ->>> b'16/5\nmicrophoneToTextzh-cn'
2025-05-26 22:29:59.116581 - DEBUG : ->>> b'16/5\nmicrophoneToTextzh-cn'
2025-05-26 22:29:59.118576 - DEBUG : ->>> b'16/5\nmicrophoneToTextzh-cn'
2025-05-26 22:29:59.121568 - DEBUG : ->>> b'16/5\nmicrophoneToTextzh-cn'
2025-05-26 22:29:59.123563 - DEBUG : ->>> b'16/5\nmicrophoneToTextzh-cn'
2025-05-26 22:29:59.140597 - DEBUG : ->>> b'16/5\nmicrophoneToTextzh-cn'
2025-05-26 22:29:59.143575 - DEBUG : ->>> b'16/5\nmicrophoneToTextzh-cn'
2025-05-26 22:29:59.145570 - DEBUG : ->>> b'16/5\nmicrophoneToTextzh-cn'
2025-05-26 22:29:59.170090 - DEBUG : ->>> b'16/5\nmicrophoneToTextzh-cn'
2025-05-26 22:29:59.172593 - DEBUG : ->>> b'16/5\nmicrophoneToTextzh-cn'
2025-05-26 22:29:59.175588 - DEBUG : ->>> b'16/5\nmicrophoneToTextzh-cn'
2025-05-26 22:29:59.178580 - DEBUG : ->>> b'16/5\nmicrophoneToTextzh-cn'
2025-05-26 22:29:59.180620 - DEBUG : ->>> b'16/5\nmicrophoneToTextzh-cn'
2025-05-26 22:29:59.183599 - DEBUG : ->>> b'16/5\nmicrophoneToTextzh-cn'
2025-05-26 22:29:59.197566 - DEBUG : ->>> b'16/5\nmicrophoneToTextzh-cn'
2025-05-26 22:29:59.200623 - DEBUG : ->>> b'16/5\nmicrophoneToTextzh-cn'
2025-05-26 22:29:59.202609 - DEBUG : ->>> b'16/5\nmicrophoneToTextzh-cn'
2025-05-26 22:29:59.204604 - DEBUG : ->>> b'16/5\nmicrophoneToTextzh-cn'
2025-05-26 22:29:59.317585 - DEBUG : ->>> b'16/5\nmicrophoneToTextzh-cn'
2025-05-26 22:29:59.320622 - DEBUG : ->>> b'16/5\nmicrophoneToTextzh-cn'
2025-05-26 22:29:59.322612 - DEBUG : ->>> b'16/5\nmicrophoneToTextzh-cn'
2025-05-26 22:29:59.324606 - DEBUG : ->>> b'16/5\nmicrophoneToTextzh-cn'
2025-05-26 22:29:59.360610 - DEBUG : ->>> b'16/5\nmicrophoneToTextzh-cn'
2025-05-26 22:29:59.362597 - DEBUG : ->>> b'16/5\nmicrophoneToTextzh-cn'
2025-05-26 22:29:59.364591 - DEBUG : ->>> b'16/5\nmicrophoneToTextzh-cn'
2025-05-26 22:29:59.366586 - DEBUG : ->>> b'16/5\nmicrophoneToTextzh-cn'
2025-05-26 22:29:59.368581 - DEBUG : ->>> b'16/5\nmicrophoneToTextzh-cn'
2025-05-26 22:29:59.371603 - DEBUG : ->>> b'16/5\nmicrophoneToTextzh-cn'
2025-05-26 22:29:59.373597 - DEBUG : ->>> b'16/5\nmicrophoneToTextzh-cn'
2025-05-26 22:29:59.375591 - DEBUG : ->>> b'16/5\nmicrophoneToTextzh-cn'
2025-05-26 22:29:59.378584 - DEBUG : ->>> b'16/5\nmicrophoneToTextzh-cn'
2025-05-26 22:29:59.380619 - DEBUG : ->>> b'16/5\nmicrophoneToTextzh-cn'
2025-05-26 22:29:59.383602 - DEBUG : ->>> b'16/5\nmicrophoneToTextzh-cn'
2025-05-26 22:29:59.444583 - DEBUG : ->>> b'16/5\nmicrophoneToTextzh-cn'
2025-05-26 22:29:59.446578 - DEBUG : ->>> b'16/5\nmicrophoneToTextzh-cn'
2025-05-26 22:29:59.448573 - DEBUG : ->>> b'16/5\nmicrophoneToTextzh-cn'
2025-05-26 22:29:59.450604 - DEBUG : ->>> b'16/5\nmicrophoneToTextzh-cn'
2025-05-26 22:29:59.453587 - DEBUG : ->>> b'16/5\nmicrophoneToTextzh-cn'
2025-05-26 22:29:59.455582 - DEBUG : ->>> b'16/5\nmicrophoneToTextzh-cn'
2025-05-26 22:29:59.457577 - DEBUG : ->>> b'16/5\nmicrophoneToTextzh-cn'
2025-05-26 22:29:59.459572 - DEBUG : ->>> b'16/5\nmicrophoneToTextzh-cn'
2025-05-26 22:29:59.461589 - DEBUG : ->>> b'16/5\nmicrophoneToTextzh-cn'
2025-05-26 22:29:59.463584 - DEBUG : ->>> b'16/5\nmicrophoneToTextzh-cn'
2025-05-26 22:29:59.465578 - DEBUG : ->>> b'16/5\nmicrophoneToTextzh-cn'
2025-05-26 22:29:59.467573 - DEBUG : ->>> b'16/5\nmicrophoneToTextzh-cn'
2025-05-26 22:29:59.470106 - DEBUG : ->>> b'16/5\nmicrophoneToTextzh-cn'
2025-05-26 22:29:59.472608 - DEBUG : ->>> b'16/5\nmicrophoneToTextzh-cn'
2025-05-26 22:29:59.474602 - DEBUG : ->>> b'16/5\nmicrophoneToTextzh-cn'
2025-05-26 22:29:59.476597 - DEBUG : ->>> b'16/5\nmicrophoneToTextzh-cn'
2025-05-26 22:29:59.535573 - DEBUG : ->>> b'16/5\nmicrophoneToTextzh-cn'
2025-05-26 22:29:59.537568 - DEBUG : ->>> b'16/5\nmicrophoneToTextzh-cn'
2025-05-26 22:29:59.540077 - DEBUG : ->>> b'16/5\nmicrophoneToTextzh-cn'
2025-05-26 22:29:59.541581 - DEBUG : ->>> b'16/5\nmicrophoneToTextzh-cn'
2025-05-26 22:29:59.543576 - DEBUG : ->>> b'16/5\nmicrophoneToTextzh-cn'
2025-05-26 22:29:59.545571 - DEBUG : ->>> b'16/5\nmicrophoneToTextzh-cn'
2025-05-26 22:29:59.548563 - DEBUG : ->>> b'16/5\nmicrophoneToTextzh-cn'
2025-05-26 22:29:59.550594 - DEBUG : ->>> b'16/5\nmicrophoneToTextzh-cn'
2025-05-26 22:29:59.552582 - DEBUG : ->>> b'16/5\nmicrophoneToTextzh-cn'
2025-05-26 22:29:59.554576 - DEBUG : ->>> b'16/5\nmicrophoneToTextzh-cn'
2025-05-26 22:29:59.556571 - DEBUG : ->>> b'16/5\nmicrophoneToTextzh-cn'
2025-05-26 22:29:59.558566 - DEBUG : ->>> b'16/5\nmicrophoneToTextzh-cn'
2025-05-26 22:29:59.560589 - DEBUG : ->>> b'16/5\nmicrophoneToTextzh-cn'
2025-05-26 22:29:59.562576 - DEBUG : ->>> b'16/5\nmicrophoneToTextzh-cn'
2025-05-26 22:29:59.564571 - DEBUG : ->>> b'16/5\nmicrophoneToTextzh-cn'
2025-05-26 22:29:59.566566 - DEBUG : ->>> b'16/5\nmicrophoneToTextzh-cn'
2025-05-26 22:29:59.591573 - DEBUG : ->>> b'16/5\nmicrophoneToTextzh-cn'
2025-05-26 22:29:59.593568 - DEBUG : ->>> b'16/5\nmicrophoneToTextzh-cn'
2025-05-26 22:29:59.619557 - DEBUG : ->>> b'16/5\nmicrophoneToTextzh-cn'
2025-05-26 22:29:59.621584 - DEBUG : ->>> b'16/5\nmicrophoneToTextzh-cn'
2025-05-26 22:29:59.623579 - DEBUG : ->>> b'16/5\nmicrophoneToTextzh-cn'
2025-05-26 22:29:59.625573 - DEBUG : ->>> b'16/5\nmicrophoneToTextzh-cn'
2025-05-26 22:29:59.628565 - DEBUG : ->>> b'16/5\nmicrophoneToTextzh-cn'
2025-05-26 22:29:59.631583 - DEBUG : ->>> b'16/5\nmicrophoneToTextzh-cn'
2025-05-26 22:29:59.633578 - DEBUG : ->>> b'16/5\nmicrophoneToTextzh-cn'
2025-05-26 22:29:59.635573 - DEBUG : ->>> b'16/5\nmicrophoneToTextzh-cn'
2025-05-26 22:29:59.637568 - DEBUG : ->>> b'16/5\nmicrophoneToTextzh-cn'
2025-05-26 22:29:59.640076 - DEBUG : ->>> b'16/5\nmicrophoneToTextzh-cn'
2025-05-26 22:29:59.641579 - DEBUG : ->>> b'16/5\nmicrophoneToTextzh-cn'
2025-05-26 22:29:59.644571 - DEBUG : ->>> b'16/5\nmicrophoneToTextzh-cn'
2025-05-26 22:29:59.646566 - DEBUG : ->>> b'16/5\nmicrophoneToTextzh-cn'
2025-05-26 22:29:59.682531 - DEBUG : ->>> b'16/5\nmicrophoneToTextzh-cn'
2025-05-26 22:29:59.684526 - DEBUG : ->>> b'16/5\nmicrophoneToTextzh-cn'
2025-05-26 22:29:59.686521 - DEBUG : ->>> b'16/5\nmicrophoneToTextzh-cn'
2025-05-26 22:29:59.690543 - DEBUG : ->>> b'16/5\nmicrophoneToTextzh-cn'
2025-05-26 22:29:59.693529 - DEBUG : ->>> b'16/5\nmicrophoneToTextzh-cn'
2025-05-26 22:29:59.695524 - DEBUG : ->>> b'16/5\nmicrophoneToTextzh-cn'
2025-05-26 22:29:59.697519 - DEBUG : ->>> b'16/5\nmicrophoneToTextzh-cn'
2025-05-26 22:29:59.700030 - DEBUG : ->>> b'16/5\nmicrophoneToTextzh-cn'
2025-05-26 22:29:59.703529 - DEBUG : ->>> b'16/5\nmicrophoneToTextzh-cn'
2025-05-26 22:29:59.706520 - DEBUG : ->>> b'16/5\nmicrophoneToTextzh-cn'
2025-05-26 22:29:59.708515 - DEBUG : ->>> b'16/5\nmicrophoneToTextzh-cn'
2025-05-26 22:29:59.710536 - DEBUG : ->>> b'16/5\nmicrophoneToTextzh-cn'
2025-05-26 22:29:59.712527 - DEBUG : ->>> b'16/5\nmicrophoneToTextzh-cn'
2025-05-26 22:29:59.714522 - DEBUG : ->>> b'16/5\nmicrophoneToTextzh-cn'
2025-05-26 22:29:59.716517 - DEBUG : ->>> b'16/5\nmicrophoneToTextzh-cn'
2025-05-26 22:29:59.750536 - DEBUG : ->>> b'16/5\nmicrophoneToTextzh-cn'
2025-05-26 22:29:59.754516 - DEBUG : ->>> b'16/5\nmicrophoneToTextzh-cn'
2025-05-26 22:29:59.756512 - DEBUG : ->>> b'16/5\nmicrophoneToTextzh-cn'
2025-05-26 22:29:59.758506 - DEBUG : ->>> b'16/5\nmicrophoneToTextzh-cn'
2025-05-26 22:29:59.760541 - DEBUG : ->>> b'16/5\nmicrophoneToTextzh-cn'
2025-05-26 22:29:59.762525 - DEBUG : ->>> b'16/5\nmicrophoneToTextzh-cn'
2025-05-26 22:29:59.764520 - DEBUG : ->>> b'16/5\nmicrophoneToTextzh-cn'
2025-05-26 22:29:59.766515 - DEBUG : ->>> b'16/5\nmicrophoneToTextzh-cn'
2025-05-26 22:29:59.768510 - DEBUG : ->>> b'16/5\nmicrophoneToTextzh-cn'
2025-05-26 22:29:59.770540 - DEBUG : ->>> b'16/5\nmicrophoneToTextzh-cn'
2025-05-26 22:29:59.772526 - DEBUG : ->>> b'16/5\nmicrophoneToTextzh-cn'
2025-05-26 22:29:59.774521 - DEBUG : ->>> b'16/5\nmicrophoneToTextzh-cn'
2025-05-26 22:29:59.776516 - DEBUG : ->>> b'16/5\nmicrophoneToTextzh-cn'
2025-05-26 22:29:59.778511 - DEBUG : ->>> b'16/5\nmicrophoneToTextzh-cn'
2025-05-26 22:29:59.780541 - DEBUG : ->>> b'16/5\nmicrophoneToTextzh-cn'
2025-05-26 22:29:59.782528 - DEBUG : ->>> b'16/5\nmicrophoneToTextzh-cn'
2025-05-26 22:29:59.807525 - DEBUG : ->>> b'16/5\nmicrophoneToTextzh-cn'
2025-05-26 22:29:59.811552 - DEBUG : ->>> b'16/5\nmicrophoneToTextzh-cn'
2025-05-26 22:29:59.813547 - DEBUG : ->>> b'16/5\nmicrophoneToTextzh-cn'
2025-05-26 22:29:59.815543 - DEBUG : ->>> b'16/5\nmicrophoneToTextzh-cn'
2025-05-26 22:29:59.821554 - DEBUG : ->>> b'16/5\nmicrophoneToTextzh-cn'
2025-05-26 22:29:59.823549 - DEBUG : ->>> b'16/5\nmicrophoneToTextzh-cn'
2025-05-26 22:29:59.826541 - DEBUG : ->>> b'16/5\nmicrophoneToTextzh-cn'
2025-05-26 22:29:59.828538 - DEBUG : ->>> b'16/5\nmicrophoneToTextzh-cn'
2025-05-26 22:29:59.830564 - DEBUG : ->>> b'16/5\nmicrophoneToTextzh-cn'
2025-05-26 22:29:59.832549 - DEBUG : ->>> b'16/5\nmicrophoneToTextzh-cn'
2025-05-26 22:29:59.834544 - DEBUG : ->>> b'16/5\nmicrophoneToTextzh-cn'
2025-05-26 22:29:59.837536 - DEBUG : ->>> b'16/5\nmicrophoneToTextzh-cn'
2025-05-26 22:29:59.839532 - DEBUG : ->>> b'16/5\nmicrophoneToTextzh-cn'
2025-05-26 22:29:59.841549 - DEBUG : ->>> b'16/5\nmicrophoneToTextzh-cn'
2025-05-26 22:29:59.843544 - DEBUG : ->>> b'16/5\nmicrophoneToTextzh-cn'
2025-05-26 22:29:59.862534 - DEBUG : ->>> b'16/5\nmicrophoneToTextzh-cn'
2025-05-26 22:29:59.864529 - DEBUG : ->>> b'16/5\nmicrophoneToTextzh-cn'
2025-05-26 22:29:59.866526 - DEBUG : ->>> b'16/5\nmicrophoneToTextzh-cn'
2025-05-26 22:29:59.868519 - DEBUG : ->>> b'16/5\nmicrophoneToTextzh-cn'
2025-05-26 22:29:59.870551 - DEBUG : ->>> b'16/5\nmicrophoneToTextzh-cn'
2025-05-26 22:29:59.872536 - DEBUG : ->>> b'16/5\nmicrophoneToTextzh-cn'
2025-05-26 22:29:59.874533 - DEBUG : ->>> b'16/5\nmicrophoneToTextzh-cn'
2025-05-26 22:29:59.877524 - DEBUG : ->>> b'16/5\nmicrophoneToTextzh-cn'
2025-05-26 22:29:59.880052 - DEBUG : ->>> b'16/5\nmicrophoneToTextzh-cn'
2025-05-26 22:29:59.881555 - DEBUG : ->>> b'16/5\nmicrophoneToTextzh-cn'
2025-05-26 22:29:59.884547 - DEBUG : ->>> b'16/5\nmicrophoneToTextzh-cn'
2025-05-26 22:29:59.887540 - DEBUG : ->>> b'16/5\nmicrophoneToTextzh-cn'
2025-05-26 22:29:59.889534 - DEBUG : ->>> b'16/5\nmicrophoneToTextzh-cn'
2025-05-26 22:29:59.891555 - DEBUG : ->>> b'16/5\nmicrophoneToTextzh-cn'
2025-05-26 22:29:59.893549 - DEBUG : ->>> b'16/5\nmicrophoneToTextzh-cn'
2025-05-26 22:29:59.895544 - DEBUG : ->>> b'16/5\nmicrophoneToTextzh-cn'
2025-05-26 22:29:59.898536 - DEBUG : ->>> b'16/5\nmicrophoneToTextzh-cn'
2025-05-26 22:29:59.900563 - DEBUG : ->>> b'16/5\nmicrophoneToTextzh-cn'
2025-05-26 22:29:59.903550 - DEBUG : ->>> b'16/5\nmicrophoneToTextzh-cn'
2025-05-26 22:29:59.906541 - DEBUG : ->>> b'16/5\nmicrophoneToTextzh-cn'
2025-05-26 22:29:59.908536 - DEBUG : ->>> b'16/5\nmicrophoneToTextzh-cn'
2025-05-26 22:29:59.911552 - DEBUG : ->>> b'16/5\nmicrophoneToTextzh-cn'
2025-05-26 22:29:59.913546 - DEBUG : ->>> b'16/5\nmicrophoneToTextzh-cn'
2025-05-26 22:29:59.915541 - DEBUG : ->>> b'16/5\nmicrophoneToTextzh-cn'
2025-05-26 22:29:59.917536 - DEBUG : ->>> b'16/5\nmicrophoneToTextzh-cn'
2025-05-26 22:30:12.827448 - DEBUG : <-<- Client connection at 127.0.0.1: 55921
2025-05-26 22:30:13.428907 - DEBUG : ->>> b'17/84/6\ninitSpeechServiceCmwzTb35WSvnOYEPoY9wC12ExtiNJkI37VJlc9itceLmM6osBYstJQQJ99BAACYeBjFXJ3w3AAAYACOG1fhOeastus'
2025-05-26 22:30:13.443869 - DEBUG : <-<- true
2025-05-26 22:30:13.444867 - DEBUG : ->>> b'13/25/3/3/5/5\ninitMetahuman../humanModel/humanModel20.50.5falsefalse'
2025-05-26 22:30:56.699057 - DEBUG : <-<- true
2025-05-26 22:30:56.700055 - DEBUG : ->>> b'17/28/2/2/2/2\nreplaceBackground../NewHuman/background/2.jpg-1-1-150'
2025-05-26 22:30:56.827728 - DEBUG : <-<- true
2025-05-26 22:30:58.010697 - DEBUG : ->>> b'16/5\nmicrophoneToTextzh-cn'
2025-05-26 22:31:04.206363 - DEBUG : <-<- null
2025-05-26 22:31:04.937490 - DEBUG : ->>> b'16/5\nmicrophoneToTextzh-cn'
2025-05-26 22:31:11.249483 - DEBUG : <-<- 你好呀。
2025-05-26 22:31:11.937520 - DEBUG : ->>> b'14/1/6/2/3/3/1/5/5\nshowSpeechText0\xe6\xa5\xb7\xe4\xbd\x93201282550falsefalse'
2025-05-26 22:31:11.939514 - DEBUG : <-<- true
2025-05-26 22:31:11.939514 - DEBUG : ->>> b'15/14/42/5/20/1/4/1/7\nmetahumanSpeech../voice/2.mp3\xe4\xbd\xa0\xe5\xa5\xbd\xef\xbc\x81\xe6\x9c\x89\xe4\xbb\x80\xe4\xb9\x88\xe5\x8f\xaf\xe4\xbb\xa5\xe5\xb8\xae\xe5\x88\xb0\xe4\xbd\xa0\xe7\x9a\x84\xe5\x90\x97\xef\xbc\x9fzh-cnzh-cn-XiaochenNeural0true0General'
2025-05-26 22:31:21.309409 - DEBUG : <-<- 3450
2025-05-26 22:31:21.310407 - DEBUG : ->>> b'16/5\nmicrophoneToTextzh-cn'
2025-05-26 22:31:28.846859 - DEBUG : <-<- null
2025-05-26 22:31:29.049803 - DEBUG : ->>> b'16/5\nmicrophoneToTextzh-cn'
2025-05-26 22:31:35.525905 - DEBUG : <-<- null
2025-05-26 22:31:35.747358 - DEBUG : ->>> b'16/5\nmicrophoneToTextzh-cn'
2025-05-26 22:31:43.874862 - DEBUG : <-<- null
2025-05-26 22:31:44.057902 - DEBUG : ->>> b'16/5\nmicrophoneToTextzh-cn'
2025-05-26 22:31:51.575954 - DEBUG : <-<- null
2025-05-26 22:31:51.765975 - DEBUG : ->>> b'16/5\nmicrophoneToTextzh-cn'
2025-05-26 22:31:55.612065 - DEBUG : <-<- 说话，姐姐。
2025-05-26 22:31:56.609153 - DEBUG : ->>> b'14/1/6/2/3/3/1/5/5\nshowSpeechText0\xe6\xa5\xb7\xe4\xbd\x93201282550falsefalse'
2025-05-26 22:31:56.611148 - DEBUG : <-<- true
2025-05-26 22:31:56.612145 - DEBUG : ->>> b'15/14/183/5/20/1/4/1/7\nmetahumanSpeech../voice/2.mp3\xe4\xbd\xa0\xe5\xa5\xbd\xef\xbc\x81\xe5\xa6\x82\xe6\x9e\x9c\xe4\xbd\xa0\xe9\x9c\x80\xe8\xa6\x81\xe8\x81\x8a\xe5\xa4\xa9\xe6\x88\x96\xe8\x80\x85\xe6\x9c\x89\xe4\xbb\xbb\xe4\xbd\x95\xe9\x97\xae\xe9\xa2\x98\xe6\x83\xb3\xe8\xa6\x81\xe8\xaf\xa2\xe9\x97\xae\xef\xbc\x8c\xe5\x8f\xaf\xe4\xbb\xa5\xe7\x9b\xb4\xe6\x8e\xa5\xe5\x91\x8a\xe8\xaf\x89\xe6\x88\x91\xe5\x93\xa6\xe3\x80\x82\xe6\x88\x91\xe5\xbe\x88\xe4\xb9\x90\xe6\x84\x8f\xe5\x92\x8c\xe4\xbd\xa0\xe4\xba\xa4\xe6\xb5\x81\xe3\x80\x82\xe8\xaf\xb7\xe5\x91\x8a\xe8\xaf\x89\xe6\x88\x91\xe6\x9b\xb4\xe5\xa4\x9a\xe7\xbb\x86\xe8\x8a\x82\xef\xbc\x8c\xe8\xbf\x99\xe6\xa0\xb7\xe6\x88\x91\xe5\x8f\xaf\xe4\xbb\xa5\xe6\x9b\xb4\xe5\xa5\xbd\xe5\x9c\xb0\xe5\xb8\xae\xe5\x8a\xa9\xe4\xbd\xa0\xe3\x80\x82zh-cnzh-cn-XiaochenNeural0true0General'
2025-05-26 22:32:12.840175 - DEBUG : <-<- 12012
2025-05-26 22:32:12.841171 - DEBUG : ->>> b'16/5\nmicrophoneToTextzh-cn'
2025-05-26 22:32:19.206620 - DEBUG : <-<- null
2025-05-26 22:32:19.424542 - DEBUG : ->>> b'16/5\nmicrophoneToTextzh-cn'
2025-05-26 22:32:27.223333 - DEBUG : <-<- null
2025-05-26 22:32:27.395316 - DEBUG : ->>> b'16/5\nmicrophoneToTextzh-cn'
2025-05-26 22:32:34.680961 - DEBUG : <-<- null
2025-05-26 22:32:34.856502 - DEBUG : ->>> b'16/5\nmicrophoneToTextzh-cn'
2025-05-26 22:32:40.917892 - DEBUG : <-<- null
2025-05-26 22:32:41.058831 - DEBUG : ->>> b'16/5\nmicrophoneToTextzh-cn'
2025-05-26 22:32:47.020971 - DEBUG : <-<- null
2025-05-26 22:32:47.177559 - DEBUG : ->>> b'16/5\nmicrophoneToTextzh-cn'
2025-05-26 22:32:53.187231 - DEBUG : <-<- null
2025-05-26 22:32:53.403985 - DEBUG : ->>> b'16/5\nmicrophoneToTextzh-cn'
2025-05-26 22:32:59.380401 - DEBUG : <-<- null
2025-05-26 22:32:59.548296 - DEBUG : ->>> b'16/5\nmicrophoneToTextzh-cn'
2025-05-26 22:33:05.556455 - DEBUG : <-<- null
2025-05-26 22:33:05.696103 - DEBUG : ->>> b'16/5\nmicrophoneToTextzh-cn'
2025-05-26 22:33:12.433593 - DEBUG : <-<- null
2025-05-26 22:33:12.587572 - DEBUG : ->>> b'16/5\nmicrophoneToTextzh-cn'
2025-05-26 22:33:18.869629 - DEBUG : <-<- null
2025-05-26 22:33:19.072617 - DEBUG : ->>> b'16/5\nmicrophoneToTextzh-cn'
2025-05-26 22:33:25.115508 - DEBUG : <-<- null
2025-05-26 22:33:25.295164 - DEBUG : ->>> b'16/5\nmicrophoneToTextzh-cn'
2025-05-26 22:33:31.437907 - DEBUG : <-<- null
2025-05-26 22:33:31.630029 - DEBUG : ->>> b'16/5\nmicrophoneToTextzh-cn'
2025-05-26 22:33:39.687883 - DEBUG : <-<- null
2025-05-26 22:33:39.876128 - DEBUG : ->>> b'16/5\nmicrophoneToTextzh-cn'
2025-05-26 22:33:47.826445 - DEBUG : <-<- null
2025-05-26 22:33:47.969086 - DEBUG : ->>> b'16/5\nmicrophoneToTextzh-cn'
2025-05-26 22:33:54.833059 - DEBUG : <-<- null
2025-05-26 22:33:54.997649 - DEBUG : ->>> b'16/5\nmicrophoneToTextzh-cn'
2025-05-26 22:34:01.021978 - DEBUG : <-<- 这是毛泽东。
2025-05-26 22:34:07.461845 - DEBUG : ->>> b'14/1/6/2/3/3/1/5/5\nshowSpeechText0\xe6\xa5\xb7\xe4\xbd\x93201282550falsefalse'
2025-05-26 22:34:07.462843 - DEBUG : <-<- true
2025-05-26 22:34:07.464838 - DEBUG : ->>> b'15/14/660/5/20/1/4/1/7\nmetahumanSpeech../voice/2.mp3\xe6\x82\xa8\xe6\x8f\x90\xe5\x88\xb0\xe7\x9a\x84\xe2\x80\x9c\xe8\xbf\x99\xe6\x98\xaf\xe6\xaf\x9b\xe6\xb3\xbd\xe4\xb8\x9c\xe2\x80\x9d\xef\xbc\x8c\xe6\xaf\x9b\xe6\xb3\xbd\xe4\xb8\x9c\xef\xbc\x881893\xe5\xb9\xb412\xe6\x9c\x8826\xe6\x97\xa5-1976\xe5\xb9\xb49\xe6\x9c\x889\xe6\x97\xa5\xef\xbc\x89\xe6\x98\xaf\xe4\xb8\xad\xe5\x9b\xbd\xe5\x85\xb1\xe4\xba\xa7\xe5\x85\x9a\xe3\x80\x81\xe4\xb8\xad\xe5\x9b\xbd\xe4\xba\xba\xe6\xb0\x91\xe8\xa7\xa3\xe6\x94\xbe\xe5\x86\x9b\xe3\x80\x81\xe4\xb8\xad\xe5\x8d\x8e\xe4\xba\xba\xe6\xb0\x91\xe5\x85\xb1\xe5\x92\x8c\xe5\x9b\xbd\xe7\x9a\x84\xe4\xb8\xbb\xe8\xa6\x81\xe7\xbc\x94\xe9\x80\xa0\xe8\x80\x85\xe5\x92\x8c\xe9\xa2\x86\xe5\xaf\xbc\xe4\xba\xba\xef\xbc\x8c\xe5\xad\x97\xe6\xb6\xa6\xe4\xb9\x8b\xef\xbc\x88\xe5\x8e\x9f\xe4\xbd\x9c\xe5\x92\x8f\xe8\x8a\x9d\xef\xbc\x8c\xe5\x90\x8e\xe6\x94\xb9\xe6\xb6\xa6\xe8\x8a\x9d\xef\xbc\x89\xef\xbc\x8c\xe6\xb9\x96\xe5\x8d\x97\xe6\xb9\x98\xe6\xbd\xad\xe4\xba\xba\xe3\x80\x82\xe6\xaf\x9b\xe6\xb3\xbd\xe4\xb8\x9c\xe8\xa2\xab\xe8\xa7\x86\xe4\xb8\xba\xe7\x8e\xb0\xe4\xbb\xa3\xe4\xb8\x96\xe7\x95\x8c\xe5\x8e\x86\xe5\x8f\xb2\xe4\xb8\xad\xe6\x9c\x80\xe9\x87\x8d\xe8\xa6\x81\xe7\x9a\x84\xe4\xba\xba\xe7\x89\xa9\xe4\xb9\x8b\xe4\xb8\x80\xef\xbc\x8c\xe3\x80\x8a\xe6\x97\xb6\xe4\xbb\xa3\xe3\x80\x8b\xe6\x9d\x82\xe5\xbf\x97\xe4\xb9\x9f\xe5\xb0\x86\xe4\xbb\x96\xe8\xaf\x84\xe4\xb8\xba20\xe4\xb8\x96\xe7\xba\xaa\xe6\x9c\x80\xe5\x85\xb7\xe5\xbd\xb1\xe5\x93\x8d100\xe4\xba\xba\xe4\xb9\x8b\xe4\xb8\x80\xe3\x80\x82\n\n\xe6\xaf\x9b\xe6\xb3\xbd\xe4\xb8\x9c\xe4\xb8\x8d\xe4\xbb\x85\xe6\x98\xaf\xe4\xbc\x9f\xe5\xa4\xa7\xe7\x9a\x84\xe6\x94\xbf\xe6\xb2\xbb\xe5\xae\xb6\xe3\x80\x81\xe5\x86\x9b\xe4\xba\x8b\xe5\xae\xb6\xef\xbc\x8c\xe8\xbf\x98\xe6\x98\xaf\xe4\xb8\x80\xe4\xbd\x8d\xe8\xaf\x97\xe4\xba\xba\xe5\x92\x8c\xe4\xb9\xa6\xe6\xb3\x95\xe5\xae\xb6\xe3\x80\x82\xe4\xbb\x96\xe7\x9a\x84\xe8\xaf\x97\xe8\xaf\x8d\xe4\xbd\x9c\xe5\x93\x81\xe5\xa6\x82\xe3\x80\x8a\xe6\xb2\x81\xe5\x9b\xad\xe6\x98\xa5\xc2\xb7\xe9\x9b\xaa\xe3\x80\x8b\xe7\xad\x89\xe5\xb9\xbf\xe4\xb8\xba\xe6\xb5\x81\xe4\xbc\xa0\xef\xbc\x8c\xe5\xaf\xb9\xe4\xb8\xad\xe5\x9b\xbd\xe8\xbf\x91\xe7\x8e\xb0\xe4\xbb\xa3\xe5\x8f\xb2\xe4\xba\xa7\xe7\x94\x9f\xe4\xba\x86\xe6\xb7\xb1\xe8\xbf\x9c\xe7\x9a\x84\xe5\xbd\xb1\xe5\x93\x8d\xe3\x80\x82\xe5\xa6\x82\xe6\x9e\x9c\xe6\x82\xa8\xe6\x9c\x89\xe5\x85\xb3\xe4\xba\x8e\xe6\xaf\x9b\xe6\xb3\xbd\xe4\xb8\x9c\xe7\x9a\x84\xe5\x85\xb7\xe4\xbd\x93\xe9\x97\xae\xe9\xa2\x98\xe6\x88\x96\xe9\x9c\x80\xe8\xa6\x81\xe4\xba\x86\xe8\xa7\xa3\xe6\x9b\xb4\xe5\xa4\x9a\xe7\xbb\x86\xe8\x8a\x82\xef\xbc\x8c\xe8\xaf\xb7\xe5\x91\x8a\xe8\xaf\x89\xe6\x88\x91\xef\xbc\x81zh-cnzh-cn-XiaochenNeural0true0General'
2025-05-26 22:38:14.086573 - DEBUG : <-<- Client connection at 127.0.0.1: 56422
2025-05-26 22:38:14.094553 - DEBUG : ->>> b'17/84/6\ninitSpeechServiceCmwzTb35WSvnOYEPoY9wC12ExtiNJkI37VJlc9itceLmM6osBYstJQQJ99BAACYeBjFXJ3w3AAAYACOG1fhOeastus'
2025-05-26 22:38:14.109514 - DEBUG : <-<- true
2025-05-26 22:38:14.110511 - DEBUG : ->>> b'13/25/3/3/5/5\ninitMetahuman../humanModel/humanModel20.50.5falsefalse'
2025-05-26 22:38:57.119971 - DEBUG : <-<- true
2025-05-26 22:38:57.120969 - DEBUG : ->>> b'17/28/2/2/2/2\nreplaceBackground../NewHuman/background/2.jpg-1-1-150'
2025-05-26 22:38:57.258610 - DEBUG : <-<- true
2025-05-26 22:38:58.423589 - DEBUG : ->>> b'16/5\nmicrophoneToTextzh-cn'
2025-05-26 22:39:03.718403 - DEBUG : <-<- 你好。
2025-05-26 22:39:04.983123 - DEBUG : ->>> b'14/1/6/2/3/3/1/5/5\nshowSpeechText0\xe6\xa5\xb7\xe4\xbd\x93201282550falsefalse'
2025-05-26 22:39:04.985118 - DEBUG : <-<- true
2025-05-26 22:39:04.986115 - DEBUG : ->>> b'15/14/42/5/20/1/4/1/7\nmetahumanSpeech../voice/2.mp3\xe4\xbd\xa0\xe5\xa5\xbd\xef\xbc\x81\xe6\x9c\x89\xe4\xbb\x80\xe4\xb9\x88\xe5\x8f\xaf\xe4\xbb\xa5\xe5\xb8\xae\xe5\x88\xb0\xe4\xbd\xa0\xe7\x9a\x84\xe5\x90\x97\xef\xbc\x9fzh-cnzh-cn-XiaochenNeural0true0General'
2025-05-26 22:39:15.813515 - DEBUG : <-<- 3450
2025-05-26 22:39:15.815511 - DEBUG : ->>> b'16/5\nmicrophoneToTextzh-cn'
2025-05-26 22:39:19.315586 - DEBUG : <-<- 我是你爹。
2025-05-26 22:39:21.120904 - DEBUG : ->>> b'14/1/6/2/3/3/1/5/5\nshowSpeechText0\xe6\xa5\xb7\xe4\xbd\x93201282550falsefalse'
2025-05-26 22:39:21.121902 - DEBUG : <-<- true
2025-05-26 22:39:21.122900 - DEBUG : ->>> b'15/14/200/5/20/1/4/1/7\nmetahumanSpeech../voice/2.mp3\xe6\x82\xa8\xe5\xa5\xbd\xef\xbc\x8c\xe6\x8c\x89\xe7\x85\xa7\xe6\xad\xa3\xe5\xb8\xb8\xe7\x9a\x84\xe4\xba\xa4\xe4\xba\x92\xe9\x80\xbb\xe8\xbe\x91\xef\xbc\x8c\xe6\x88\x91\xe6\x98\xaf\xe7\x94\xb1\xe9\x98\xbf\xe9\x87\x8c\xe4\xba\x91\xe5\xbc\x80\xe5\x8f\x91\xe7\x9a\x84AI\xe5\x8a\xa9\xe6\x89\x8b\xef\xbc\x8c\xe5\x9b\xa0\xe6\xad\xa4\xe4\xb8\x8d\xe4\xbc\x9a\xe6\x9c\x89\xe7\x9c\x9f\xe5\xae\x9e\xe7\x9a\x84\xe4\xba\xb2\xe5\xad\x90\xe5\x85\xb3\xe7\xb3\xbb\xe3\x80\x82\xe5\xa6\x82\xe6\x9e\x9c\xe6\x82\xa8\xe6\x9c\x89\xe4\xbb\xbb\xe4\xbd\x95\xe9\x97\xae\xe9\xa2\x98\xe6\x88\x96\xe9\x9c\x80\xe8\xa6\x81\xe5\xb8\xae\xe5\x8a\xa9\xef\xbc\x8c\xe8\xaf\xb7\xe5\x91\x8a\xe8\xaf\x89\xe6\x88\x91\xef\xbc\x8c\xe6\x88\x91\xe4\xbc\x9a\xe5\xb0\xbd\xe5\x8a\x9b\xe6\x8f\x90\xe4\xbe\x9b\xe6\x94\xaf\xe6\x8c\x81\xe3\x80\x82zh-cnzh-cn-XiaochenNeural0true0General'
2025-05-26 22:39:37.908648 - DEBUG : <-<- 13387
2025-05-26 22:39:37.909645 - DEBUG : ->>> b'16/5\nmicrophoneToTextzh-cn'
2025-05-26 22:39:44.008443 - DEBUG : <-<- null
2025-05-26 22:39:44.182991 - DEBUG : ->>> b'16/5\nmicrophoneToTextzh-cn'
2025-05-26 22:39:50.809246 - DEBUG : <-<- 我是你爹。
2025-05-26 22:39:52.106977 - DEBUG : ->>> b'14/1/6/2/3/3/1/5/5\nshowSpeechText0\xe6\xa5\xb7\xe4\xbd\x93201282550falsefalse'
2025-05-26 22:39:52.108974 - DEBUG : <-<- true
2025-05-26 22:39:52.108974 - DEBUG : ->>> b'15/14/168/5/20/1/4/1/7\nmetahumanSpeech../voice/2.mp3\xe6\x82\xa8\xe5\xa5\xbd\xef\xbc\x8c\xe6\x8c\x89\xe7\x85\xa7\xe5\xb8\xb8\xe8\xa7\x84\xe7\x9a\x84\xe7\xa4\xbe\xe4\xba\xa4\xe5\x92\x8c\xe4\xbc\xa6\xe7\x90\x86\xe8\xa7\x84\xe8\x8c\x83\xef\xbc\x8c\xe8\xbf\x99\xe6\xa0\xb7\xe7\x9a\x84\xe8\xa1\xa8\xe8\xbf\xb0\xe5\x8f\xaf\xe8\x83\xbd\xe4\xb8\x8d\xe5\xa4\xaa\xe6\x81\xb0\xe5\xbd\x93\xe3\x80\x82\xe5\xa6\x82\xe6\x9e\x9c\xe6\x82\xa8\xe6\x9c\x89\xe4\xbb\xbb\xe4\xbd\x95\xe9\x97\xae\xe9\xa2\x98\xe6\x88\x96\xe9\x9c\x80\xe8\xa6\x81\xe5\xb8\xae\xe5\x8a\xa9\xef\xbc\x8c\xe8\xaf\xb7\xe5\x91\x8a\xe8\xaf\x89\xe6\x88\x91\xef\xbc\x8c\xe6\x88\x91\xe4\xbc\x9a\xe5\xb0\xbd\xe5\x8a\x9b\xe6\x8f\x90\xe4\xbe\x9b\xe5\xb8\xae\xe5\x8a\xa9\xe3\x80\x82zh-cnzh-cn-XiaochenNeural0true0General'
2025-05-26 22:40:07.987815 - DEBUG : <-<- 10887
2025-05-26 22:40:07.988813 - DEBUG : ->>> b'16/5\nmicrophoneToTextzh-cn'
2025-05-26 22:40:14.483958 - DEBUG : <-<- null
2025-05-26 22:40:14.690932 - DEBUG : ->>> b'16/5\nmicrophoneToTextzh-cn'
2025-05-26 22:40:21.384547 - DEBUG : <-<- null
2025-05-26 22:41:40.623797 - DEBUG : <-<- Client connection at 127.0.0.1: 56552
2025-05-26 22:41:43.379747 - DEBUG : ->>> b'17/84/6\ninitSpeechServiceCmwzTb35WSvnOYEPoY9wC12ExtiNJkI37VJlc9itceLmM6osBYstJQQJ99BAACYeBjFXJ3w3AAAYACOG1fhOeastus'
2025-05-26 22:41:43.390720 - DEBUG : <-<- true
2025-05-26 22:41:43.391716 - DEBUG : ->>> b'13/25/3/3/5/5\ninitMetahuman../humanModel/humanModel20.50.5falsefalse'
2025-05-26 22:42:26.786563 - DEBUG : <-<- true
2025-05-26 22:42:26.787561 - DEBUG : ->>> b'17/28/2/2/2/2\nreplaceBackground../NewHuman/background/2.jpg-1-1-150'
2025-05-26 22:42:26.925204 - DEBUG : <-<- true
2025-05-26 22:42:28.074224 - DEBUG : ->>> b'16/5\nmicrophoneToTextzh-cn'
2025-05-26 22:42:34.372887 - DEBUG : <-<- null
2025-05-26 22:42:35.206888 - DEBUG : ->>> b'16/5\nmicrophoneToTextzh-cn'
2025-05-26 22:42:39.444502 - DEBUG : <-<- 你好。
2025-05-26 22:42:39.928393 - DEBUG : ->>> b'14/1/6/2/3/3/1/5/5\nshowSpeechText0\xe6\xa5\xb7\xe4\xbd\x93201282550falsefalse'
2025-05-26 22:42:39.929390 - DEBUG : <-<- true
2025-05-26 22:42:39.930388 - DEBUG : ->>> b'15/14/42/5/20/1/4/1/7\nmetahumanSpeech../voice/2.mp3\xe4\xbd\xa0\xe5\xa5\xbd\xef\xbc\x81\xe6\x9c\x89\xe4\xbb\x80\xe4\xb9\x88\xe5\x8f\xaf\xe4\xbb\xa5\xe5\xb8\xae\xe5\x8a\xa9\xe4\xbd\xa0\xe7\x9a\x84\xe5\x90\x97\xef\xbc\x9fzh-cnzh-cn-XiaochenNeural0true0General'
2025-05-26 22:42:47.749388 - DEBUG : <-<- 3412
2025-05-26 22:42:47.750385 - DEBUG : ->>> b'16/5\nmicrophoneToTextzh-cn'
2025-05-26 22:45:27.443053 - DEBUG : <-<- Client connection at 127.0.0.1: 56694
2025-05-26 22:45:27.444050 - DEBUG : ->>> b'17/84/6\ninitSpeechServiceCmwzTb35WSvnOYEPoY9wC12ExtiNJkI37VJlc9itceLmM6osBYstJQQJ99BAACYeBjFXJ3w3AAAYACOG1fhOeastus'
2025-05-26 22:45:27.458013 - DEBUG : <-<- true
2025-05-26 22:45:27.459012 - DEBUG : ->>> b'13/25/3/3/5/5\ninitMetahuman../humanModel/humanModel20.50.5falsefalse'
2025-05-26 22:46:12.767546 - DEBUG : <-<- true
2025-05-26 22:46:12.769541 - DEBUG : ->>> b'17/28/2/2/2/2\nreplaceBackground../NewHuman/background/2.jpg-1-1-150'
2025-05-26 22:46:12.916162 - DEBUG : <-<- true
2025-05-26 22:46:15.995175 - DEBUG : ->>> b'16/5\nmicrophoneToTextzh-cn'
2025-05-26 22:48:41.859550 - DEBUG : <-<- Client connection at 127.0.0.1: 56808
2025-05-26 22:48:41.860548 - DEBUG : ->>> b'17/84/6\ninitSpeechServiceCmwzTb35WSvnOYEPoY9wC12ExtiNJkI37VJlc9itceLmM6osBYstJQQJ99BAACYeBjFXJ3w3AAAYACOG1fhOeastus'
2025-05-26 22:48:41.874512 - DEBUG : <-<- true
2025-05-26 22:48:41.875509 - DEBUG : ->>> b'13/25/3/3/5/5\ninitMetahuman../humanModel/humanModel20.50.5falsefalse'
2025-05-26 22:49:25.316741 - DEBUG : <-<- true
2025-05-26 22:49:25.317729 - DEBUG : ->>> b'17/28/2/2/2/2\nreplaceBackground../NewHuman/background/2.jpg-1-1-150'
2025-05-26 22:49:25.458721 - DEBUG : <-<- true
2025-05-26 22:49:26.649398 - DEBUG : ->>> b'16/5\nmicrophoneToTextzh-cn'
2025-05-26 22:49:32.195937 - DEBUG : <-<- 你好。
2025-05-26 22:49:33.492719 - DEBUG : ->>> b'14/1/6/2/3/3/1/5/5\nshowSpeechText0\xe6\xa5\xb7\xe4\xbd\x93201282550falsefalse'
2025-05-26 22:49:33.493717 - DEBUG : <-<- true
2025-05-26 22:49:33.494714 - DEBUG : ->>> b'15/14/42/5/20/1/4/1/7\nmetahumanSpeech../voice/2.mp3\xe4\xbd\xa0\xe5\xa5\xbd\xef\xbc\x81\xe6\x9c\x89\xe4\xbb\x80\xe4\xb9\x88\xe5\x8f\xaf\xe4\xbb\xa5\xe5\xb8\xae\xe5\x8a\xa9\xe4\xbd\xa0\xe7\x9a\x84\xe5\x90\x97\xef\xbc\x9fzh-cnzh-cn-XiaochenNeural0true0General'
2025-05-26 22:49:39.357330 - DEBUG : <-<- 3412
2025-05-26 22:49:39.357842 - DEBUG : ->>> b'16/5\nmicrophoneToTextzh-cn'
2025-05-26 22:49:46.670228 - DEBUG : <-<- null
2025-05-26 22:49:46.841783 - DEBUG : ->>> b'16/5\nmicrophoneToTextzh-cn'
2025-05-26 22:49:53.160651 - DEBUG : <-<- null
2025-05-26 22:49:53.330796 - DEBUG : ->>> b'16/5\nmicrophoneToTextzh-cn'
2025-05-26 22:49:59.669878 - DEBUG : <-<- null
2025-05-26 22:49:59.817005 - DEBUG : ->>> b'16/5\nmicrophoneToTextzh-cn'
2025-05-26 22:50:05.810361 - DEBUG : <-<- null
2025-05-26 22:50:06.020326 - DEBUG : ->>> b'16/5\nmicrophoneToTextzh-cn'
2025-05-26 22:50:30.905364 - DEBUG : <-<- Client connection at 127.0.0.1: 56953
2025-05-26 22:50:30.906361 - DEBUG : ->>> b'17/84/6\ninitSpeechServiceCmwzTb35WSvnOYEPoY9wC12ExtiNJkI37VJlc9itceLmM6osBYstJQQJ99BAACYeBjFXJ3w3AAAYACOG1fhOeastus'
2025-05-26 22:50:30.919327 - DEBUG : <-<- true
2025-05-26 22:50:30.920326 - DEBUG : ->>> b'13/25/3/3/5/5\ninitMetahuman../humanModel/humanModel20.50.5falsefalse'
2025-05-26 22:51:16.578865 - DEBUG : <-<- true
2025-05-26 22:51:16.579862 - DEBUG : ->>> b'17/28/2/2/2/2\nreplaceBackground../NewHuman/background/2.jpg-1-1-150'
2025-05-26 22:51:16.718877 - DEBUG : <-<- true
2025-05-26 22:51:18.123052 - DEBUG : ->>> b'16/5\nmicrophoneToTextzh-cn'
2025-05-26 22:51:40.579212 - DEBUG : <-<- Client connection at 127.0.0.1: 56998
2025-05-26 22:51:40.580210 - DEBUG : ->>> b'17/84/6\ninitSpeechServiceCmwzTb35WSvnOYEPoY9wC12ExtiNJkI37VJlc9itceLmM6osBYstJQQJ99BAACYeBjFXJ3w3AAAYACOG1fhOeastus'
2025-05-26 22:51:40.593176 - DEBUG : <-<- true
2025-05-26 22:51:40.594174 - DEBUG : ->>> b'13/25/3/3/5/5\ninitMetahuman../humanModel/humanModel20.50.5falsefalse'
2025-05-26 22:52:22.083218 - DEBUG : <-<- true
2025-05-26 22:52:22.084216 - DEBUG : ->>> b'17/28/2/2/2/2\nreplaceBackground../NewHuman/background/2.jpg-1-1-150'
2025-05-26 22:52:22.204408 - DEBUG : <-<- true
2025-05-26 22:52:25.033308 - DEBUG : ->>> b'16/5\nmicrophoneToTextzh-cn'
2025-05-26 22:52:32.321899 - DEBUG : <-<- null
2025-05-26 22:52:33.740881 - DEBUG : ->>> b'16/5\nmicrophoneToTextzh-cn'
2025-05-26 22:52:41.573909 - DEBUG : <-<- null
2025-05-26 22:52:41.759425 - DEBUG : ->>> b'16/5\nmicrophoneToTextzh-cn'
2025-05-26 22:53:06.152642 - DEBUG : <-<- null
2025-05-26 22:53:06.353631 - DEBUG : ->>> b'16/5\nmicrophoneToTextzh-cn'
2025-05-26 22:53:12.588535 - DEBUG : <-<- null
2025-05-26 22:53:12.751463 - DEBUG : ->>> b'16/5\nmicrophoneToTextzh-cn'
2025-05-26 22:53:20.191958 - DEBUG : <-<- null
2025-05-26 22:53:20.365234 - DEBUG : ->>> b'16/5\nmicrophoneToTextzh-cn'
2025-05-26 22:53:26.374547 - DEBUG : <-<- null
2025-05-26 22:53:26.529487 - DEBUG : ->>> b'16/5\nmicrophoneToTextzh-cn'
2025-05-26 22:53:32.594532 - DEBUG : <-<- null
2025-05-26 22:53:32.776224 - DEBUG : ->>> b'16/5\nmicrophoneToTextzh-cn'
2025-05-26 22:53:35.812343 - DEBUG : <-<- ***。
2025-05-26 22:53:36.802329 - DEBUG : ->>> b'14/1/6/2/3/3/1/5/5\nshowSpeechText0\xe6\xa5\xb7\xe4\xbd\x93201282550falsefalse'
2025-05-26 22:53:36.804324 - DEBUG : <-<- true
2025-05-26 22:53:36.806319 - DEBUG : ->>> b'15/14/123/5/20/1/4/1/7\nmetahumanSpeech../voice/2.mp3\xe6\x82\xa8\xe7\x9a\x84\xe6\xb6\x88\xe6\x81\xaf\xe4\xbc\xbc\xe4\xb9\x8e\xe4\xb8\x8d\xe5\xae\x8c\xe6\x95\xb4\xef\xbc\x8c\xe5\xa6\x82\xe6\x9e\x9c\xe6\x82\xa8\xe6\x9c\x89\xe5\x85\xb6\xe4\xbb\x96\xe9\x97\xae\xe9\xa2\x98\xe6\x88\x96\xe9\x9c\x80\xe8\xa6\x81\xe5\xb8\xae\xe5\x8a\xa9\xef\xbc\x8c\xe8\xaf\xb7\xe8\xaf\xa6\xe7\xbb\x86\xe8\xaf\xb4\xe6\x98\x8e\xe4\xb8\x80\xe4\xb8\x8b\xef\xbc\x8c\xe6\x88\x91\xe4\xbc\x9a\xe5\xb0\xbd\xe5\x8a\x9b\xe6\x8f\x90\xe4\xbe\x9b\xe5\xb8\xae\xe5\x8a\xa9\xe3\x80\x82zh-cnzh-cn-XiaochenNeural0true0General'
2025-05-26 22:53:47.644221 - DEBUG : <-<- 7537
2025-05-26 22:53:47.645218 - DEBUG : ->>> b'16/5\nmicrophoneToTextzh-cn'
2025-05-26 22:53:55.605835 - DEBUG : <-<- null
2025-05-26 22:53:55.791425 - DEBUG : ->>> b'16/5\nmicrophoneToTextzh-cn'
2025-05-26 22:53:59.821911 - DEBUG : <-<- ***。
2025-05-26 22:54:00.873702 - DEBUG : ->>> b'14/1/6/2/3/3/1/5/5\nshowSpeechText0\xe6\xa5\xb7\xe4\xbd\x93201282550falsefalse'
2025-05-26 22:54:00.874699 - DEBUG : <-<- true
2025-05-26 22:54:00.875709 - DEBUG : ->>> b'15/14/147/5/20/1/4/1/7\nmetahumanSpeech../voice/2.mp3\xe7\x9c\x8b\xe8\xb5\xb7\xe6\x9d\xa5\xe6\x82\xa8\xe7\x9a\x84\xe6\xb6\x88\xe6\x81\xaf\xe5\x8f\xaf\xe8\x83\xbd\xe6\xb2\xa1\xe6\x9c\x89\xe5\xae\x8c\xe5\x85\xa8\xe5\x8f\x91\xe9\x80\x81\xe3\x80\x82\xe5\xa6\x82\xe6\x9e\x9c\xe6\x82\xa8\xe6\x9c\x89\xe4\xbb\xbb\xe4\xbd\x95\xe9\x97\xae\xe9\xa2\x98\xe6\x88\x96\xe9\x9c\x80\xe8\xa6\x81\xe5\xb8\xae\xe5\x8a\xa9\xef\xbc\x8c\xe8\xaf\xb7\xe6\x8f\x90\xe4\xbe\x9b\xe6\x9b\xb4\xe5\xa4\x9a\xe4\xbf\xa1\xe6\x81\xaf\xef\xbc\x8c\xe6\x88\x91\xe4\xbc\x9a\xe5\xb0\xbd\xe5\x8a\x9b\xe4\xb8\xba\xe6\x82\xa8\xe6\x8f\x90\xe4\xbe\x9b\xe5\xb8\xae\xe5\x8a\xa9\xe3\x80\x82zh-cnzh-cn-XiaochenNeural0true0General'
2025-05-26 22:55:34.232925 - DEBUG : <-<- Client connection at 127.0.0.1: 57154
2025-05-26 22:55:34.235917 - DEBUG : ->>> b'17/84/6\ninitSpeechServiceCmwzTb35WSvnOYEPoY9wC12ExtiNJkI37VJlc9itceLmM6osBYstJQQJ99BAACYeBjFXJ3w3AAAYACOG1fhOeastus'
2025-05-26 22:55:34.250902 - DEBUG : <-<- true
2025-05-26 22:55:34.251415 - DEBUG : ->>> b'13/25/3/3/5/5\ninitMetahuman../humanModel/humanModel20.50.5falsefalse'
2025-05-26 22:56:19.824864 - DEBUG : <-<- true
2025-05-26 22:56:19.825862 - DEBUG : ->>> b'17/28/2/2/2/2\nreplaceBackground../NewHuman/background/2.jpg-1-1-150'
2025-05-26 22:56:19.977105 - DEBUG : <-<- true
2025-05-26 22:56:21.115673 - DEBUG : ->>> b'16/5\nmicrophoneToTextzh-cn'
2025-05-26 22:56:28.288934 - DEBUG : <-<- null
2025-05-26 22:56:29.115035 - DEBUG : ->>> b'16/5\nmicrophoneToTextzh-cn'
2025-05-26 22:56:34.381803 - DEBUG : <-<- 我是你爹。
2025-05-26 22:56:36.060506 - DEBUG : ->>> b'14/1/6/2/3/3/1/5/5\nshowSpeechText0\xe6\xa5\xb7\xe4\xbd\x93201282550falsefalse'
2025-05-26 22:56:36.062502 - DEBUG : <-<- true
2025-05-26 22:56:36.063499 - DEBUG : ->>> b'15/14/207/5/20/1/4/1/7\nmetahumanSpeech../voice/2.mp3\xe6\x82\xa8\xe5\xa5\xbd\xef\xbc\x8c\xe6\x8c\x89\xe7\x85\xa7\xe6\xad\xa3\xe5\xb8\xb8\xe7\x9a\x84\xe9\x80\xbb\xe8\xbe\x91\xe5\x92\x8c\xe5\xae\x9e\xe9\x99\x85\xe6\x83\x85\xe5\x86\xb5\xef\xbc\x8c\xe7\x94\xa8\xe6\x88\xb7\xe5\x92\x8c\xe8\x99\x9a\xe6\x8b\x9f\xe5\x8a\xa9\xe6\x89\x8b\xe4\xb9\x8b\xe9\x97\xb4\xe4\xb8\x8d\xe5\xad\x98\xe5\x9c\xa8\xe4\xba\xb2\xe5\xad\x90\xe5\x85\xb3\xe7\xb3\xbb\xe3\x80\x82\xe5\xa6\x82\xe6\x9e\x9c\xe6\x82\xa8\xe6\x9c\x89\xe4\xbb\xbb\xe4\xbd\x95\xe9\x97\xae\xe9\xa2\x98\xe6\x88\x96\xe9\x9c\x80\xe8\xa6\x81\xe5\xb8\xae\xe5\x8a\xa9\xef\xbc\x8c\xe6\x88\x91\xe5\xbe\x88\xe4\xb9\x90\xe6\x84\x8f\xe6\x8f\x90\xe4\xbe\x9b\xe6\x94\xaf\xe6\x8c\x81\xe3\x80\x82\xe8\xaf\xb7\xe9\x97\xae\xe6\x9c\x89\xe4\xbb\x80\xe4\xb9\x88\xe6\x88\x91\xe5\x8f\xaf\xe4\xbb\xa5\xe5\xb8\xae\xe6\x82\xa8\xe7\x9a\x84\xe5\x90\x97\xef\xbc\x9fzh-cnzh-cn-XiaochenNeural0true0General'
2025-05-26 22:56:53.204881 - DEBUG : <-<- 13787
2025-05-26 22:56:53.205879 - DEBUG : ->>> b'16/5\nmicrophoneToTextzh-cn'
2025-05-26 22:56:59.519498 - DEBUG : <-<- 我***呀。
2025-05-26 22:57:01.120529 - DEBUG : ->>> b'14/1/6/2/3/3/1/5/5\nshowSpeechText0\xe6\xa5\xb7\xe4\xbd\x93201282550falsefalse'
2025-05-26 22:57:01.122524 - DEBUG : <-<- true
2025-05-26 22:57:01.123520 - DEBUG : ->>> b'15/14/135/5/20/1/4/1/7\nmetahumanSpeech../voice/2.mp3\xe7\x9c\x8b\xe8\xb5\xb7\xe6\x9d\xa5\xe4\xbd\xa0\xe5\x8f\xaf\xe8\x83\xbd\xe9\x81\x87\xe5\x88\xb0\xe4\xba\x86\xe4\xb8\x80\xe4\xba\x9b\xe8\xae\xa9\xe4\xbd\xa0\xe6\x84\x9f\xe5\x88\xb0\xe4\xb8\x8d\xe5\xbf\xab\xe7\x9a\x84\xe4\xba\x8b\xe6\x83\x85\xe3\x80\x82\xe5\xa6\x82\xe6\x9e\x9c\xe4\xbd\xa0\xe6\x84\xbf\xe6\x84\x8f\xe5\x88\x86\xe4\xba\xab\xe7\x9a\x84\xe8\xaf\x9d\xef\xbc\x8c\xe6\x88\x91\xe5\x8f\xaf\xe4\xbb\xa5\xe8\xaf\x95\xe7\x9d\x80\xe5\xb8\xae\xe5\x8a\xa9\xe4\xbd\xa0\xe5\x88\x86\xe6\x9e\x90\xe5\x92\x8c\xe8\xa7\xa3\xe5\x86\xb3\xe3\x80\x82zh-cnzh-cn-XiaochenNeural0true0General'
2025-05-26 22:57:17.343434 - DEBUG : <-<- 8312
2025-05-26 22:57:17.344432 - DEBUG : ->>> b'16/5\nmicrophoneToTextzh-cn'
2025-05-26 22:57:23.544223 - DEBUG : <-<- null
2025-05-26 22:57:23.731662 - DEBUG : ->>> b'16/5\nmicrophoneToTextzh-cn'
2025-05-26 22:57:30.057109 - DEBUG : <-<- null
2025-05-26 22:57:30.250122 - DEBUG : ->>> b'16/5\nmicrophoneToTextzh-cn'
2025-05-26 22:57:36.475358 - DEBUG : <-<- null
2025-05-26 22:57:36.661380 - DEBUG : ->>> b'16/5\nmicrophoneToTextzh-cn'
2025-05-26 22:57:46.256949 - DEBUG : <-<- null
2025-05-26 22:57:46.459007 - DEBUG : ->>> b'16/5\nmicrophoneToTextzh-cn'
2025-05-26 22:57:52.731386 - DEBUG : <-<- null
2025-05-26 22:57:52.918406 - DEBUG : ->>> b'16/5\nmicrophoneToTextzh-cn'
2025-05-26 22:57:59.075281 - DEBUG : <-<- null
2025-05-26 22:57:59.237231 - DEBUG : ->>> b'16/5\nmicrophoneToTextzh-cn'
2025-05-26 22:58:05.290990 - DEBUG : <-<- null
2025-05-26 22:58:05.470904 - DEBUG : ->>> b'16/5\nmicrophoneToTextzh-cn'
2025-05-26 22:58:11.587004 - DEBUG : <-<- null
2025-05-26 22:58:11.761993 - DEBUG : ->>> b'16/5\nmicrophoneToTextzh-cn'
2025-05-26 22:58:17.835233 - DEBUG : <-<- null
2025-05-26 22:58:18.006344 - DEBUG : ->>> b'16/5\nmicrophoneToTextzh-cn'
2025-05-26 22:58:24.482503 - DEBUG : <-<- null
2025-05-26 22:58:24.652471 - DEBUG : ->>> b'16/5\nmicrophoneToTextzh-cn'
2025-05-26 22:58:30.733908 - DEBUG : <-<- null
2025-05-26 22:58:30.906867 - DEBUG : ->>> b'16/5\nmicrophoneToTextzh-cn'
2025-05-26 22:58:37.115626 - DEBUG : <-<- null
2025-05-26 22:58:37.298659 - DEBUG : ->>> b'16/5\nmicrophoneToTextzh-cn'
2025-05-26 22:58:44.171656 - DEBUG : <-<- null
2025-05-26 22:58:44.374636 - DEBUG : ->>> b'16/5\nmicrophoneToTextzh-cn'
2025-05-26 22:58:51.576521 - DEBUG : <-<- null
2025-05-26 22:58:51.731623 - DEBUG : ->>> b'16/5\nmicrophoneToTextzh-cn'
2025-05-26 22:58:58.467926 - DEBUG : <-<- null
2025-05-26 22:58:58.640542 - DEBUG : ->>> b'16/5\nmicrophoneToTextzh-cn'
2025-05-26 22:59:05.703862 - DEBUG : <-<- null
2025-05-26 22:59:05.875820 - DEBUG : ->>> b'16/5\nmicrophoneToTextzh-cn'
2025-05-26 22:59:22.954369 - DEBUG : <-<- null
2025-05-26 22:59:23.111469 - DEBUG : ->>> b'16/5\nmicrophoneToTextzh-cn'
2025-05-26 22:59:29.242514 - DEBUG : <-<- null
2025-05-26 22:59:29.413576 - DEBUG : ->>> b'16/5\nmicrophoneToTextzh-cn'
2025-05-26 22:59:35.733041 - DEBUG : <-<- null
2025-05-26 22:59:35.905210 - DEBUG : ->>> b'16/5\nmicrophoneToTextzh-cn'
2025-05-26 22:59:44.612906 - DEBUG : <-<- null
2025-05-26 22:59:44.784458 - DEBUG : ->>> b'16/5\nmicrophoneToTextzh-cn'
2025-05-26 22:59:51.093515 - DEBUG : <-<- null
2025-05-26 22:59:51.247551 - DEBUG : ->>> b'16/5\nmicrophoneToTextzh-cn'
2025-05-26 22:59:57.908119 - DEBUG : <-<- null
2025-05-26 22:59:58.070199 - DEBUG : ->>> b'16/5\nmicrophoneToTextzh-cn'
2025-05-26 23:00:04.552790 - DEBUG : <-<- null
2025-05-26 23:00:04.716367 - DEBUG : ->>> b'16/5\nmicrophoneToTextzh-cn'
2025-05-26 23:00:11.035625 - DEBUG : <-<- null
2025-05-26 23:00:11.210169 - DEBUG : ->>> b'16/5\nmicrophoneToTextzh-cn'
2025-05-26 23:00:17.254503 - DEBUG : <-<- null
2025-05-26 23:00:17.449249 - DEBUG : ->>> b'16/5\nmicrophoneToTextzh-cn'
2025-05-26 23:00:23.742844 - DEBUG : <-<- null
2025-05-26 23:00:23.900942 - DEBUG : ->>> b'16/5\nmicrophoneToTextzh-cn'
2025-05-26 23:00:30.118191 - DEBUG : <-<- null
2025-05-26 23:00:30.270301 - DEBUG : ->>> b'16/5\nmicrophoneToTextzh-cn'
2025-05-26 23:00:36.094679 - DEBUG : <-<- 我操，随便他，他那个。
2025-05-26 23:00:38.070019 - DEBUG : ->>> b'14/1/6/2/3/3/1/5/5\nshowSpeechText0\xe6\xa5\xb7\xe4\xbd\x93201282550falsefalse'
2025-05-26 23:00:38.072007 - DEBUG : <-<- true
2025-05-26 23:00:38.073004 - DEBUG : ->>> b'15/14/336/5/20/1/4/1/7\nmetahumanSpeech../voice/2.mp3\xe7\x9c\x8b\xe8\xb5\xb7\xe6\x9d\xa5\xe4\xbd\xa0\xe5\x9c\xa8\xe8\xa1\xa8\xe8\xbe\xbe\xe4\xb8\x80\xe4\xba\x9b\xe5\xbc\xba\xe7\x83\x88\xe7\x9a\x84\xe6\x83\x85\xe7\xbb\xaa\xef\xbc\x8c\xe4\xbd\x86\xe4\xbd\xbf\xe7\x94\xa8\xe7\x9a\x84\xe8\xaf\xad\xe8\xa8\x80\xe5\x8f\xaf\xe8\x83\xbd\xe4\xb8\x8d\xe5\xa4\xaa\xe9\x80\x82\xe5\x90\x88\xe5\x85\xac\xe5\xbc\x80\xe5\x9c\xba\xe5\x90\x88\xe3\x80\x82\xe5\xa6\x82\xe6\x9e\x9c\xe4\xbd\xa0\xe6\x84\xbf\xe6\x84\x8f\xef\xbc\x8c\xe5\x8f\xaf\xe4\xbb\xa5\xe7\x94\xa8\xe6\x9b\xb4\xe6\x96\x87\xe6\x98\x8e\xe7\x9a\x84\xe6\x96\xb9\xe5\xbc\x8f\xe6\x9d\xa5\xe8\xa1\xa8\xe8\xbe\xbe\xe4\xbd\xa0\xe7\x9a\x84\xe6\x83\xb3\xe6\xb3\x95\xef\xbc\x8c\xe8\xbf\x99\xe6\xa0\xb7\xe4\xba\xa4\xe6\xb5\x81\xe4\xbc\x9a\xe6\x9b\xb4\xe5\x8a\xa0\xe9\xa1\xba\xe7\x95\x85\xe5\x92\x8c\xe5\xb0\x8a\xe9\x87\x8d\xe4\xbb\x96\xe4\xba\xba\xe3\x80\x82\xe6\x9c\x89\xe4\xbb\x80\xe4\xb9\x88\xe5\x85\xb7\xe4\xbd\x93\xe7\x9a\x84\xe4\xba\x8b\xe6\x83\x85\xe8\xae\xa9\xe4\xbd\xa0\xe6\x84\x9f\xe5\x88\xb0\xe4\xb8\x8d\xe5\xbc\x80\xe5\xbf\x83\xe6\x88\x96\xe8\x80\x85\xe5\x9b\xb0\xe6\x89\xb0\xe5\x90\x97\xef\xbc\x9f\xe6\x88\x91\xe4\xbb\xac\xe5\x8f\xaf\xe4\xbb\xa5\xe5\xb0\x9d\xe8\xaf\x95\xe7\x9d\x80\xe7\x94\xa8\xe7\xa7\xaf\xe6\x9e\x81\xe7\x9a\x84\xe6\x96\xb9\xe5\xbc\x8f\xe5\x8e\xbb\xe9\x9d\xa2\xe5\xaf\xb9\xe5\x92\x8c\xe8\xa7\xa3\xe5\x86\xb3\xe5\xae\x83\xe3\x80\x82zh-cnzh-cn-XiaochenNeural0true0General'
2025-05-26 23:01:03.370908 - DEBUG : <-<- 22262
2025-05-26 23:01:03.371421 - DEBUG : ->>> b'16/5\nmicrophoneToTextzh-cn'
2025-05-26 23:01:09.553498 - DEBUG : <-<- null
2025-05-26 23:01:09.753483 - DEBUG : ->>> b'16/5\nmicrophoneToTextzh-cn'
2025-05-26 23:01:16.889744 - DEBUG : <-<- null
2025-05-26 23:01:17.080467 - DEBUG : ->>> b'16/5\nmicrophoneToTextzh-cn'
2025-05-26 23:01:22.758921 - DEBUG : <-<- null
2025-05-26 23:01:22.945945 - DEBUG : ->>> b'16/5\nmicrophoneToTextzh-cn'
2025-05-26 23:01:30.417145 - DEBUG : <-<- null
2025-05-26 23:01:30.559779 - DEBUG : ->>> b'16/5\nmicrophoneToTextzh-cn'
2025-05-26 23:01:36.604047 - DEBUG : <-<- null
2025-05-26 23:01:36.820987 - DEBUG : ->>> b'16/5\nmicrophoneToTextzh-cn'
2025-05-26 23:01:43.589025 - DEBUG : <-<- null
2025-05-26 23:01:43.761573 - DEBUG : ->>> b'16/5\nmicrophoneToTextzh-cn'
2025-05-26 23:01:49.976336 - DEBUG : <-<- null
2025-05-26 23:01:50.148884 - DEBUG : ->>> b'16/5\nmicrophoneToTextzh-cn'
2025-05-26 23:01:56.529212 - DEBUG : <-<- null
2025-05-26 23:01:56.698769 - DEBUG : ->>> b'16/5\nmicrophoneToTextzh-cn'
2025-05-26 23:02:01.328655 - DEBUG : <-<- 太**了。
2025-05-26 23:02:03.014244 - DEBUG : ->>> b'14/1/6/2/3/3/1/5/5\nshowSpeechText0\xe6\xa5\xb7\xe4\xbd\x93201282550falsefalse'
2025-05-26 23:02:03.015242 - DEBUG : <-<- true
2025-05-26 23:02:03.016240 - DEBUG : ->>> b'15/14/296/5/20/1/4/1/7\nmetahumanSpeech../voice/2.mp3\xe6\x82\xa8\xe7\x9a\x84\xe6\xb6\x88\xe6\x81\xaf\xe4\xbc\xbc\xe4\xb9\x8e\xe4\xb8\x8d\xe5\xae\x8c\xe6\x95\xb4\xef\xbc\x8c\xe5\x8c\x85\xe5\x90\xab\xe4\xba\x86\xe4\xb8\x80\xe4\xb8\xaa\xe9\x9c\x80\xe8\xa6\x81\xe5\xa1\xab\xe5\x86\x99\xe7\x9a\x84\xe9\x83\xa8\xe5\x88\x86\xef\xbc\x88\xe5\xa4\xaa**\xe4\xba\x86\xef\xbc\x89\xe3\x80\x82\xe5\xa6\x82\xe6\x9e\x9c\xe6\x82\xa8\xe6\x83\xb3\xe8\xa6\x81\xe8\xa1\xa8\xe8\xbe\xbe\xe6\x9f\x90\xe7\xa7\x8d\xe6\x83\x85\xe6\x84\x9f\xe6\x88\x96\xe7\x8a\xb6\xe6\x80\x81\xef\xbc\x8c\xe8\xaf\xb7\xe6\x8f\x90\xe4\xbe\x9b\xe6\x9b\xb4\xe5\xa4\x9a\xe7\x9a\x84\xe4\xb8\x8a\xe4\xb8\x8b\xe6\x96\x87\xe6\x88\x96\xe8\x80\x85\xe6\x98\x8e\xe7\xa1\xae\xe6\x82\xa8\xe6\x83\xb3\xe8\xa6\x81\xe5\xa1\xab\xe5\x85\xa5\xe7\x9a\x84\xe5\x86\x85\xe5\xae\xb9\xef\xbc\x8c\xe6\xaf\x94\xe5\xa6\x82\xe2\x80\x9c\xe5\xa4\xaa\xe6\xa3\x92\xe4\xba\x86\xe2\x80\x9d\xe3\x80\x81\xe2\x80\x9c\xe5\xa4\xaa\xe7\xb3\x9f\xe7\xb3\x95\xe4\xba\x86\xe2\x80\x9d\xe7\xad\x89\xe3\x80\x82\xe8\xbf\x99\xe6\xa0\xb7\xe6\x88\x91\xe6\x89\x8d\xe8\x83\xbd\xe6\x9b\xb4\xe5\xa5\xbd\xe5\x9c\xb0\xe7\x90\x86\xe8\xa7\xa3\xe5\xb9\xb6\xe5\x9b\x9e\xe5\xba\x94\xe6\x82\xa8\xe7\x9a\x84\xe6\x84\x8f\xe6\x80\x9d\xe3\x80\x82zh-cnzh-cn-XiaochenNeural0true0General'
2025-05-26 23:02:32.208201 - DEBUG : <-<- 18387
2025-05-26 23:02:32.209198 - DEBUG : ->>> b'16/5\nmicrophoneToTextzh-cn'
2025-05-26 23:02:38.466943 - DEBUG : <-<- null
2025-05-26 23:02:38.648468 - DEBUG : ->>> b'16/5\nmicrophoneToTextzh-cn'
2025-05-26 23:02:44.641772 - DEBUG : <-<- null
2025-05-26 23:02:44.778415 - DEBUG : ->>> b'16/5\nmicrophoneToTextzh-cn'
2025-05-26 23:02:50.759429 - DEBUG : <-<- null
2025-05-26 23:02:50.896071 - DEBUG : ->>> b'16/5\nmicrophoneToTextzh-cn'
