2025-05-26 22:29:54.810218 - ERROR : send/read tcp data error: Traceback (most recent call last):
  File "G:\tools\anaconda1\.venv\lib\site-packages\PyAibote\Tool\SendTcpData.py", line 25, in SendData
    response = self.StarLoadWait(data)
  File "G:\tools\anaconda1\.venv\lib\site-packages\PyAibote\WindowsBotModel\WinLoadWait.py", line 42, in StarLoadWait
    response = self._Send(data)
  File "G:\tools\anaconda1\.venv\lib\site-packages\PyAibote\WindowsBotModel\WinLoadWait.py", line 22, in _Send
    response = self.request.recv(87654)
ConnectionResetError: [WinError 10054] 远程主机强迫关闭了一个现有的连接。

2025-05-26 22:29:54.812187 - ERROR : send/read tcp data error: Traceback (most recent call last):
  File "G:\tools\anaconda1\.venv\lib\site-packages\PyAibote\Tool\SendTcpData.py", line 25, in SendData
    response = self.StarLoadWait(data)
  File "G:\tools\anaconda1\.venv\lib\site-packages\PyAibote\WindowsBotModel\WinLoadWait.py", line 42, in StarLoadWait
    response = self._Send(data)
  File "G:\tools\anaconda1\.venv\lib\site-packages\PyAibote\WindowsBotModel\WinLoadWait.py", line 21, in _Send
    self.request.sendall(data)
OSError: [WinError 10038] 在一个非套接字上尝试了一个操作。

2025-05-26 22:29:54.814182 - ERROR : send/read tcp data error: Traceback (most recent call last):
  File "G:\tools\anaconda1\.venv\lib\site-packages\PyAibote\Tool\SendTcpData.py", line 25, in SendData
    response = self.StarLoadWait(data)
  File "G:\tools\anaconda1\.venv\lib\site-packages\PyAibote\WindowsBotModel\WinLoadWait.py", line 42, in StarLoadWait
    response = self._Send(data)
  File "G:\tools\anaconda1\.venv\lib\site-packages\PyAibote\WindowsBotModel\WinLoadWait.py", line 21, in _Send
    self.request.sendall(data)
OSError: [WinError 10038] 在一个非套接字上尝试了一个操作。

2025-05-26 22:29:54.816177 - ERROR : send/read tcp data error: Traceback (most recent call last):
  File "G:\tools\anaconda1\.venv\lib\site-packages\PyAibote\Tool\SendTcpData.py", line 25, in SendData
    response = self.StarLoadWait(data)
  File "G:\tools\anaconda1\.venv\lib\site-packages\PyAibote\WindowsBotModel\WinLoadWait.py", line 42, in StarLoadWait
    response = self._Send(data)
  File "G:\tools\anaconda1\.venv\lib\site-packages\PyAibote\WindowsBotModel\WinLoadWait.py", line 21, in _Send
    self.request.sendall(data)
OSError: [WinError 10038] 在一个非套接字上尝试了一个操作。

2025-05-26 22:29:54.818172 - ERROR : send/read tcp data error: Traceback (most recent call last):
  File "G:\tools\anaconda1\.venv\lib\site-packages\PyAibote\Tool\SendTcpData.py", line 25, in SendData
    response = self.StarLoadWait(data)
  File "G:\tools\anaconda1\.venv\lib\site-packages\PyAibote\WindowsBotModel\WinLoadWait.py", line 42, in StarLoadWait
    response = self._Send(data)
  File "G:\tools\anaconda1\.venv\lib\site-packages\PyAibote\WindowsBotModel\WinLoadWait.py", line 21, in _Send
    self.request.sendall(data)
OSError: [WinError 10038] 在一个非套接字上尝试了一个操作。

2025-05-26 22:29:54.820167 - ERROR : send/read tcp data error: Traceback (most recent call last):
  File "G:\tools\anaconda1\.venv\lib\site-packages\PyAibote\Tool\SendTcpData.py", line 25, in SendData
    response = self.StarLoadWait(data)
  File "G:\tools\anaconda1\.venv\lib\site-packages\PyAibote\WindowsBotModel\WinLoadWait.py", line 42, in StarLoadWait
    response = self._Send(data)
  File "G:\tools\anaconda1\.venv\lib\site-packages\PyAibote\WindowsBotModel\WinLoadWait.py", line 21, in _Send
    self.request.sendall(data)
OSError: [WinError 10038] 在一个非套接字上尝试了一个操作。

2025-05-26 22:29:54.822162 - ERROR : send/read tcp data error: Traceback (most recent call last):
  File "G:\tools\anaconda1\.venv\lib\site-packages\PyAibote\Tool\SendTcpData.py", line 25, in SendData
    response = self.StarLoadWait(data)
  File "G:\tools\anaconda1\.venv\lib\site-packages\PyAibote\WindowsBotModel\WinLoadWait.py", line 42, in StarLoadWait
    response = self._Send(data)
  File "G:\tools\anaconda1\.venv\lib\site-packages\PyAibote\WindowsBotModel\WinLoadWait.py", line 21, in _Send
    self.request.sendall(data)
OSError: [WinError 10038] 在一个非套接字上尝试了一个操作。

2025-05-26 22:29:54.824157 - ERROR : send/read tcp data error: Traceback (most recent call last):
  File "G:\tools\anaconda1\.venv\lib\site-packages\PyAibote\Tool\SendTcpData.py", line 25, in SendData
    response = self.StarLoadWait(data)
  File "G:\tools\anaconda1\.venv\lib\site-packages\PyAibote\WindowsBotModel\WinLoadWait.py", line 42, in StarLoadWait
    response = self._Send(data)
  File "G:\tools\anaconda1\.venv\lib\site-packages\PyAibote\WindowsBotModel\WinLoadWait.py", line 21, in _Send
    self.request.sendall(data)
OSError: [WinError 10038] 在一个非套接字上尝试了一个操作。

2025-05-26 22:29:54.826151 - ERROR : send/read tcp data error: Traceback (most recent call last):
  File "G:\tools\anaconda1\.venv\lib\site-packages\PyAibote\Tool\SendTcpData.py", line 25, in SendData
    response = self.StarLoadWait(data)
  File "G:\tools\anaconda1\.venv\lib\site-packages\PyAibote\WindowsBotModel\WinLoadWait.py", line 42, in StarLoadWait
    response = self._Send(data)
  File "G:\tools\anaconda1\.venv\lib\site-packages\PyAibote\WindowsBotModel\WinLoadWait.py", line 21, in _Send
    self.request.sendall(data)
OSError: [WinError 10038] 在一个非套接字上尝试了一个操作。

2025-05-26 22:29:54.828147 - ERROR : send/read tcp data error: Traceback (most recent call last):
  File "G:\tools\anaconda1\.venv\lib\site-packages\PyAibote\Tool\SendTcpData.py", line 25, in SendData
    response = self.StarLoadWait(data)
  File "G:\tools\anaconda1\.venv\lib\site-packages\PyAibote\WindowsBotModel\WinLoadWait.py", line 42, in StarLoadWait
    response = self._Send(data)
  File "G:\tools\anaconda1\.venv\lib\site-packages\PyAibote\WindowsBotModel\WinLoadWait.py", line 21, in _Send
    self.request.sendall(data)
OSError: [WinError 10038] 在一个非套接字上尝试了一个操作。

2025-05-26 22:29:54.830142 - ERROR : send/read tcp data error: Traceback (most recent call last):
  File "G:\tools\anaconda1\.venv\lib\site-packages\PyAibote\Tool\SendTcpData.py", line 25, in SendData
    response = self.StarLoadWait(data)
  File "G:\tools\anaconda1\.venv\lib\site-packages\PyAibote\WindowsBotModel\WinLoadWait.py", line 42, in StarLoadWait
    response = self._Send(data)
  File "G:\tools\anaconda1\.venv\lib\site-packages\PyAibote\WindowsBotModel\WinLoadWait.py", line 21, in _Send
    self.request.sendall(data)
OSError: [WinError 10038] 在一个非套接字上尝试了一个操作。

2025-05-26 22:29:54.832136 - ERROR : send/read tcp data error: Traceback (most recent call last):
  File "G:\tools\anaconda1\.venv\lib\site-packages\PyAibote\Tool\SendTcpData.py", line 25, in SendData
    response = self.StarLoadWait(data)
  File "G:\tools\anaconda1\.venv\lib\site-packages\PyAibote\WindowsBotModel\WinLoadWait.py", line 42, in StarLoadWait
    response = self._Send(data)
  File "G:\tools\anaconda1\.venv\lib\site-packages\PyAibote\WindowsBotModel\WinLoadWait.py", line 21, in _Send
    self.request.sendall(data)
OSError: [WinError 10038] 在一个非套接字上尝试了一个操作。

2025-05-26 22:29:54.834132 - ERROR : send/read tcp data error: Traceback (most recent call last):
  File "G:\tools\anaconda1\.venv\lib\site-packages\PyAibote\Tool\SendTcpData.py", line 25, in SendData
    response = self.StarLoadWait(data)
  File "G:\tools\anaconda1\.venv\lib\site-packages\PyAibote\WindowsBotModel\WinLoadWait.py", line 42, in StarLoadWait
    response = self._Send(data)
  File "G:\tools\anaconda1\.venv\lib\site-packages\PyAibote\WindowsBotModel\WinLoadWait.py", line 21, in _Send
    self.request.sendall(data)
OSError: [WinError 10038] 在一个非套接字上尝试了一个操作。

2025-05-26 22:29:54.836127 - ERROR : send/read tcp data error: Traceback (most recent call last):
  File "G:\tools\anaconda1\.venv\lib\site-packages\PyAibote\Tool\SendTcpData.py", line 25, in SendData
    response = self.StarLoadWait(data)
  File "G:\tools\anaconda1\.venv\lib\site-packages\PyAibote\WindowsBotModel\WinLoadWait.py", line 42, in StarLoadWait
    response = self._Send(data)
  File "G:\tools\anaconda1\.venv\lib\site-packages\PyAibote\WindowsBotModel\WinLoadWait.py", line 21, in _Send
    self.request.sendall(data)
OSError: [WinError 10038] 在一个非套接字上尝试了一个操作。

2025-05-26 22:29:54.838121 - ERROR : send/read tcp data error: Traceback (most recent call last):
  File "G:\tools\anaconda1\.venv\lib\site-packages\PyAibote\Tool\SendTcpData.py", line 25, in SendData
    response = self.StarLoadWait(data)
  File "G:\tools\anaconda1\.venv\lib\site-packages\PyAibote\WindowsBotModel\WinLoadWait.py", line 42, in StarLoadWait
    response = self._Send(data)
  File "G:\tools\anaconda1\.venv\lib\site-packages\PyAibote\WindowsBotModel\WinLoadWait.py", line 21, in _Send
    self.request.sendall(data)
OSError: [WinError 10038] 在一个非套接字上尝试了一个操作。

2025-05-26 22:29:54.840116 - ERROR : send/read tcp data error: Traceback (most recent call last):
  File "G:\tools\anaconda1\.venv\lib\site-packages\PyAibote\Tool\SendTcpData.py", line 25, in SendData
    response = self.StarLoadWait(data)
  File "G:\tools\anaconda1\.venv\lib\site-packages\PyAibote\WindowsBotModel\WinLoadWait.py", line 42, in StarLoadWait
    response = self._Send(data)
  File "G:\tools\anaconda1\.venv\lib\site-packages\PyAibote\WindowsBotModel\WinLoadWait.py", line 21, in _Send
    self.request.sendall(data)
OSError: [WinError 10038] 在一个非套接字上尝试了一个操作。

2025-05-26 22:29:54.842111 - ERROR : send/read tcp data error: Traceback (most recent call last):
  File "G:\tools\anaconda1\.venv\lib\site-packages\PyAibote\Tool\SendTcpData.py", line 25, in SendData
    response = self.StarLoadWait(data)
  File "G:\tools\anaconda1\.venv\lib\site-packages\PyAibote\WindowsBotModel\WinLoadWait.py", line 42, in StarLoadWait
    response = self._Send(data)
  File "G:\tools\anaconda1\.venv\lib\site-packages\PyAibote\WindowsBotModel\WinLoadWait.py", line 21, in _Send
    self.request.sendall(data)
OSError: [WinError 10038] 在一个非套接字上尝试了一个操作。

2025-05-26 22:29:54.844106 - ERROR : send/read tcp data error: Traceback (most recent call last):
  File "G:\tools\anaconda1\.venv\lib\site-packages\PyAibote\Tool\SendTcpData.py", line 25, in SendData
    response = self.StarLoadWait(data)
  File "G:\tools\anaconda1\.venv\lib\site-packages\PyAibote\WindowsBotModel\WinLoadWait.py", line 42, in StarLoadWait
    response = self._Send(data)
  File "G:\tools\anaconda1\.venv\lib\site-packages\PyAibote\WindowsBotModel\WinLoadWait.py", line 21, in _Send
    self.request.sendall(data)
OSError: [WinError 10038] 在一个非套接字上尝试了一个操作。

2025-05-26 22:29:54.846101 - ERROR : send/read tcp data error: Traceback (most recent call last):
  File "G:\tools\anaconda1\.venv\lib\site-packages\PyAibote\Tool\SendTcpData.py", line 25, in SendData
    response = self.StarLoadWait(data)
  File "G:\tools\anaconda1\.venv\lib\site-packages\PyAibote\WindowsBotModel\WinLoadWait.py", line 42, in StarLoadWait
    response = self._Send(data)
  File "G:\tools\anaconda1\.venv\lib\site-packages\PyAibote\WindowsBotModel\WinLoadWait.py", line 21, in _Send
    self.request.sendall(data)
OSError: [WinError 10038] 在一个非套接字上尝试了一个操作。

2025-05-26 22:29:54.848096 - ERROR : send/read tcp data error: Traceback (most recent call last):
  File "G:\tools\anaconda1\.venv\lib\site-packages\PyAibote\Tool\SendTcpData.py", line 25, in SendData
    response = self.StarLoadWait(data)
  File "G:\tools\anaconda1\.venv\lib\site-packages\PyAibote\WindowsBotModel\WinLoadWait.py", line 42, in StarLoadWait
    response = self._Send(data)
  File "G:\tools\anaconda1\.venv\lib\site-packages\PyAibote\WindowsBotModel\WinLoadWait.py", line 21, in _Send
    self.request.sendall(data)
OSError: [WinError 10038] 在一个非套接字上尝试了一个操作。

2025-05-26 22:29:54.850090 - ERROR : send/read tcp data error: Traceback (most recent call last):
  File "G:\tools\anaconda1\.venv\lib\site-packages\PyAibote\Tool\SendTcpData.py", line 25, in SendData
    response = self.StarLoadWait(data)
  File "G:\tools\anaconda1\.venv\lib\site-packages\PyAibote\WindowsBotModel\WinLoadWait.py", line 42, in StarLoadWait
    response = self._Send(data)
  File "G:\tools\anaconda1\.venv\lib\site-packages\PyAibote\WindowsBotModel\WinLoadWait.py", line 21, in _Send
    self.request.sendall(data)
OSError: [WinError 10038] 在一个非套接字上尝试了一个操作。

2025-05-26 22:29:54.853083 - ERROR : send/read tcp data error: Traceback (most recent call last):
  File "G:\tools\anaconda1\.venv\lib\site-packages\PyAibote\Tool\SendTcpData.py", line 25, in SendData
    response = self.StarLoadWait(data)
  File "G:\tools\anaconda1\.venv\lib\site-packages\PyAibote\WindowsBotModel\WinLoadWait.py", line 42, in StarLoadWait
    response = self._Send(data)
  File "G:\tools\anaconda1\.venv\lib\site-packages\PyAibote\WindowsBotModel\WinLoadWait.py", line 21, in _Send
    self.request.sendall(data)
OSError: [WinError 10038] 在一个非套接字上尝试了一个操作。

2025-05-26 22:29:54.856075 - ERROR : send/read tcp data error: Traceback (most recent call last):
  File "G:\tools\anaconda1\.venv\lib\site-packages\PyAibote\Tool\SendTcpData.py", line 25, in SendData
    response = self.StarLoadWait(data)
  File "G:\tools\anaconda1\.venv\lib\site-packages\PyAibote\WindowsBotModel\WinLoadWait.py", line 42, in StarLoadWait
    response = self._Send(data)
  File "G:\tools\anaconda1\.venv\lib\site-packages\PyAibote\WindowsBotModel\WinLoadWait.py", line 21, in _Send
    self.request.sendall(data)
OSError: [WinError 10038] 在一个非套接字上尝试了一个操作。

2025-05-26 22:29:54.858070 - ERROR : send/read tcp data error: Traceback (most recent call last):
  File "G:\tools\anaconda1\.venv\lib\site-packages\PyAibote\Tool\SendTcpData.py", line 25, in SendData
    response = self.StarLoadWait(data)
  File "G:\tools\anaconda1\.venv\lib\site-packages\PyAibote\WindowsBotModel\WinLoadWait.py", line 42, in StarLoadWait
    response = self._Send(data)
  File "G:\tools\anaconda1\.venv\lib\site-packages\PyAibote\WindowsBotModel\WinLoadWait.py", line 21, in _Send
    self.request.sendall(data)
OSError: [WinError 10038] 在一个非套接字上尝试了一个操作。

2025-05-26 22:29:54.860066 - ERROR : send/read tcp data error: Traceback (most recent call last):
  File "G:\tools\anaconda1\.venv\lib\site-packages\PyAibote\Tool\SendTcpData.py", line 25, in SendData
    response = self.StarLoadWait(data)
  File "G:\tools\anaconda1\.venv\lib\site-packages\PyAibote\WindowsBotModel\WinLoadWait.py", line 42, in StarLoadWait
    response = self._Send(data)
  File "G:\tools\anaconda1\.venv\lib\site-packages\PyAibote\WindowsBotModel\WinLoadWait.py", line 21, in _Send
    self.request.sendall(data)
OSError: [WinError 10038] 在一个非套接字上尝试了一个操作。

2025-05-26 22:29:54.862059 - ERROR : send/read tcp data error: Traceback (most recent call last):
  File "G:\tools\anaconda1\.venv\lib\site-packages\PyAibote\Tool\SendTcpData.py", line 25, in SendData
    response = self.StarLoadWait(data)
  File "G:\tools\anaconda1\.venv\lib\site-packages\PyAibote\WindowsBotModel\WinLoadWait.py", line 42, in StarLoadWait
    response = self._Send(data)
  File "G:\tools\anaconda1\.venv\lib\site-packages\PyAibote\WindowsBotModel\WinLoadWait.py", line 21, in _Send
    self.request.sendall(data)
OSError: [WinError 10038] 在一个非套接字上尝试了一个操作。

2025-05-26 22:29:54.864054 - ERROR : send/read tcp data error: Traceback (most recent call last):
  File "G:\tools\anaconda1\.venv\lib\site-packages\PyAibote\Tool\SendTcpData.py", line 25, in SendData
    response = self.StarLoadWait(data)
  File "G:\tools\anaconda1\.venv\lib\site-packages\PyAibote\WindowsBotModel\WinLoadWait.py", line 42, in StarLoadWait
    response = self._Send(data)
  File "G:\tools\anaconda1\.venv\lib\site-packages\PyAibote\WindowsBotModel\WinLoadWait.py", line 21, in _Send
    self.request.sendall(data)
OSError: [WinError 10038] 在一个非套接字上尝试了一个操作。

2025-05-26 22:29:54.866049 - ERROR : send/read tcp data error: Traceback (most recent call last):
  File "G:\tools\anaconda1\.venv\lib\site-packages\PyAibote\Tool\SendTcpData.py", line 25, in SendData
    response = self.StarLoadWait(data)
  File "G:\tools\anaconda1\.venv\lib\site-packages\PyAibote\WindowsBotModel\WinLoadWait.py", line 42, in StarLoadWait
    response = self._Send(data)
  File "G:\tools\anaconda1\.venv\lib\site-packages\PyAibote\WindowsBotModel\WinLoadWait.py", line 21, in _Send
    self.request.sendall(data)
OSError: [WinError 10038] 在一个非套接字上尝试了一个操作。

2025-05-26 22:29:54.868044 - ERROR : send/read tcp data error: Traceback (most recent call last):
  File "G:\tools\anaconda1\.venv\lib\site-packages\PyAibote\Tool\SendTcpData.py", line 25, in SendData
    response = self.StarLoadWait(data)
  File "G:\tools\anaconda1\.venv\lib\site-packages\PyAibote\WindowsBotModel\WinLoadWait.py", line 42, in StarLoadWait
    response = self._Send(data)
  File "G:\tools\anaconda1\.venv\lib\site-packages\PyAibote\WindowsBotModel\WinLoadWait.py", line 21, in _Send
    self.request.sendall(data)
OSError: [WinError 10038] 在一个非套接字上尝试了一个操作。

2025-05-26 22:29:54.872034 - ERROR : send/read tcp data error: Traceback (most recent call last):
  File "G:\tools\anaconda1\.venv\lib\site-packages\PyAibote\Tool\SendTcpData.py", line 25, in SendData
    response = self.StarLoadWait(data)
  File "G:\tools\anaconda1\.venv\lib\site-packages\PyAibote\WindowsBotModel\WinLoadWait.py", line 42, in StarLoadWait
    response = self._Send(data)
  File "G:\tools\anaconda1\.venv\lib\site-packages\PyAibote\WindowsBotModel\WinLoadWait.py", line 21, in _Send
    self.request.sendall(data)
OSError: [WinError 10038] 在一个非套接字上尝试了一个操作。

2025-05-26 22:29:54.874029 - ERROR : send/read tcp data error: Traceback (most recent call last):
  File "G:\tools\anaconda1\.venv\lib\site-packages\PyAibote\Tool\SendTcpData.py", line 25, in SendData
    response = self.StarLoadWait(data)
  File "G:\tools\anaconda1\.venv\lib\site-packages\PyAibote\WindowsBotModel\WinLoadWait.py", line 42, in StarLoadWait
    response = self._Send(data)
  File "G:\tools\anaconda1\.venv\lib\site-packages\PyAibote\WindowsBotModel\WinLoadWait.py", line 21, in _Send
    self.request.sendall(data)
OSError: [WinError 10038] 在一个非套接字上尝试了一个操作。

2025-05-26 22:29:54.876024 - ERROR : send/read tcp data error: Traceback (most recent call last):
  File "G:\tools\anaconda1\.venv\lib\site-packages\PyAibote\Tool\SendTcpData.py", line 25, in SendData
    response = self.StarLoadWait(data)
  File "G:\tools\anaconda1\.venv\lib\site-packages\PyAibote\WindowsBotModel\WinLoadWait.py", line 42, in StarLoadWait
    response = self._Send(data)
  File "G:\tools\anaconda1\.venv\lib\site-packages\PyAibote\WindowsBotModel\WinLoadWait.py", line 21, in _Send
    self.request.sendall(data)
OSError: [WinError 10038] 在一个非套接字上尝试了一个操作。

2025-05-26 22:29:54.878018 - ERROR : send/read tcp data error: Traceback (most recent call last):
  File "G:\tools\anaconda1\.venv\lib\site-packages\PyAibote\Tool\SendTcpData.py", line 25, in SendData
    response = self.StarLoadWait(data)
  File "G:\tools\anaconda1\.venv\lib\site-packages\PyAibote\WindowsBotModel\WinLoadWait.py", line 42, in StarLoadWait
    response = self._Send(data)
  File "G:\tools\anaconda1\.venv\lib\site-packages\PyAibote\WindowsBotModel\WinLoadWait.py", line 21, in _Send
    self.request.sendall(data)
OSError: [WinError 10038] 在一个非套接字上尝试了一个操作。

2025-05-26 22:29:54.881011 - ERROR : send/read tcp data error: Traceback (most recent call last):
  File "G:\tools\anaconda1\.venv\lib\site-packages\PyAibote\Tool\SendTcpData.py", line 25, in SendData
    response = self.StarLoadWait(data)
  File "G:\tools\anaconda1\.venv\lib\site-packages\PyAibote\WindowsBotModel\WinLoadWait.py", line 42, in StarLoadWait
    response = self._Send(data)
  File "G:\tools\anaconda1\.venv\lib\site-packages\PyAibote\WindowsBotModel\WinLoadWait.py", line 21, in _Send
    self.request.sendall(data)
OSError: [WinError 10038] 在一个非套接字上尝试了一个操作。

2025-05-26 22:29:54.883006 - ERROR : send/read tcp data error: Traceback (most recent call last):
  File "G:\tools\anaconda1\.venv\lib\site-packages\PyAibote\Tool\SendTcpData.py", line 25, in SendData
    response = self.StarLoadWait(data)
  File "G:\tools\anaconda1\.venv\lib\site-packages\PyAibote\WindowsBotModel\WinLoadWait.py", line 42, in StarLoadWait
    response = self._Send(data)
  File "G:\tools\anaconda1\.venv\lib\site-packages\PyAibote\WindowsBotModel\WinLoadWait.py", line 21, in _Send
    self.request.sendall(data)
OSError: [WinError 10038] 在一个非套接字上尝试了一个操作。

2025-05-26 22:29:54.885001 - ERROR : send/read tcp data error: Traceback (most recent call last):
  File "G:\tools\anaconda1\.venv\lib\site-packages\PyAibote\Tool\SendTcpData.py", line 25, in SendData
    response = self.StarLoadWait(data)
  File "G:\tools\anaconda1\.venv\lib\site-packages\PyAibote\WindowsBotModel\WinLoadWait.py", line 42, in StarLoadWait
    response = self._Send(data)
  File "G:\tools\anaconda1\.venv\lib\site-packages\PyAibote\WindowsBotModel\WinLoadWait.py", line 21, in _Send
    self.request.sendall(data)
OSError: [WinError 10038] 在一个非套接字上尝试了一个操作。

2025-05-26 22:29:54.886995 - ERROR : send/read tcp data error: Traceback (most recent call last):
  File "G:\tools\anaconda1\.venv\lib\site-packages\PyAibote\Tool\SendTcpData.py", line 25, in SendData
    response = self.StarLoadWait(data)
  File "G:\tools\anaconda1\.venv\lib\site-packages\PyAibote\WindowsBotModel\WinLoadWait.py", line 42, in StarLoadWait
    response = self._Send(data)
  File "G:\tools\anaconda1\.venv\lib\site-packages\PyAibote\WindowsBotModel\WinLoadWait.py", line 21, in _Send
    self.request.sendall(data)
OSError: [WinError 10038] 在一个非套接字上尝试了一个操作。

2025-05-26 22:29:54.888990 - ERROR : send/read tcp data error: Traceback (most recent call last):
  File "G:\tools\anaconda1\.venv\lib\site-packages\PyAibote\Tool\SendTcpData.py", line 25, in SendData
    response = self.StarLoadWait(data)
  File "G:\tools\anaconda1\.venv\lib\site-packages\PyAibote\WindowsBotModel\WinLoadWait.py", line 42, in StarLoadWait
    response = self._Send(data)
  File "G:\tools\anaconda1\.venv\lib\site-packages\PyAibote\WindowsBotModel\WinLoadWait.py", line 21, in _Send
    self.request.sendall(data)
OSError: [WinError 10038] 在一个非套接字上尝试了一个操作。

2025-05-26 22:29:54.890985 - ERROR : send/read tcp data error: Traceback (most recent call last):
  File "G:\tools\anaconda1\.venv\lib\site-packages\PyAibote\Tool\SendTcpData.py", line 25, in SendData
    response = self.StarLoadWait(data)
  File "G:\tools\anaconda1\.venv\lib\site-packages\PyAibote\WindowsBotModel\WinLoadWait.py", line 42, in StarLoadWait
    response = self._Send(data)
  File "G:\tools\anaconda1\.venv\lib\site-packages\PyAibote\WindowsBotModel\WinLoadWait.py", line 21, in _Send
    self.request.sendall(data)
OSError: [WinError 10038] 在一个非套接字上尝试了一个操作。

2025-05-26 22:29:54.893978 - ERROR : send/read tcp data error: Traceback (most recent call last):
  File "G:\tools\anaconda1\.venv\lib\site-packages\PyAibote\Tool\SendTcpData.py", line 25, in SendData
    response = self.StarLoadWait(data)
  File "G:\tools\anaconda1\.venv\lib\site-packages\PyAibote\WindowsBotModel\WinLoadWait.py", line 42, in StarLoadWait
    response = self._Send(data)
  File "G:\tools\anaconda1\.venv\lib\site-packages\PyAibote\WindowsBotModel\WinLoadWait.py", line 21, in _Send
    self.request.sendall(data)
OSError: [WinError 10038] 在一个非套接字上尝试了一个操作。

2025-05-26 22:29:54.895972 - ERROR : send/read tcp data error: Traceback (most recent call last):
  File "G:\tools\anaconda1\.venv\lib\site-packages\PyAibote\Tool\SendTcpData.py", line 25, in SendData
    response = self.StarLoadWait(data)
  File "G:\tools\anaconda1\.venv\lib\site-packages\PyAibote\WindowsBotModel\WinLoadWait.py", line 42, in StarLoadWait
    response = self._Send(data)
  File "G:\tools\anaconda1\.venv\lib\site-packages\PyAibote\WindowsBotModel\WinLoadWait.py", line 21, in _Send
    self.request.sendall(data)
OSError: [WinError 10038] 在一个非套接字上尝试了一个操作。

2025-05-26 22:29:54.897968 - ERROR : send/read tcp data error: Traceback (most recent call last):
  File "G:\tools\anaconda1\.venv\lib\site-packages\PyAibote\Tool\SendTcpData.py", line 25, in SendData
    response = self.StarLoadWait(data)
  File "G:\tools\anaconda1\.venv\lib\site-packages\PyAibote\WindowsBotModel\WinLoadWait.py", line 42, in StarLoadWait
    response = self._Send(data)
  File "G:\tools\anaconda1\.venv\lib\site-packages\PyAibote\WindowsBotModel\WinLoadWait.py", line 21, in _Send
    self.request.sendall(data)
OSError: [WinError 10038] 在一个非套接字上尝试了一个操作。

2025-05-26 22:29:54.899963 - ERROR : send/read tcp data error: Traceback (most recent call last):
  File "G:\tools\anaconda1\.venv\lib\site-packages\PyAibote\Tool\SendTcpData.py", line 25, in SendData
    response = self.StarLoadWait(data)
  File "G:\tools\anaconda1\.venv\lib\site-packages\PyAibote\WindowsBotModel\WinLoadWait.py", line 42, in StarLoadWait
    response = self._Send(data)
  File "G:\tools\anaconda1\.venv\lib\site-packages\PyAibote\WindowsBotModel\WinLoadWait.py", line 21, in _Send
    self.request.sendall(data)
OSError: [WinError 10038] 在一个非套接字上尝试了一个操作。

2025-05-26 22:29:54.901957 - ERROR : send/read tcp data error: Traceback (most recent call last):
  File "G:\tools\anaconda1\.venv\lib\site-packages\PyAibote\Tool\SendTcpData.py", line 25, in SendData
    response = self.StarLoadWait(data)
  File "G:\tools\anaconda1\.venv\lib\site-packages\PyAibote\WindowsBotModel\WinLoadWait.py", line 42, in StarLoadWait
    response = self._Send(data)
  File "G:\tools\anaconda1\.venv\lib\site-packages\PyAibote\WindowsBotModel\WinLoadWait.py", line 21, in _Send
    self.request.sendall(data)
OSError: [WinError 10038] 在一个非套接字上尝试了一个操作。

2025-05-26 22:29:54.903952 - ERROR : send/read tcp data error: Traceback (most recent call last):
  File "G:\tools\anaconda1\.venv\lib\site-packages\PyAibote\Tool\SendTcpData.py", line 25, in SendData
    response = self.StarLoadWait(data)
  File "G:\tools\anaconda1\.venv\lib\site-packages\PyAibote\WindowsBotModel\WinLoadWait.py", line 42, in StarLoadWait
    response = self._Send(data)
  File "G:\tools\anaconda1\.venv\lib\site-packages\PyAibote\WindowsBotModel\WinLoadWait.py", line 21, in _Send
    self.request.sendall(data)
OSError: [WinError 10038] 在一个非套接字上尝试了一个操作。

2025-05-26 22:29:54.905947 - ERROR : send/read tcp data error: Traceback (most recent call last):
  File "G:\tools\anaconda1\.venv\lib\site-packages\PyAibote\Tool\SendTcpData.py", line 25, in SendData
    response = self.StarLoadWait(data)
  File "G:\tools\anaconda1\.venv\lib\site-packages\PyAibote\WindowsBotModel\WinLoadWait.py", line 42, in StarLoadWait
    response = self._Send(data)
  File "G:\tools\anaconda1\.venv\lib\site-packages\PyAibote\WindowsBotModel\WinLoadWait.py", line 21, in _Send
    self.request.sendall(data)
OSError: [WinError 10038] 在一个非套接字上尝试了一个操作。

2025-05-26 22:29:54.907942 - ERROR : send/read tcp data error: Traceback (most recent call last):
  File "G:\tools\anaconda1\.venv\lib\site-packages\PyAibote\Tool\SendTcpData.py", line 25, in SendData
    response = self.StarLoadWait(data)
  File "G:\tools\anaconda1\.venv\lib\site-packages\PyAibote\WindowsBotModel\WinLoadWait.py", line 42, in StarLoadWait
    response = self._Send(data)
  File "G:\tools\anaconda1\.venv\lib\site-packages\PyAibote\WindowsBotModel\WinLoadWait.py", line 21, in _Send
    self.request.sendall(data)
OSError: [WinError 10038] 在一个非套接字上尝试了一个操作。

2025-05-26 22:29:54.909937 - ERROR : send/read tcp data error: Traceback (most recent call last):
  File "G:\tools\anaconda1\.venv\lib\site-packages\PyAibote\Tool\SendTcpData.py", line 25, in SendData
    response = self.StarLoadWait(data)
  File "G:\tools\anaconda1\.venv\lib\site-packages\PyAibote\WindowsBotModel\WinLoadWait.py", line 42, in StarLoadWait
    response = self._Send(data)
  File "G:\tools\anaconda1\.venv\lib\site-packages\PyAibote\WindowsBotModel\WinLoadWait.py", line 21, in _Send
    self.request.sendall(data)
OSError: [WinError 10038] 在一个非套接字上尝试了一个操作。

2025-05-26 22:29:54.911933 - ERROR : send/read tcp data error: Traceback (most recent call last):
  File "G:\tools\anaconda1\.venv\lib\site-packages\PyAibote\Tool\SendTcpData.py", line 25, in SendData
    response = self.StarLoadWait(data)
  File "G:\tools\anaconda1\.venv\lib\site-packages\PyAibote\WindowsBotModel\WinLoadWait.py", line 42, in StarLoadWait
    response = self._Send(data)
  File "G:\tools\anaconda1\.venv\lib\site-packages\PyAibote\WindowsBotModel\WinLoadWait.py", line 21, in _Send
    self.request.sendall(data)
OSError: [WinError 10038] 在一个非套接字上尝试了一个操作。

2025-05-26 22:29:54.913928 - ERROR : send/read tcp data error: Traceback (most recent call last):
  File "G:\tools\anaconda1\.venv\lib\site-packages\PyAibote\Tool\SendTcpData.py", line 25, in SendData
    response = self.StarLoadWait(data)
  File "G:\tools\anaconda1\.venv\lib\site-packages\PyAibote\WindowsBotModel\WinLoadWait.py", line 42, in StarLoadWait
    response = self._Send(data)
  File "G:\tools\anaconda1\.venv\lib\site-packages\PyAibote\WindowsBotModel\WinLoadWait.py", line 21, in _Send
    self.request.sendall(data)
OSError: [WinError 10038] 在一个非套接字上尝试了一个操作。

2025-05-26 22:29:54.915922 - ERROR : send/read tcp data error: Traceback (most recent call last):
  File "G:\tools\anaconda1\.venv\lib\site-packages\PyAibote\Tool\SendTcpData.py", line 25, in SendData
    response = self.StarLoadWait(data)
  File "G:\tools\anaconda1\.venv\lib\site-packages\PyAibote\WindowsBotModel\WinLoadWait.py", line 42, in StarLoadWait
    response = self._Send(data)
  File "G:\tools\anaconda1\.venv\lib\site-packages\PyAibote\WindowsBotModel\WinLoadWait.py", line 21, in _Send
    self.request.sendall(data)
OSError: [WinError 10038] 在一个非套接字上尝试了一个操作。

2025-05-26 22:29:54.916918 - ERROR : send/read tcp data error: Traceback (most recent call last):
  File "G:\tools\anaconda1\.venv\lib\site-packages\PyAibote\Tool\SendTcpData.py", line 25, in SendData
    response = self.StarLoadWait(data)
  File "G:\tools\anaconda1\.venv\lib\site-packages\PyAibote\WindowsBotModel\WinLoadWait.py", line 42, in StarLoadWait
    response = self._Send(data)
  File "G:\tools\anaconda1\.venv\lib\site-packages\PyAibote\WindowsBotModel\WinLoadWait.py", line 21, in _Send
    self.request.sendall(data)
OSError: [WinError 10038] 在一个非套接字上尝试了一个操作。

2025-05-26 22:29:54.918914 - ERROR : send/read tcp data error: Traceback (most recent call last):
  File "G:\tools\anaconda1\.venv\lib\site-packages\PyAibote\Tool\SendTcpData.py", line 25, in SendData
    response = self.StarLoadWait(data)
  File "G:\tools\anaconda1\.venv\lib\site-packages\PyAibote\WindowsBotModel\WinLoadWait.py", line 42, in StarLoadWait
    response = self._Send(data)
  File "G:\tools\anaconda1\.venv\lib\site-packages\PyAibote\WindowsBotModel\WinLoadWait.py", line 21, in _Send
    self.request.sendall(data)
OSError: [WinError 10038] 在一个非套接字上尝试了一个操作。

2025-05-26 22:29:54.920914 - ERROR : send/read tcp data error: Traceback (most recent call last):
  File "G:\tools\anaconda1\.venv\lib\site-packages\PyAibote\Tool\SendTcpData.py", line 25, in SendData
    response = self.StarLoadWait(data)
  File "G:\tools\anaconda1\.venv\lib\site-packages\PyAibote\WindowsBotModel\WinLoadWait.py", line 42, in StarLoadWait
    response = self._Send(data)
  File "G:\tools\anaconda1\.venv\lib\site-packages\PyAibote\WindowsBotModel\WinLoadWait.py", line 21, in _Send
    self.request.sendall(data)
OSError: [WinError 10038] 在一个非套接字上尝试了一个操作。

2025-05-26 22:29:54.922909 - ERROR : send/read tcp data error: Traceback (most recent call last):
  File "G:\tools\anaconda1\.venv\lib\site-packages\PyAibote\Tool\SendTcpData.py", line 25, in SendData
    response = self.StarLoadWait(data)
  File "G:\tools\anaconda1\.venv\lib\site-packages\PyAibote\WindowsBotModel\WinLoadWait.py", line 42, in StarLoadWait
    response = self._Send(data)
  File "G:\tools\anaconda1\.venv\lib\site-packages\PyAibote\WindowsBotModel\WinLoadWait.py", line 21, in _Send
    self.request.sendall(data)
OSError: [WinError 10038] 在一个非套接字上尝试了一个操作。

2025-05-26 22:29:54.924903 - ERROR : send/read tcp data error: Traceback (most recent call last):
  File "G:\tools\anaconda1\.venv\lib\site-packages\PyAibote\Tool\SendTcpData.py", line 25, in SendData
    response = self.StarLoadWait(data)
  File "G:\tools\anaconda1\.venv\lib\site-packages\PyAibote\WindowsBotModel\WinLoadWait.py", line 42, in StarLoadWait
    response = self._Send(data)
  File "G:\tools\anaconda1\.venv\lib\site-packages\PyAibote\WindowsBotModel\WinLoadWait.py", line 21, in _Send
    self.request.sendall(data)
OSError: [WinError 10038] 在一个非套接字上尝试了一个操作。

2025-05-26 22:29:54.926898 - ERROR : send/read tcp data error: Traceback (most recent call last):
  File "G:\tools\anaconda1\.venv\lib\site-packages\PyAibote\Tool\SendTcpData.py", line 25, in SendData
    response = self.StarLoadWait(data)
  File "G:\tools\anaconda1\.venv\lib\site-packages\PyAibote\WindowsBotModel\WinLoadWait.py", line 42, in StarLoadWait
    response = self._Send(data)
  File "G:\tools\anaconda1\.venv\lib\site-packages\PyAibote\WindowsBotModel\WinLoadWait.py", line 21, in _Send
    self.request.sendall(data)
OSError: [WinError 10038] 在一个非套接字上尝试了一个操作。

2025-05-26 22:29:54.928893 - ERROR : send/read tcp data error: Traceback (most recent call last):
  File "G:\tools\anaconda1\.venv\lib\site-packages\PyAibote\Tool\SendTcpData.py", line 25, in SendData
    response = self.StarLoadWait(data)
  File "G:\tools\anaconda1\.venv\lib\site-packages\PyAibote\WindowsBotModel\WinLoadWait.py", line 42, in StarLoadWait
    response = self._Send(data)
  File "G:\tools\anaconda1\.venv\lib\site-packages\PyAibote\WindowsBotModel\WinLoadWait.py", line 21, in _Send
    self.request.sendall(data)
OSError: [WinError 10038] 在一个非套接字上尝试了一个操作。

2025-05-26 22:29:54.930889 - ERROR : send/read tcp data error: Traceback (most recent call last):
  File "G:\tools\anaconda1\.venv\lib\site-packages\PyAibote\Tool\SendTcpData.py", line 25, in SendData
    response = self.StarLoadWait(data)
  File "G:\tools\anaconda1\.venv\lib\site-packages\PyAibote\WindowsBotModel\WinLoadWait.py", line 42, in StarLoadWait
    response = self._Send(data)
  File "G:\tools\anaconda1\.venv\lib\site-packages\PyAibote\WindowsBotModel\WinLoadWait.py", line 21, in _Send
    self.request.sendall(data)
OSError: [WinError 10038] 在一个非套接字上尝试了一个操作。

2025-05-26 22:29:54.932883 - ERROR : send/read tcp data error: Traceback (most recent call last):
  File "G:\tools\anaconda1\.venv\lib\site-packages\PyAibote\Tool\SendTcpData.py", line 25, in SendData
    response = self.StarLoadWait(data)
  File "G:\tools\anaconda1\.venv\lib\site-packages\PyAibote\WindowsBotModel\WinLoadWait.py", line 42, in StarLoadWait
    response = self._Send(data)
  File "G:\tools\anaconda1\.venv\lib\site-packages\PyAibote\WindowsBotModel\WinLoadWait.py", line 21, in _Send
    self.request.sendall(data)
OSError: [WinError 10038] 在一个非套接字上尝试了一个操作。

2025-05-26 22:29:54.934878 - ERROR : send/read tcp data error: Traceback (most recent call last):
  File "G:\tools\anaconda1\.venv\lib\site-packages\PyAibote\Tool\SendTcpData.py", line 25, in SendData
    response = self.StarLoadWait(data)
  File "G:\tools\anaconda1\.venv\lib\site-packages\PyAibote\WindowsBotModel\WinLoadWait.py", line 42, in StarLoadWait
    response = self._Send(data)
  File "G:\tools\anaconda1\.venv\lib\site-packages\PyAibote\WindowsBotModel\WinLoadWait.py", line 21, in _Send
    self.request.sendall(data)
OSError: [WinError 10038] 在一个非套接字上尝试了一个操作。

2025-05-26 22:29:54.936873 - ERROR : send/read tcp data error: Traceback (most recent call last):
  File "G:\tools\anaconda1\.venv\lib\site-packages\PyAibote\Tool\SendTcpData.py", line 25, in SendData
    response = self.StarLoadWait(data)
  File "G:\tools\anaconda1\.venv\lib\site-packages\PyAibote\WindowsBotModel\WinLoadWait.py", line 42, in StarLoadWait
    response = self._Send(data)
  File "G:\tools\anaconda1\.venv\lib\site-packages\PyAibote\WindowsBotModel\WinLoadWait.py", line 21, in _Send
    self.request.sendall(data)
OSError: [WinError 10038] 在一个非套接字上尝试了一个操作。

2025-05-26 22:29:54.938873 - ERROR : send/read tcp data error: Traceback (most recent call last):
  File "G:\tools\anaconda1\.venv\lib\site-packages\PyAibote\Tool\SendTcpData.py", line 25, in SendData
    response = self.StarLoadWait(data)
  File "G:\tools\anaconda1\.venv\lib\site-packages\PyAibote\WindowsBotModel\WinLoadWait.py", line 42, in StarLoadWait
    response = self._Send(data)
  File "G:\tools\anaconda1\.venv\lib\site-packages\PyAibote\WindowsBotModel\WinLoadWait.py", line 21, in _Send
    self.request.sendall(data)
OSError: [WinError 10038] 在一个非套接字上尝试了一个操作。

2025-05-26 22:29:54.941861 - ERROR : send/read tcp data error: Traceback (most recent call last):
  File "G:\tools\anaconda1\.venv\lib\site-packages\PyAibote\Tool\SendTcpData.py", line 25, in SendData
    response = self.StarLoadWait(data)
  File "G:\tools\anaconda1\.venv\lib\site-packages\PyAibote\WindowsBotModel\WinLoadWait.py", line 42, in StarLoadWait
    response = self._Send(data)
  File "G:\tools\anaconda1\.venv\lib\site-packages\PyAibote\WindowsBotModel\WinLoadWait.py", line 21, in _Send
    self.request.sendall(data)
OSError: [WinError 10038] 在一个非套接字上尝试了一个操作。

2025-05-26 22:29:54.943856 - ERROR : send/read tcp data error: Traceback (most recent call last):
  File "G:\tools\anaconda1\.venv\lib\site-packages\PyAibote\Tool\SendTcpData.py", line 25, in SendData
    response = self.StarLoadWait(data)
  File "G:\tools\anaconda1\.venv\lib\site-packages\PyAibote\WindowsBotModel\WinLoadWait.py", line 42, in StarLoadWait
    response = self._Send(data)
  File "G:\tools\anaconda1\.venv\lib\site-packages\PyAibote\WindowsBotModel\WinLoadWait.py", line 21, in _Send
    self.request.sendall(data)
OSError: [WinError 10038] 在一个非套接字上尝试了一个操作。

2025-05-26 22:29:54.945850 - ERROR : send/read tcp data error: Traceback (most recent call last):
  File "G:\tools\anaconda1\.venv\lib\site-packages\PyAibote\Tool\SendTcpData.py", line 25, in SendData
    response = self.StarLoadWait(data)
  File "G:\tools\anaconda1\.venv\lib\site-packages\PyAibote\WindowsBotModel\WinLoadWait.py", line 42, in StarLoadWait
    response = self._Send(data)
  File "G:\tools\anaconda1\.venv\lib\site-packages\PyAibote\WindowsBotModel\WinLoadWait.py", line 21, in _Send
    self.request.sendall(data)
OSError: [WinError 10038] 在一个非套接字上尝试了一个操作。

2025-05-26 22:29:54.947844 - ERROR : send/read tcp data error: Traceback (most recent call last):
  File "G:\tools\anaconda1\.venv\lib\site-packages\PyAibote\Tool\SendTcpData.py", line 25, in SendData
    response = self.StarLoadWait(data)
  File "G:\tools\anaconda1\.venv\lib\site-packages\PyAibote\WindowsBotModel\WinLoadWait.py", line 42, in StarLoadWait
    response = self._Send(data)
  File "G:\tools\anaconda1\.venv\lib\site-packages\PyAibote\WindowsBotModel\WinLoadWait.py", line 21, in _Send
    self.request.sendall(data)
OSError: [WinError 10038] 在一个非套接字上尝试了一个操作。

2025-05-26 22:29:54.949840 - ERROR : send/read tcp data error: Traceback (most recent call last):
  File "G:\tools\anaconda1\.venv\lib\site-packages\PyAibote\Tool\SendTcpData.py", line 25, in SendData
    response = self.StarLoadWait(data)
  File "G:\tools\anaconda1\.venv\lib\site-packages\PyAibote\WindowsBotModel\WinLoadWait.py", line 42, in StarLoadWait
    response = self._Send(data)
  File "G:\tools\anaconda1\.venv\lib\site-packages\PyAibote\WindowsBotModel\WinLoadWait.py", line 21, in _Send
    self.request.sendall(data)
OSError: [WinError 10038] 在一个非套接字上尝试了一个操作。

2025-05-26 22:29:54.950837 - ERROR : send/read tcp data error: Traceback (most recent call last):
  File "G:\tools\anaconda1\.venv\lib\site-packages\PyAibote\Tool\SendTcpData.py", line 25, in SendData
    response = self.StarLoadWait(data)
  File "G:\tools\anaconda1\.venv\lib\site-packages\PyAibote\WindowsBotModel\WinLoadWait.py", line 42, in StarLoadWait
    response = self._Send(data)
  File "G:\tools\anaconda1\.venv\lib\site-packages\PyAibote\WindowsBotModel\WinLoadWait.py", line 21, in _Send
    self.request.sendall(data)
OSError: [WinError 10038] 在一个非套接字上尝试了一个操作。

2025-05-26 22:29:54.952832 - ERROR : send/read tcp data error: Traceback (most recent call last):
  File "G:\tools\anaconda1\.venv\lib\site-packages\PyAibote\Tool\SendTcpData.py", line 25, in SendData
    response = self.StarLoadWait(data)
  File "G:\tools\anaconda1\.venv\lib\site-packages\PyAibote\WindowsBotModel\WinLoadWait.py", line 42, in StarLoadWait
    response = self._Send(data)
  File "G:\tools\anaconda1\.venv\lib\site-packages\PyAibote\WindowsBotModel\WinLoadWait.py", line 21, in _Send
    self.request.sendall(data)
OSError: [WinError 10038] 在一个非套接字上尝试了一个操作。

2025-05-26 22:29:54.954827 - ERROR : send/read tcp data error: Traceback (most recent call last):
  File "G:\tools\anaconda1\.venv\lib\site-packages\PyAibote\Tool\SendTcpData.py", line 25, in SendData
    response = self.StarLoadWait(data)
  File "G:\tools\anaconda1\.venv\lib\site-packages\PyAibote\WindowsBotModel\WinLoadWait.py", line 42, in StarLoadWait
    response = self._Send(data)
  File "G:\tools\anaconda1\.venv\lib\site-packages\PyAibote\WindowsBotModel\WinLoadWait.py", line 21, in _Send
    self.request.sendall(data)
OSError: [WinError 10038] 在一个非套接字上尝试了一个操作。

2025-05-26 22:29:54.957819 - ERROR : send/read tcp data error: Traceback (most recent call last):
  File "G:\tools\anaconda1\.venv\lib\site-packages\PyAibote\Tool\SendTcpData.py", line 25, in SendData
    response = self.StarLoadWait(data)
  File "G:\tools\anaconda1\.venv\lib\site-packages\PyAibote\WindowsBotModel\WinLoadWait.py", line 42, in StarLoadWait
    response = self._Send(data)
  File "G:\tools\anaconda1\.venv\lib\site-packages\PyAibote\WindowsBotModel\WinLoadWait.py", line 21, in _Send
    self.request.sendall(data)
OSError: [WinError 10038] 在一个非套接字上尝试了一个操作。

2025-05-26 22:29:54.958817 - ERROR : send/read tcp data error: Traceback (most recent call last):
  File "G:\tools\anaconda1\.venv\lib\site-packages\PyAibote\Tool\SendTcpData.py", line 25, in SendData
    response = self.StarLoadWait(data)
  File "G:\tools\anaconda1\.venv\lib\site-packages\PyAibote\WindowsBotModel\WinLoadWait.py", line 42, in StarLoadWait
    response = self._Send(data)
  File "G:\tools\anaconda1\.venv\lib\site-packages\PyAibote\WindowsBotModel\WinLoadWait.py", line 21, in _Send
    self.request.sendall(data)
OSError: [WinError 10038] 在一个非套接字上尝试了一个操作。

2025-05-26 22:29:54.960811 - ERROR : send/read tcp data error: Traceback (most recent call last):
  File "G:\tools\anaconda1\.venv\lib\site-packages\PyAibote\Tool\SendTcpData.py", line 25, in SendData
    response = self.StarLoadWait(data)
  File "G:\tools\anaconda1\.venv\lib\site-packages\PyAibote\WindowsBotModel\WinLoadWait.py", line 42, in StarLoadWait
    response = self._Send(data)
  File "G:\tools\anaconda1\.venv\lib\site-packages\PyAibote\WindowsBotModel\WinLoadWait.py", line 21, in _Send
    self.request.sendall(data)
OSError: [WinError 10038] 在一个非套接字上尝试了一个操作。

2025-05-26 22:29:54.963804 - ERROR : send/read tcp data error: Traceback (most recent call last):
  File "G:\tools\anaconda1\.venv\lib\site-packages\PyAibote\Tool\SendTcpData.py", line 25, in SendData
    response = self.StarLoadWait(data)
  File "G:\tools\anaconda1\.venv\lib\site-packages\PyAibote\WindowsBotModel\WinLoadWait.py", line 42, in StarLoadWait
    response = self._Send(data)
  File "G:\tools\anaconda1\.venv\lib\site-packages\PyAibote\WindowsBotModel\WinLoadWait.py", line 21, in _Send
    self.request.sendall(data)
OSError: [WinError 10038] 在一个非套接字上尝试了一个操作。

2025-05-26 22:29:54.964801 - ERROR : send/read tcp data error: Traceback (most recent call last):
  File "G:\tools\anaconda1\.venv\lib\site-packages\PyAibote\Tool\SendTcpData.py", line 25, in SendData
    response = self.StarLoadWait(data)
  File "G:\tools\anaconda1\.venv\lib\site-packages\PyAibote\WindowsBotModel\WinLoadWait.py", line 42, in StarLoadWait
    response = self._Send(data)
  File "G:\tools\anaconda1\.venv\lib\site-packages\PyAibote\WindowsBotModel\WinLoadWait.py", line 21, in _Send
    self.request.sendall(data)
OSError: [WinError 10038] 在一个非套接字上尝试了一个操作。

2025-05-26 22:29:54.966796 - ERROR : send/read tcp data error: Traceback (most recent call last):
  File "G:\tools\anaconda1\.venv\lib\site-packages\PyAibote\Tool\SendTcpData.py", line 25, in SendData
    response = self.StarLoadWait(data)
  File "G:\tools\anaconda1\.venv\lib\site-packages\PyAibote\WindowsBotModel\WinLoadWait.py", line 42, in StarLoadWait
    response = self._Send(data)
  File "G:\tools\anaconda1\.venv\lib\site-packages\PyAibote\WindowsBotModel\WinLoadWait.py", line 21, in _Send
    self.request.sendall(data)
OSError: [WinError 10038] 在一个非套接字上尝试了一个操作。

2025-05-26 22:29:54.969789 - ERROR : send/read tcp data error: Traceback (most recent call last):
  File "G:\tools\anaconda1\.venv\lib\site-packages\PyAibote\Tool\SendTcpData.py", line 25, in SendData
    response = self.StarLoadWait(data)
  File "G:\tools\anaconda1\.venv\lib\site-packages\PyAibote\WindowsBotModel\WinLoadWait.py", line 42, in StarLoadWait
    response = self._Send(data)
  File "G:\tools\anaconda1\.venv\lib\site-packages\PyAibote\WindowsBotModel\WinLoadWait.py", line 21, in _Send
    self.request.sendall(data)
OSError: [WinError 10038] 在一个非套接字上尝试了一个操作。

2025-05-26 22:29:54.971784 - ERROR : send/read tcp data error: Traceback (most recent call last):
  File "G:\tools\anaconda1\.venv\lib\site-packages\PyAibote\Tool\SendTcpData.py", line 25, in SendData
    response = self.StarLoadWait(data)
  File "G:\tools\anaconda1\.venv\lib\site-packages\PyAibote\WindowsBotModel\WinLoadWait.py", line 42, in StarLoadWait
    response = self._Send(data)
  File "G:\tools\anaconda1\.venv\lib\site-packages\PyAibote\WindowsBotModel\WinLoadWait.py", line 21, in _Send
    self.request.sendall(data)
OSError: [WinError 10038] 在一个非套接字上尝试了一个操作。

2025-05-26 22:29:54.973778 - ERROR : send/read tcp data error: Traceback (most recent call last):
  File "G:\tools\anaconda1\.venv\lib\site-packages\PyAibote\Tool\SendTcpData.py", line 25, in SendData
    response = self.StarLoadWait(data)
  File "G:\tools\anaconda1\.venv\lib\site-packages\PyAibote\WindowsBotModel\WinLoadWait.py", line 42, in StarLoadWait
    response = self._Send(data)
  File "G:\tools\anaconda1\.venv\lib\site-packages\PyAibote\WindowsBotModel\WinLoadWait.py", line 21, in _Send
    self.request.sendall(data)
OSError: [WinError 10038] 在一个非套接字上尝试了一个操作。

2025-05-26 22:29:54.975773 - ERROR : send/read tcp data error: Traceback (most recent call last):
  File "G:\tools\anaconda1\.venv\lib\site-packages\PyAibote\Tool\SendTcpData.py", line 25, in SendData
    response = self.StarLoadWait(data)
  File "G:\tools\anaconda1\.venv\lib\site-packages\PyAibote\WindowsBotModel\WinLoadWait.py", line 42, in StarLoadWait
    response = self._Send(data)
  File "G:\tools\anaconda1\.venv\lib\site-packages\PyAibote\WindowsBotModel\WinLoadWait.py", line 21, in _Send
    self.request.sendall(data)
OSError: [WinError 10038] 在一个非套接字上尝试了一个操作。

2025-05-26 22:29:54.977768 - ERROR : send/read tcp data error: Traceback (most recent call last):
  File "G:\tools\anaconda1\.venv\lib\site-packages\PyAibote\Tool\SendTcpData.py", line 25, in SendData
    response = self.StarLoadWait(data)
  File "G:\tools\anaconda1\.venv\lib\site-packages\PyAibote\WindowsBotModel\WinLoadWait.py", line 42, in StarLoadWait
    response = self._Send(data)
  File "G:\tools\anaconda1\.venv\lib\site-packages\PyAibote\WindowsBotModel\WinLoadWait.py", line 21, in _Send
    self.request.sendall(data)
OSError: [WinError 10038] 在一个非套接字上尝试了一个操作。

2025-05-26 22:29:54.980096 - ERROR : send/read tcp data error: Traceback (most recent call last):
  File "G:\tools\anaconda1\.venv\lib\site-packages\PyAibote\Tool\SendTcpData.py", line 25, in SendData
    response = self.StarLoadWait(data)
  File "G:\tools\anaconda1\.venv\lib\site-packages\PyAibote\WindowsBotModel\WinLoadWait.py", line 42, in StarLoadWait
    response = self._Send(data)
  File "G:\tools\anaconda1\.venv\lib\site-packages\PyAibote\WindowsBotModel\WinLoadWait.py", line 21, in _Send
    self.request.sendall(data)
OSError: [WinError 10038] 在一个非套接字上尝试了一个操作。

2025-05-26 22:29:54.982084 - ERROR : send/read tcp data error: Traceback (most recent call last):
  File "G:\tools\anaconda1\.venv\lib\site-packages\PyAibote\Tool\SendTcpData.py", line 25, in SendData
    response = self.StarLoadWait(data)
  File "G:\tools\anaconda1\.venv\lib\site-packages\PyAibote\WindowsBotModel\WinLoadWait.py", line 42, in StarLoadWait
    response = self._Send(data)
  File "G:\tools\anaconda1\.venv\lib\site-packages\PyAibote\WindowsBotModel\WinLoadWait.py", line 21, in _Send
    self.request.sendall(data)
OSError: [WinError 10038] 在一个非套接字上尝试了一个操作。

2025-05-26 22:29:54.984078 - ERROR : send/read tcp data error: Traceback (most recent call last):
  File "G:\tools\anaconda1\.venv\lib\site-packages\PyAibote\Tool\SendTcpData.py", line 25, in SendData
    response = self.StarLoadWait(data)
  File "G:\tools\anaconda1\.venv\lib\site-packages\PyAibote\WindowsBotModel\WinLoadWait.py", line 42, in StarLoadWait
    response = self._Send(data)
  File "G:\tools\anaconda1\.venv\lib\site-packages\PyAibote\WindowsBotModel\WinLoadWait.py", line 21, in _Send
    self.request.sendall(data)
OSError: [WinError 10038] 在一个非套接字上尝试了一个操作。

2025-05-26 22:29:54.986074 - ERROR : send/read tcp data error: Traceback (most recent call last):
  File "G:\tools\anaconda1\.venv\lib\site-packages\PyAibote\Tool\SendTcpData.py", line 25, in SendData
    response = self.StarLoadWait(data)
  File "G:\tools\anaconda1\.venv\lib\site-packages\PyAibote\WindowsBotModel\WinLoadWait.py", line 42, in StarLoadWait
    response = self._Send(data)
  File "G:\tools\anaconda1\.venv\lib\site-packages\PyAibote\WindowsBotModel\WinLoadWait.py", line 21, in _Send
    self.request.sendall(data)
OSError: [WinError 10038] 在一个非套接字上尝试了一个操作。

2025-05-26 22:29:54.987071 - ERROR : send/read tcp data error: Traceback (most recent call last):
  File "G:\tools\anaconda1\.venv\lib\site-packages\PyAibote\Tool\SendTcpData.py", line 25, in SendData
    response = self.StarLoadWait(data)
  File "G:\tools\anaconda1\.venv\lib\site-packages\PyAibote\WindowsBotModel\WinLoadWait.py", line 42, in StarLoadWait
    response = self._Send(data)
  File "G:\tools\anaconda1\.venv\lib\site-packages\PyAibote\WindowsBotModel\WinLoadWait.py", line 21, in _Send
    self.request.sendall(data)
OSError: [WinError 10038] 在一个非套接字上尝试了一个操作。

2025-05-26 22:29:54.989065 - ERROR : send/read tcp data error: Traceback (most recent call last):
  File "G:\tools\anaconda1\.venv\lib\site-packages\PyAibote\Tool\SendTcpData.py", line 25, in SendData
    response = self.StarLoadWait(data)
  File "G:\tools\anaconda1\.venv\lib\site-packages\PyAibote\WindowsBotModel\WinLoadWait.py", line 42, in StarLoadWait
    response = self._Send(data)
  File "G:\tools\anaconda1\.venv\lib\site-packages\PyAibote\WindowsBotModel\WinLoadWait.py", line 21, in _Send
    self.request.sendall(data)
OSError: [WinError 10038] 在一个非套接字上尝试了一个操作。

2025-05-26 22:29:54.991060 - ERROR : send/read tcp data error: Traceback (most recent call last):
  File "G:\tools\anaconda1\.venv\lib\site-packages\PyAibote\Tool\SendTcpData.py", line 25, in SendData
    response = self.StarLoadWait(data)
  File "G:\tools\anaconda1\.venv\lib\site-packages\PyAibote\WindowsBotModel\WinLoadWait.py", line 42, in StarLoadWait
    response = self._Send(data)
  File "G:\tools\anaconda1\.venv\lib\site-packages\PyAibote\WindowsBotModel\WinLoadWait.py", line 21, in _Send
    self.request.sendall(data)
OSError: [WinError 10038] 在一个非套接字上尝试了一个操作。

2025-05-26 22:29:54.993055 - ERROR : send/read tcp data error: Traceback (most recent call last):
  File "G:\tools\anaconda1\.venv\lib\site-packages\PyAibote\Tool\SendTcpData.py", line 25, in SendData
    response = self.StarLoadWait(data)
  File "G:\tools\anaconda1\.venv\lib\site-packages\PyAibote\WindowsBotModel\WinLoadWait.py", line 42, in StarLoadWait
    response = self._Send(data)
  File "G:\tools\anaconda1\.venv\lib\site-packages\PyAibote\WindowsBotModel\WinLoadWait.py", line 21, in _Send
    self.request.sendall(data)
OSError: [WinError 10038] 在一个非套接字上尝试了一个操作。

2025-05-26 22:29:54.995051 - ERROR : send/read tcp data error: Traceback (most recent call last):
  File "G:\tools\anaconda1\.venv\lib\site-packages\PyAibote\Tool\SendTcpData.py", line 25, in SendData
    response = self.StarLoadWait(data)
  File "G:\tools\anaconda1\.venv\lib\site-packages\PyAibote\WindowsBotModel\WinLoadWait.py", line 42, in StarLoadWait
    response = self._Send(data)
  File "G:\tools\anaconda1\.venv\lib\site-packages\PyAibote\WindowsBotModel\WinLoadWait.py", line 21, in _Send
    self.request.sendall(data)
OSError: [WinError 10038] 在一个非套接字上尝试了一个操作。

2025-05-26 22:29:54.997045 - ERROR : send/read tcp data error: Traceback (most recent call last):
  File "G:\tools\anaconda1\.venv\lib\site-packages\PyAibote\Tool\SendTcpData.py", line 25, in SendData
    response = self.StarLoadWait(data)
  File "G:\tools\anaconda1\.venv\lib\site-packages\PyAibote\WindowsBotModel\WinLoadWait.py", line 42, in StarLoadWait
    response = self._Send(data)
  File "G:\tools\anaconda1\.venv\lib\site-packages\PyAibote\WindowsBotModel\WinLoadWait.py", line 21, in _Send
    self.request.sendall(data)
OSError: [WinError 10038] 在一个非套接字上尝试了一个操作。

2025-05-26 22:29:54.999040 - ERROR : send/read tcp data error: Traceback (most recent call last):
  File "G:\tools\anaconda1\.venv\lib\site-packages\PyAibote\Tool\SendTcpData.py", line 25, in SendData
    response = self.StarLoadWait(data)
  File "G:\tools\anaconda1\.venv\lib\site-packages\PyAibote\WindowsBotModel\WinLoadWait.py", line 42, in StarLoadWait
    response = self._Send(data)
  File "G:\tools\anaconda1\.venv\lib\site-packages\PyAibote\WindowsBotModel\WinLoadWait.py", line 21, in _Send
    self.request.sendall(data)
OSError: [WinError 10038] 在一个非套接字上尝试了一个操作。

2025-05-26 22:29:55.001035 - ERROR : send/read tcp data error: Traceback (most recent call last):
  File "G:\tools\anaconda1\.venv\lib\site-packages\PyAibote\Tool\SendTcpData.py", line 25, in SendData
    response = self.StarLoadWait(data)
  File "G:\tools\anaconda1\.venv\lib\site-packages\PyAibote\WindowsBotModel\WinLoadWait.py", line 42, in StarLoadWait
    response = self._Send(data)
  File "G:\tools\anaconda1\.venv\lib\site-packages\PyAibote\WindowsBotModel\WinLoadWait.py", line 21, in _Send
    self.request.sendall(data)
OSError: [WinError 10038] 在一个非套接字上尝试了一个操作。

2025-05-26 22:29:55.003029 - ERROR : send/read tcp data error: Traceback (most recent call last):
  File "G:\tools\anaconda1\.venv\lib\site-packages\PyAibote\Tool\SendTcpData.py", line 25, in SendData
    response = self.StarLoadWait(data)
  File "G:\tools\anaconda1\.venv\lib\site-packages\PyAibote\WindowsBotModel\WinLoadWait.py", line 42, in StarLoadWait
    response = self._Send(data)
  File "G:\tools\anaconda1\.venv\lib\site-packages\PyAibote\WindowsBotModel\WinLoadWait.py", line 21, in _Send
    self.request.sendall(data)
OSError: [WinError 10038] 在一个非套接字上尝试了一个操作。

2025-05-26 22:29:55.005024 - ERROR : send/read tcp data error: Traceback (most recent call last):
  File "G:\tools\anaconda1\.venv\lib\site-packages\PyAibote\Tool\SendTcpData.py", line 25, in SendData
    response = self.StarLoadWait(data)
  File "G:\tools\anaconda1\.venv\lib\site-packages\PyAibote\WindowsBotModel\WinLoadWait.py", line 42, in StarLoadWait
    response = self._Send(data)
  File "G:\tools\anaconda1\.venv\lib\site-packages\PyAibote\WindowsBotModel\WinLoadWait.py", line 21, in _Send
    self.request.sendall(data)
OSError: [WinError 10038] 在一个非套接字上尝试了一个操作。

2025-05-26 22:29:55.007019 - ERROR : send/read tcp data error: Traceback (most recent call last):
  File "G:\tools\anaconda1\.venv\lib\site-packages\PyAibote\Tool\SendTcpData.py", line 25, in SendData
    response = self.StarLoadWait(data)
  File "G:\tools\anaconda1\.venv\lib\site-packages\PyAibote\WindowsBotModel\WinLoadWait.py", line 42, in StarLoadWait
    response = self._Send(data)
  File "G:\tools\anaconda1\.venv\lib\site-packages\PyAibote\WindowsBotModel\WinLoadWait.py", line 21, in _Send
    self.request.sendall(data)
OSError: [WinError 10038] 在一个非套接字上尝试了一个操作。

2025-05-26 22:29:55.010011 - ERROR : send/read tcp data error: Traceback (most recent call last):
  File "G:\tools\anaconda1\.venv\lib\site-packages\PyAibote\Tool\SendTcpData.py", line 25, in SendData
    response = self.StarLoadWait(data)
  File "G:\tools\anaconda1\.venv\lib\site-packages\PyAibote\WindowsBotModel\WinLoadWait.py", line 42, in StarLoadWait
    response = self._Send(data)
  File "G:\tools\anaconda1\.venv\lib\site-packages\PyAibote\WindowsBotModel\WinLoadWait.py", line 21, in _Send
    self.request.sendall(data)
OSError: [WinError 10038] 在一个非套接字上尝试了一个操作。

2025-05-26 22:29:55.012006 - ERROR : send/read tcp data error: Traceback (most recent call last):
  File "G:\tools\anaconda1\.venv\lib\site-packages\PyAibote\Tool\SendTcpData.py", line 25, in SendData
    response = self.StarLoadWait(data)
  File "G:\tools\anaconda1\.venv\lib\site-packages\PyAibote\WindowsBotModel\WinLoadWait.py", line 42, in StarLoadWait
    response = self._Send(data)
  File "G:\tools\anaconda1\.venv\lib\site-packages\PyAibote\WindowsBotModel\WinLoadWait.py", line 21, in _Send
    self.request.sendall(data)
OSError: [WinError 10038] 在一个非套接字上尝试了一个操作。

2025-05-26 22:29:55.014002 - ERROR : send/read tcp data error: Traceback (most recent call last):
  File "G:\tools\anaconda1\.venv\lib\site-packages\PyAibote\Tool\SendTcpData.py", line 25, in SendData
    response = self.StarLoadWait(data)
  File "G:\tools\anaconda1\.venv\lib\site-packages\PyAibote\WindowsBotModel\WinLoadWait.py", line 42, in StarLoadWait
    response = self._Send(data)
  File "G:\tools\anaconda1\.venv\lib\site-packages\PyAibote\WindowsBotModel\WinLoadWait.py", line 21, in _Send
    self.request.sendall(data)
OSError: [WinError 10038] 在一个非套接字上尝试了一个操作。

2025-05-26 22:29:55.015997 - ERROR : send/read tcp data error: Traceback (most recent call last):
  File "G:\tools\anaconda1\.venv\lib\site-packages\PyAibote\Tool\SendTcpData.py", line 25, in SendData
    response = self.StarLoadWait(data)
  File "G:\tools\anaconda1\.venv\lib\site-packages\PyAibote\WindowsBotModel\WinLoadWait.py", line 42, in StarLoadWait
    response = self._Send(data)
  File "G:\tools\anaconda1\.venv\lib\site-packages\PyAibote\WindowsBotModel\WinLoadWait.py", line 21, in _Send
    self.request.sendall(data)
OSError: [WinError 10038] 在一个非套接字上尝试了一个操作。

2025-05-26 22:29:55.017991 - ERROR : send/read tcp data error: Traceback (most recent call last):
  File "G:\tools\anaconda1\.venv\lib\site-packages\PyAibote\Tool\SendTcpData.py", line 25, in SendData
    response = self.StarLoadWait(data)
  File "G:\tools\anaconda1\.venv\lib\site-packages\PyAibote\WindowsBotModel\WinLoadWait.py", line 42, in StarLoadWait
    response = self._Send(data)
  File "G:\tools\anaconda1\.venv\lib\site-packages\PyAibote\WindowsBotModel\WinLoadWait.py", line 21, in _Send
    self.request.sendall(data)
OSError: [WinError 10038] 在一个非套接字上尝试了一个操作。

2025-05-26 22:29:55.019987 - ERROR : send/read tcp data error: Traceback (most recent call last):
  File "G:\tools\anaconda1\.venv\lib\site-packages\PyAibote\Tool\SendTcpData.py", line 25, in SendData
    response = self.StarLoadWait(data)
  File "G:\tools\anaconda1\.venv\lib\site-packages\PyAibote\WindowsBotModel\WinLoadWait.py", line 42, in StarLoadWait
    response = self._Send(data)
  File "G:\tools\anaconda1\.venv\lib\site-packages\PyAibote\WindowsBotModel\WinLoadWait.py", line 21, in _Send
    self.request.sendall(data)
OSError: [WinError 10038] 在一个非套接字上尝试了一个操作。

2025-05-26 22:29:55.021982 - ERROR : send/read tcp data error: Traceback (most recent call last):
  File "G:\tools\anaconda1\.venv\lib\site-packages\PyAibote\Tool\SendTcpData.py", line 25, in SendData
    response = self.StarLoadWait(data)
  File "G:\tools\anaconda1\.venv\lib\site-packages\PyAibote\WindowsBotModel\WinLoadWait.py", line 42, in StarLoadWait
    response = self._Send(data)
  File "G:\tools\anaconda1\.venv\lib\site-packages\PyAibote\WindowsBotModel\WinLoadWait.py", line 21, in _Send
    self.request.sendall(data)
OSError: [WinError 10038] 在一个非套接字上尝试了一个操作。

2025-05-26 22:29:55.023976 - ERROR : send/read tcp data error: Traceback (most recent call last):
  File "G:\tools\anaconda1\.venv\lib\site-packages\PyAibote\Tool\SendTcpData.py", line 25, in SendData
    response = self.StarLoadWait(data)
  File "G:\tools\anaconda1\.venv\lib\site-packages\PyAibote\WindowsBotModel\WinLoadWait.py", line 42, in StarLoadWait
    response = self._Send(data)
  File "G:\tools\anaconda1\.venv\lib\site-packages\PyAibote\WindowsBotModel\WinLoadWait.py", line 21, in _Send
    self.request.sendall(data)
OSError: [WinError 10038] 在一个非套接字上尝试了一个操作。

2025-05-26 22:29:55.025971 - ERROR : send/read tcp data error: Traceback (most recent call last):
  File "G:\tools\anaconda1\.venv\lib\site-packages\PyAibote\Tool\SendTcpData.py", line 25, in SendData
    response = self.StarLoadWait(data)
  File "G:\tools\anaconda1\.venv\lib\site-packages\PyAibote\WindowsBotModel\WinLoadWait.py", line 42, in StarLoadWait
    response = self._Send(data)
  File "G:\tools\anaconda1\.venv\lib\site-packages\PyAibote\WindowsBotModel\WinLoadWait.py", line 21, in _Send
    self.request.sendall(data)
OSError: [WinError 10038] 在一个非套接字上尝试了一个操作。

2025-05-26 22:29:55.028964 - ERROR : send/read tcp data error: Traceback (most recent call last):
  File "G:\tools\anaconda1\.venv\lib\site-packages\PyAibote\Tool\SendTcpData.py", line 25, in SendData
    response = self.StarLoadWait(data)
  File "G:\tools\anaconda1\.venv\lib\site-packages\PyAibote\WindowsBotModel\WinLoadWait.py", line 42, in StarLoadWait
    response = self._Send(data)
  File "G:\tools\anaconda1\.venv\lib\site-packages\PyAibote\WindowsBotModel\WinLoadWait.py", line 21, in _Send
    self.request.sendall(data)
OSError: [WinError 10038] 在一个非套接字上尝试了一个操作。

2025-05-26 22:29:55.030959 - ERROR : send/read tcp data error: Traceback (most recent call last):
  File "G:\tools\anaconda1\.venv\lib\site-packages\PyAibote\Tool\SendTcpData.py", line 25, in SendData
    response = self.StarLoadWait(data)
  File "G:\tools\anaconda1\.venv\lib\site-packages\PyAibote\WindowsBotModel\WinLoadWait.py", line 42, in StarLoadWait
    response = self._Send(data)
  File "G:\tools\anaconda1\.venv\lib\site-packages\PyAibote\WindowsBotModel\WinLoadWait.py", line 21, in _Send
    self.request.sendall(data)
OSError: [WinError 10038] 在一个非套接字上尝试了一个操作。

2025-05-26 22:29:55.032953 - ERROR : send/read tcp data error: Traceback (most recent call last):
  File "G:\tools\anaconda1\.venv\lib\site-packages\PyAibote\Tool\SendTcpData.py", line 25, in SendData
    response = self.StarLoadWait(data)
  File "G:\tools\anaconda1\.venv\lib\site-packages\PyAibote\WindowsBotModel\WinLoadWait.py", line 42, in StarLoadWait
    response = self._Send(data)
  File "G:\tools\anaconda1\.venv\lib\site-packages\PyAibote\WindowsBotModel\WinLoadWait.py", line 21, in _Send
    self.request.sendall(data)
OSError: [WinError 10038] 在一个非套接字上尝试了一个操作。

2025-05-26 22:29:55.034948 - ERROR : send/read tcp data error: Traceback (most recent call last):
  File "G:\tools\anaconda1\.venv\lib\site-packages\PyAibote\Tool\SendTcpData.py", line 25, in SendData
    response = self.StarLoadWait(data)
  File "G:\tools\anaconda1\.venv\lib\site-packages\PyAibote\WindowsBotModel\WinLoadWait.py", line 42, in StarLoadWait
    response = self._Send(data)
  File "G:\tools\anaconda1\.venv\lib\site-packages\PyAibote\WindowsBotModel\WinLoadWait.py", line 21, in _Send
    self.request.sendall(data)
OSError: [WinError 10038] 在一个非套接字上尝试了一个操作。

2025-05-26 22:29:55.035946 - ERROR : send/read tcp data error: Traceback (most recent call last):
  File "G:\tools\anaconda1\.venv\lib\site-packages\PyAibote\Tool\SendTcpData.py", line 25, in SendData
    response = self.StarLoadWait(data)
  File "G:\tools\anaconda1\.venv\lib\site-packages\PyAibote\WindowsBotModel\WinLoadWait.py", line 42, in StarLoadWait
    response = self._Send(data)
  File "G:\tools\anaconda1\.venv\lib\site-packages\PyAibote\WindowsBotModel\WinLoadWait.py", line 21, in _Send
    self.request.sendall(data)
OSError: [WinError 10038] 在一个非套接字上尝试了一个操作。

2025-05-26 22:29:55.037940 - ERROR : send/read tcp data error: Traceback (most recent call last):
  File "G:\tools\anaconda1\.venv\lib\site-packages\PyAibote\Tool\SendTcpData.py", line 25, in SendData
    response = self.StarLoadWait(data)
  File "G:\tools\anaconda1\.venv\lib\site-packages\PyAibote\WindowsBotModel\WinLoadWait.py", line 42, in StarLoadWait
    response = self._Send(data)
  File "G:\tools\anaconda1\.venv\lib\site-packages\PyAibote\WindowsBotModel\WinLoadWait.py", line 21, in _Send
    self.request.sendall(data)
OSError: [WinError 10038] 在一个非套接字上尝试了一个操作。

2025-05-26 22:29:55.039935 - ERROR : send/read tcp data error: Traceback (most recent call last):
  File "G:\tools\anaconda1\.venv\lib\site-packages\PyAibote\Tool\SendTcpData.py", line 25, in SendData
    response = self.StarLoadWait(data)
  File "G:\tools\anaconda1\.venv\lib\site-packages\PyAibote\WindowsBotModel\WinLoadWait.py", line 42, in StarLoadWait
    response = self._Send(data)
  File "G:\tools\anaconda1\.venv\lib\site-packages\PyAibote\WindowsBotModel\WinLoadWait.py", line 21, in _Send
    self.request.sendall(data)
OSError: [WinError 10038] 在一个非套接字上尝试了一个操作。

2025-05-26 22:29:55.041930 - ERROR : send/read tcp data error: Traceback (most recent call last):
  File "G:\tools\anaconda1\.venv\lib\site-packages\PyAibote\Tool\SendTcpData.py", line 25, in SendData
    response = self.StarLoadWait(data)
  File "G:\tools\anaconda1\.venv\lib\site-packages\PyAibote\WindowsBotModel\WinLoadWait.py", line 42, in StarLoadWait
    response = self._Send(data)
  File "G:\tools\anaconda1\.venv\lib\site-packages\PyAibote\WindowsBotModel\WinLoadWait.py", line 21, in _Send
    self.request.sendall(data)
OSError: [WinError 10038] 在一个非套接字上尝试了一个操作。

2025-05-26 22:29:55.043925 - ERROR : send/read tcp data error: Traceback (most recent call last):
  File "G:\tools\anaconda1\.venv\lib\site-packages\PyAibote\Tool\SendTcpData.py", line 25, in SendData
    response = self.StarLoadWait(data)
  File "G:\tools\anaconda1\.venv\lib\site-packages\PyAibote\WindowsBotModel\WinLoadWait.py", line 42, in StarLoadWait
    response = self._Send(data)
  File "G:\tools\anaconda1\.venv\lib\site-packages\PyAibote\WindowsBotModel\WinLoadWait.py", line 21, in _Send
    self.request.sendall(data)
OSError: [WinError 10038] 在一个非套接字上尝试了一个操作。

2025-05-26 22:29:55.046918 - ERROR : send/read tcp data error: Traceback (most recent call last):
  File "G:\tools\anaconda1\.venv\lib\site-packages\PyAibote\Tool\SendTcpData.py", line 25, in SendData
    response = self.StarLoadWait(data)
  File "G:\tools\anaconda1\.venv\lib\site-packages\PyAibote\WindowsBotModel\WinLoadWait.py", line 42, in StarLoadWait
    response = self._Send(data)
  File "G:\tools\anaconda1\.venv\lib\site-packages\PyAibote\WindowsBotModel\WinLoadWait.py", line 21, in _Send
    self.request.sendall(data)
OSError: [WinError 10038] 在一个非套接字上尝试了一个操作。

2025-05-26 22:29:55.048912 - ERROR : send/read tcp data error: Traceback (most recent call last):
  File "G:\tools\anaconda1\.venv\lib\site-packages\PyAibote\Tool\SendTcpData.py", line 25, in SendData
    response = self.StarLoadWait(data)
  File "G:\tools\anaconda1\.venv\lib\site-packages\PyAibote\WindowsBotModel\WinLoadWait.py", line 42, in StarLoadWait
    response = self._Send(data)
  File "G:\tools\anaconda1\.venv\lib\site-packages\PyAibote\WindowsBotModel\WinLoadWait.py", line 21, in _Send
    self.request.sendall(data)
OSError: [WinError 10038] 在一个非套接字上尝试了一个操作。

2025-05-26 22:29:55.050908 - ERROR : send/read tcp data error: Traceback (most recent call last):
  File "G:\tools\anaconda1\.venv\lib\site-packages\PyAibote\Tool\SendTcpData.py", line 25, in SendData
    response = self.StarLoadWait(data)
  File "G:\tools\anaconda1\.venv\lib\site-packages\PyAibote\WindowsBotModel\WinLoadWait.py", line 42, in StarLoadWait
    response = self._Send(data)
  File "G:\tools\anaconda1\.venv\lib\site-packages\PyAibote\WindowsBotModel\WinLoadWait.py", line 21, in _Send
    self.request.sendall(data)
OSError: [WinError 10038] 在一个非套接字上尝试了一个操作。

2025-05-26 22:29:55.052902 - ERROR : send/read tcp data error: Traceback (most recent call last):
  File "G:\tools\anaconda1\.venv\lib\site-packages\PyAibote\Tool\SendTcpData.py", line 25, in SendData
    response = self.StarLoadWait(data)
  File "G:\tools\anaconda1\.venv\lib\site-packages\PyAibote\WindowsBotModel\WinLoadWait.py", line 42, in StarLoadWait
    response = self._Send(data)
  File "G:\tools\anaconda1\.venv\lib\site-packages\PyAibote\WindowsBotModel\WinLoadWait.py", line 21, in _Send
    self.request.sendall(data)
OSError: [WinError 10038] 在一个非套接字上尝试了一个操作。

2025-05-26 22:29:55.054897 - ERROR : send/read tcp data error: Traceback (most recent call last):
  File "G:\tools\anaconda1\.venv\lib\site-packages\PyAibote\Tool\SendTcpData.py", line 25, in SendData
    response = self.StarLoadWait(data)
  File "G:\tools\anaconda1\.venv\lib\site-packages\PyAibote\WindowsBotModel\WinLoadWait.py", line 42, in StarLoadWait
    response = self._Send(data)
  File "G:\tools\anaconda1\.venv\lib\site-packages\PyAibote\WindowsBotModel\WinLoadWait.py", line 21, in _Send
    self.request.sendall(data)
OSError: [WinError 10038] 在一个非套接字上尝试了一个操作。

2025-05-26 22:29:55.056891 - ERROR : send/read tcp data error: Traceback (most recent call last):
  File "G:\tools\anaconda1\.venv\lib\site-packages\PyAibote\Tool\SendTcpData.py", line 25, in SendData
    response = self.StarLoadWait(data)
  File "G:\tools\anaconda1\.venv\lib\site-packages\PyAibote\WindowsBotModel\WinLoadWait.py", line 42, in StarLoadWait
    response = self._Send(data)
  File "G:\tools\anaconda1\.venv\lib\site-packages\PyAibote\WindowsBotModel\WinLoadWait.py", line 21, in _Send
    self.request.sendall(data)
OSError: [WinError 10038] 在一个非套接字上尝试了一个操作。

2025-05-26 22:29:55.058887 - ERROR : send/read tcp data error: Traceback (most recent call last):
  File "G:\tools\anaconda1\.venv\lib\site-packages\PyAibote\Tool\SendTcpData.py", line 25, in SendData
    response = self.StarLoadWait(data)
  File "G:\tools\anaconda1\.venv\lib\site-packages\PyAibote\WindowsBotModel\WinLoadWait.py", line 42, in StarLoadWait
    response = self._Send(data)
  File "G:\tools\anaconda1\.venv\lib\site-packages\PyAibote\WindowsBotModel\WinLoadWait.py", line 21, in _Send
    self.request.sendall(data)
OSError: [WinError 10038] 在一个非套接字上尝试了一个操作。

2025-05-26 22:29:55.060882 - ERROR : send/read tcp data error: Traceback (most recent call last):
  File "G:\tools\anaconda1\.venv\lib\site-packages\PyAibote\Tool\SendTcpData.py", line 25, in SendData
    response = self.StarLoadWait(data)
  File "G:\tools\anaconda1\.venv\lib\site-packages\PyAibote\WindowsBotModel\WinLoadWait.py", line 42, in StarLoadWait
    response = self._Send(data)
  File "G:\tools\anaconda1\.venv\lib\site-packages\PyAibote\WindowsBotModel\WinLoadWait.py", line 21, in _Send
    self.request.sendall(data)
OSError: [WinError 10038] 在一个非套接字上尝试了一个操作。

2025-05-26 22:29:55.069859 - ERROR : send/read tcp data error: Traceback (most recent call last):
  File "G:\tools\anaconda1\.venv\lib\site-packages\PyAibote\Tool\SendTcpData.py", line 25, in SendData
    response = self.StarLoadWait(data)
  File "G:\tools\anaconda1\.venv\lib\site-packages\PyAibote\WindowsBotModel\WinLoadWait.py", line 42, in StarLoadWait
    response = self._Send(data)
  File "G:\tools\anaconda1\.venv\lib\site-packages\PyAibote\WindowsBotModel\WinLoadWait.py", line 21, in _Send
    self.request.sendall(data)
OSError: [WinError 10038] 在一个非套接字上尝试了一个操作。

2025-05-26 22:29:55.071853 - ERROR : send/read tcp data error: Traceback (most recent call last):
  File "G:\tools\anaconda1\.venv\lib\site-packages\PyAibote\Tool\SendTcpData.py", line 25, in SendData
    response = self.StarLoadWait(data)
  File "G:\tools\anaconda1\.venv\lib\site-packages\PyAibote\WindowsBotModel\WinLoadWait.py", line 42, in StarLoadWait
    response = self._Send(data)
  File "G:\tools\anaconda1\.venv\lib\site-packages\PyAibote\WindowsBotModel\WinLoadWait.py", line 21, in _Send
    self.request.sendall(data)
OSError: [WinError 10038] 在一个非套接字上尝试了一个操作。

2025-05-26 22:29:55.073848 - ERROR : send/read tcp data error: Traceback (most recent call last):
  File "G:\tools\anaconda1\.venv\lib\site-packages\PyAibote\Tool\SendTcpData.py", line 25, in SendData
    response = self.StarLoadWait(data)
  File "G:\tools\anaconda1\.venv\lib\site-packages\PyAibote\WindowsBotModel\WinLoadWait.py", line 42, in StarLoadWait
    response = self._Send(data)
  File "G:\tools\anaconda1\.venv\lib\site-packages\PyAibote\WindowsBotModel\WinLoadWait.py", line 21, in _Send
    self.request.sendall(data)
OSError: [WinError 10038] 在一个非套接字上尝试了一个操作。

2025-05-26 22:29:55.075844 - ERROR : send/read tcp data error: Traceback (most recent call last):
  File "G:\tools\anaconda1\.venv\lib\site-packages\PyAibote\Tool\SendTcpData.py", line 25, in SendData
    response = self.StarLoadWait(data)
  File "G:\tools\anaconda1\.venv\lib\site-packages\PyAibote\WindowsBotModel\WinLoadWait.py", line 42, in StarLoadWait
    response = self._Send(data)
  File "G:\tools\anaconda1\.venv\lib\site-packages\PyAibote\WindowsBotModel\WinLoadWait.py", line 21, in _Send
    self.request.sendall(data)
OSError: [WinError 10038] 在一个非套接字上尝试了一个操作。

2025-05-26 22:29:55.078837 - ERROR : send/read tcp data error: Traceback (most recent call last):
  File "G:\tools\anaconda1\.venv\lib\site-packages\PyAibote\Tool\SendTcpData.py", line 25, in SendData
    response = self.StarLoadWait(data)
  File "G:\tools\anaconda1\.venv\lib\site-packages\PyAibote\WindowsBotModel\WinLoadWait.py", line 42, in StarLoadWait
    response = self._Send(data)
  File "G:\tools\anaconda1\.venv\lib\site-packages\PyAibote\WindowsBotModel\WinLoadWait.py", line 21, in _Send
    self.request.sendall(data)
OSError: [WinError 10038] 在一个非套接字上尝试了一个操作。

2025-05-26 22:29:55.080831 - ERROR : send/read tcp data error: Traceback (most recent call last):
  File "G:\tools\anaconda1\.venv\lib\site-packages\PyAibote\Tool\SendTcpData.py", line 25, in SendData
    response = self.StarLoadWait(data)
  File "G:\tools\anaconda1\.venv\lib\site-packages\PyAibote\WindowsBotModel\WinLoadWait.py", line 42, in StarLoadWait
    response = self._Send(data)
  File "G:\tools\anaconda1\.venv\lib\site-packages\PyAibote\WindowsBotModel\WinLoadWait.py", line 21, in _Send
    self.request.sendall(data)
OSError: [WinError 10038] 在一个非套接字上尝试了一个操作。

2025-05-26 22:29:55.082825 - ERROR : send/read tcp data error: Traceback (most recent call last):
  File "G:\tools\anaconda1\.venv\lib\site-packages\PyAibote\Tool\SendTcpData.py", line 25, in SendData
    response = self.StarLoadWait(data)
  File "G:\tools\anaconda1\.venv\lib\site-packages\PyAibote\WindowsBotModel\WinLoadWait.py", line 42, in StarLoadWait
    response = self._Send(data)
  File "G:\tools\anaconda1\.venv\lib\site-packages\PyAibote\WindowsBotModel\WinLoadWait.py", line 21, in _Send
    self.request.sendall(data)
OSError: [WinError 10038] 在一个非套接字上尝试了一个操作。

2025-05-26 22:29:55.084820 - ERROR : send/read tcp data error: Traceback (most recent call last):
  File "G:\tools\anaconda1\.venv\lib\site-packages\PyAibote\Tool\SendTcpData.py", line 25, in SendData
    response = self.StarLoadWait(data)
  File "G:\tools\anaconda1\.venv\lib\site-packages\PyAibote\WindowsBotModel\WinLoadWait.py", line 42, in StarLoadWait
    response = self._Send(data)
  File "G:\tools\anaconda1\.venv\lib\site-packages\PyAibote\WindowsBotModel\WinLoadWait.py", line 21, in _Send
    self.request.sendall(data)
OSError: [WinError 10038] 在一个非套接字上尝试了一个操作。

2025-05-26 22:29:55.086815 - ERROR : send/read tcp data error: Traceback (most recent call last):
  File "G:\tools\anaconda1\.venv\lib\site-packages\PyAibote\Tool\SendTcpData.py", line 25, in SendData
    response = self.StarLoadWait(data)
  File "G:\tools\anaconda1\.venv\lib\site-packages\PyAibote\WindowsBotModel\WinLoadWait.py", line 42, in StarLoadWait
    response = self._Send(data)
  File "G:\tools\anaconda1\.venv\lib\site-packages\PyAibote\WindowsBotModel\WinLoadWait.py", line 21, in _Send
    self.request.sendall(data)
OSError: [WinError 10038] 在一个非套接字上尝试了一个操作。

2025-05-26 22:29:55.088810 - ERROR : send/read tcp data error: Traceback (most recent call last):
  File "G:\tools\anaconda1\.venv\lib\site-packages\PyAibote\Tool\SendTcpData.py", line 25, in SendData
    response = self.StarLoadWait(data)
  File "G:\tools\anaconda1\.venv\lib\site-packages\PyAibote\WindowsBotModel\WinLoadWait.py", line 42, in StarLoadWait
    response = self._Send(data)
  File "G:\tools\anaconda1\.venv\lib\site-packages\PyAibote\WindowsBotModel\WinLoadWait.py", line 21, in _Send
    self.request.sendall(data)
OSError: [WinError 10038] 在一个非套接字上尝试了一个操作。

2025-05-26 22:29:55.090806 - ERROR : send/read tcp data error: Traceback (most recent call last):
  File "G:\tools\anaconda1\.venv\lib\site-packages\PyAibote\Tool\SendTcpData.py", line 25, in SendData
    response = self.StarLoadWait(data)
  File "G:\tools\anaconda1\.venv\lib\site-packages\PyAibote\WindowsBotModel\WinLoadWait.py", line 42, in StarLoadWait
    response = self._Send(data)
  File "G:\tools\anaconda1\.venv\lib\site-packages\PyAibote\WindowsBotModel\WinLoadWait.py", line 21, in _Send
    self.request.sendall(data)
OSError: [WinError 10038] 在一个非套接字上尝试了一个操作。

2025-05-26 22:29:55.092800 - ERROR : send/read tcp data error: Traceback (most recent call last):
  File "G:\tools\anaconda1\.venv\lib\site-packages\PyAibote\Tool\SendTcpData.py", line 25, in SendData
    response = self.StarLoadWait(data)
  File "G:\tools\anaconda1\.venv\lib\site-packages\PyAibote\WindowsBotModel\WinLoadWait.py", line 42, in StarLoadWait
    response = self._Send(data)
  File "G:\tools\anaconda1\.venv\lib\site-packages\PyAibote\WindowsBotModel\WinLoadWait.py", line 21, in _Send
    self.request.sendall(data)
OSError: [WinError 10038] 在一个非套接字上尝试了一个操作。

2025-05-26 22:29:55.094795 - ERROR : send/read tcp data error: Traceback (most recent call last):
  File "G:\tools\anaconda1\.venv\lib\site-packages\PyAibote\Tool\SendTcpData.py", line 25, in SendData
    response = self.StarLoadWait(data)
  File "G:\tools\anaconda1\.venv\lib\site-packages\PyAibote\WindowsBotModel\WinLoadWait.py", line 42, in StarLoadWait
    response = self._Send(data)
  File "G:\tools\anaconda1\.venv\lib\site-packages\PyAibote\WindowsBotModel\WinLoadWait.py", line 21, in _Send
    self.request.sendall(data)
OSError: [WinError 10038] 在一个非套接字上尝试了一个操作。

2025-05-26 22:29:55.098785 - ERROR : send/read tcp data error: Traceback (most recent call last):
  File "G:\tools\anaconda1\.venv\lib\site-packages\PyAibote\Tool\SendTcpData.py", line 25, in SendData
    response = self.StarLoadWait(data)
  File "G:\tools\anaconda1\.venv\lib\site-packages\PyAibote\WindowsBotModel\WinLoadWait.py", line 42, in StarLoadWait
    response = self._Send(data)
  File "G:\tools\anaconda1\.venv\lib\site-packages\PyAibote\WindowsBotModel\WinLoadWait.py", line 21, in _Send
    self.request.sendall(data)
OSError: [WinError 10038] 在一个非套接字上尝试了一个操作。

2025-05-26 22:29:55.100780 - ERROR : send/read tcp data error: Traceback (most recent call last):
  File "G:\tools\anaconda1\.venv\lib\site-packages\PyAibote\Tool\SendTcpData.py", line 25, in SendData
    response = self.StarLoadWait(data)
  File "G:\tools\anaconda1\.venv\lib\site-packages\PyAibote\WindowsBotModel\WinLoadWait.py", line 42, in StarLoadWait
    response = self._Send(data)
  File "G:\tools\anaconda1\.venv\lib\site-packages\PyAibote\WindowsBotModel\WinLoadWait.py", line 21, in _Send
    self.request.sendall(data)
OSError: [WinError 10038] 在一个非套接字上尝试了一个操作。

2025-05-26 22:29:55.102775 - ERROR : send/read tcp data error: Traceback (most recent call last):
  File "G:\tools\anaconda1\.venv\lib\site-packages\PyAibote\Tool\SendTcpData.py", line 25, in SendData
    response = self.StarLoadWait(data)
  File "G:\tools\anaconda1\.venv\lib\site-packages\PyAibote\WindowsBotModel\WinLoadWait.py", line 42, in StarLoadWait
    response = self._Send(data)
  File "G:\tools\anaconda1\.venv\lib\site-packages\PyAibote\WindowsBotModel\WinLoadWait.py", line 21, in _Send
    self.request.sendall(data)
OSError: [WinError 10038] 在一个非套接字上尝试了一个操作。

2025-05-26 22:29:55.104769 - ERROR : send/read tcp data error: Traceback (most recent call last):
  File "G:\tools\anaconda1\.venv\lib\site-packages\PyAibote\Tool\SendTcpData.py", line 25, in SendData
    response = self.StarLoadWait(data)
  File "G:\tools\anaconda1\.venv\lib\site-packages\PyAibote\WindowsBotModel\WinLoadWait.py", line 42, in StarLoadWait
    response = self._Send(data)
  File "G:\tools\anaconda1\.venv\lib\site-packages\PyAibote\WindowsBotModel\WinLoadWait.py", line 21, in _Send
    self.request.sendall(data)
OSError: [WinError 10038] 在一个非套接字上尝试了一个操作。

2025-05-26 22:29:55.106764 - ERROR : send/read tcp data error: Traceback (most recent call last):
  File "G:\tools\anaconda1\.venv\lib\site-packages\PyAibote\Tool\SendTcpData.py", line 25, in SendData
    response = self.StarLoadWait(data)
  File "G:\tools\anaconda1\.venv\lib\site-packages\PyAibote\WindowsBotModel\WinLoadWait.py", line 42, in StarLoadWait
    response = self._Send(data)
  File "G:\tools\anaconda1\.venv\lib\site-packages\PyAibote\WindowsBotModel\WinLoadWait.py", line 21, in _Send
    self.request.sendall(data)
OSError: [WinError 10038] 在一个非套接字上尝试了一个操作。

2025-05-26 22:29:55.108759 - ERROR : send/read tcp data error: Traceback (most recent call last):
  File "G:\tools\anaconda1\.venv\lib\site-packages\PyAibote\Tool\SendTcpData.py", line 25, in SendData
    response = self.StarLoadWait(data)
  File "G:\tools\anaconda1\.venv\lib\site-packages\PyAibote\WindowsBotModel\WinLoadWait.py", line 42, in StarLoadWait
    response = self._Send(data)
  File "G:\tools\anaconda1\.venv\lib\site-packages\PyAibote\WindowsBotModel\WinLoadWait.py", line 21, in _Send
    self.request.sendall(data)
OSError: [WinError 10038] 在一个非套接字上尝试了一个操作。

2025-05-26 22:29:55.110754 - ERROR : send/read tcp data error: Traceback (most recent call last):
  File "G:\tools\anaconda1\.venv\lib\site-packages\PyAibote\Tool\SendTcpData.py", line 25, in SendData
    response = self.StarLoadWait(data)
  File "G:\tools\anaconda1\.venv\lib\site-packages\PyAibote\WindowsBotModel\WinLoadWait.py", line 42, in StarLoadWait
    response = self._Send(data)
  File "G:\tools\anaconda1\.venv\lib\site-packages\PyAibote\WindowsBotModel\WinLoadWait.py", line 21, in _Send
    self.request.sendall(data)
OSError: [WinError 10038] 在一个非套接字上尝试了一个操作。

2025-05-26 22:29:55.112748 - ERROR : send/read tcp data error: Traceback (most recent call last):
  File "G:\tools\anaconda1\.venv\lib\site-packages\PyAibote\Tool\SendTcpData.py", line 25, in SendData
    response = self.StarLoadWait(data)
  File "G:\tools\anaconda1\.venv\lib\site-packages\PyAibote\WindowsBotModel\WinLoadWait.py", line 42, in StarLoadWait
    response = self._Send(data)
  File "G:\tools\anaconda1\.venv\lib\site-packages\PyAibote\WindowsBotModel\WinLoadWait.py", line 21, in _Send
    self.request.sendall(data)
OSError: [WinError 10038] 在一个非套接字上尝试了一个操作。

2025-05-26 22:29:55.114743 - ERROR : send/read tcp data error: Traceback (most recent call last):
  File "G:\tools\anaconda1\.venv\lib\site-packages\PyAibote\Tool\SendTcpData.py", line 25, in SendData
    response = self.StarLoadWait(data)
  File "G:\tools\anaconda1\.venv\lib\site-packages\PyAibote\WindowsBotModel\WinLoadWait.py", line 42, in StarLoadWait
    response = self._Send(data)
  File "G:\tools\anaconda1\.venv\lib\site-packages\PyAibote\WindowsBotModel\WinLoadWait.py", line 21, in _Send
    self.request.sendall(data)
OSError: [WinError 10038] 在一个非套接字上尝试了一个操作。

2025-05-26 22:29:55.116738 - ERROR : send/read tcp data error: Traceback (most recent call last):
  File "G:\tools\anaconda1\.venv\lib\site-packages\PyAibote\Tool\SendTcpData.py", line 25, in SendData
    response = self.StarLoadWait(data)
  File "G:\tools\anaconda1\.venv\lib\site-packages\PyAibote\WindowsBotModel\WinLoadWait.py", line 42, in StarLoadWait
    response = self._Send(data)
  File "G:\tools\anaconda1\.venv\lib\site-packages\PyAibote\WindowsBotModel\WinLoadWait.py", line 21, in _Send
    self.request.sendall(data)
OSError: [WinError 10038] 在一个非套接字上尝试了一个操作。

2025-05-26 22:29:55.120729 - ERROR : send/read tcp data error: Traceback (most recent call last):
  File "G:\tools\anaconda1\.venv\lib\site-packages\PyAibote\Tool\SendTcpData.py", line 25, in SendData
    response = self.StarLoadWait(data)
  File "G:\tools\anaconda1\.venv\lib\site-packages\PyAibote\WindowsBotModel\WinLoadWait.py", line 42, in StarLoadWait
    response = self._Send(data)
  File "G:\tools\anaconda1\.venv\lib\site-packages\PyAibote\WindowsBotModel\WinLoadWait.py", line 21, in _Send
    self.request.sendall(data)
OSError: [WinError 10038] 在一个非套接字上尝试了一个操作。

2025-05-26 22:29:55.123722 - ERROR : send/read tcp data error: Traceback (most recent call last):
  File "G:\tools\anaconda1\.venv\lib\site-packages\PyAibote\Tool\SendTcpData.py", line 25, in SendData
    response = self.StarLoadWait(data)
  File "G:\tools\anaconda1\.venv\lib\site-packages\PyAibote\WindowsBotModel\WinLoadWait.py", line 42, in StarLoadWait
    response = self._Send(data)
  File "G:\tools\anaconda1\.venv\lib\site-packages\PyAibote\WindowsBotModel\WinLoadWait.py", line 21, in _Send
    self.request.sendall(data)
OSError: [WinError 10038] 在一个非套接字上尝试了一个操作。

2025-05-26 22:29:55.125716 - ERROR : send/read tcp data error: Traceback (most recent call last):
  File "G:\tools\anaconda1\.venv\lib\site-packages\PyAibote\Tool\SendTcpData.py", line 25, in SendData
    response = self.StarLoadWait(data)
  File "G:\tools\anaconda1\.venv\lib\site-packages\PyAibote\WindowsBotModel\WinLoadWait.py", line 42, in StarLoadWait
    response = self._Send(data)
  File "G:\tools\anaconda1\.venv\lib\site-packages\PyAibote\WindowsBotModel\WinLoadWait.py", line 21, in _Send
    self.request.sendall(data)
OSError: [WinError 10038] 在一个非套接字上尝试了一个操作。

2025-05-26 22:29:55.127711 - ERROR : send/read tcp data error: Traceback (most recent call last):
  File "G:\tools\anaconda1\.venv\lib\site-packages\PyAibote\Tool\SendTcpData.py", line 25, in SendData
    response = self.StarLoadWait(data)
  File "G:\tools\anaconda1\.venv\lib\site-packages\PyAibote\WindowsBotModel\WinLoadWait.py", line 42, in StarLoadWait
    response = self._Send(data)
  File "G:\tools\anaconda1\.venv\lib\site-packages\PyAibote\WindowsBotModel\WinLoadWait.py", line 21, in _Send
    self.request.sendall(data)
OSError: [WinError 10038] 在一个非套接字上尝试了一个操作。

2025-05-26 22:29:55.129705 - ERROR : send/read tcp data error: Traceback (most recent call last):
  File "G:\tools\anaconda1\.venv\lib\site-packages\PyAibote\Tool\SendTcpData.py", line 25, in SendData
    response = self.StarLoadWait(data)
  File "G:\tools\anaconda1\.venv\lib\site-packages\PyAibote\WindowsBotModel\WinLoadWait.py", line 42, in StarLoadWait
    response = self._Send(data)
  File "G:\tools\anaconda1\.venv\lib\site-packages\PyAibote\WindowsBotModel\WinLoadWait.py", line 21, in _Send
    self.request.sendall(data)
OSError: [WinError 10038] 在一个非套接字上尝试了一个操作。

2025-05-26 22:29:55.155712 - ERROR : send/read tcp data error: Traceback (most recent call last):
  File "G:\tools\anaconda1\.venv\lib\site-packages\PyAibote\Tool\SendTcpData.py", line 25, in SendData
    response = self.StarLoadWait(data)
  File "G:\tools\anaconda1\.venv\lib\site-packages\PyAibote\WindowsBotModel\WinLoadWait.py", line 42, in StarLoadWait
    response = self._Send(data)
  File "G:\tools\anaconda1\.venv\lib\site-packages\PyAibote\WindowsBotModel\WinLoadWait.py", line 21, in _Send
    self.request.sendall(data)
OSError: [WinError 10038] 在一个非套接字上尝试了一个操作。

2025-05-26 22:29:55.158631 - ERROR : send/read tcp data error: Traceback (most recent call last):
  File "G:\tools\anaconda1\.venv\lib\site-packages\PyAibote\Tool\SendTcpData.py", line 25, in SendData
    response = self.StarLoadWait(data)
  File "G:\tools\anaconda1\.venv\lib\site-packages\PyAibote\WindowsBotModel\WinLoadWait.py", line 42, in StarLoadWait
    response = self._Send(data)
  File "G:\tools\anaconda1\.venv\lib\site-packages\PyAibote\WindowsBotModel\WinLoadWait.py", line 21, in _Send
    self.request.sendall(data)
OSError: [WinError 10038] 在一个非套接字上尝试了一个操作。

2025-05-26 22:29:55.160626 - ERROR : send/read tcp data error: Traceback (most recent call last):
  File "G:\tools\anaconda1\.venv\lib\site-packages\PyAibote\Tool\SendTcpData.py", line 25, in SendData
    response = self.StarLoadWait(data)
  File "G:\tools\anaconda1\.venv\lib\site-packages\PyAibote\WindowsBotModel\WinLoadWait.py", line 42, in StarLoadWait
    response = self._Send(data)
  File "G:\tools\anaconda1\.venv\lib\site-packages\PyAibote\WindowsBotModel\WinLoadWait.py", line 21, in _Send
    self.request.sendall(data)
OSError: [WinError 10038] 在一个非套接字上尝试了一个操作。

2025-05-26 22:29:55.162621 - ERROR : send/read tcp data error: Traceback (most recent call last):
  File "G:\tools\anaconda1\.venv\lib\site-packages\PyAibote\Tool\SendTcpData.py", line 25, in SendData
    response = self.StarLoadWait(data)
  File "G:\tools\anaconda1\.venv\lib\site-packages\PyAibote\WindowsBotModel\WinLoadWait.py", line 42, in StarLoadWait
    response = self._Send(data)
  File "G:\tools\anaconda1\.venv\lib\site-packages\PyAibote\WindowsBotModel\WinLoadWait.py", line 21, in _Send
    self.request.sendall(data)
OSError: [WinError 10038] 在一个非套接字上尝试了一个操作。

2025-05-26 22:29:55.164617 - ERROR : send/read tcp data error: Traceback (most recent call last):
  File "G:\tools\anaconda1\.venv\lib\site-packages\PyAibote\Tool\SendTcpData.py", line 25, in SendData
    response = self.StarLoadWait(data)
  File "G:\tools\anaconda1\.venv\lib\site-packages\PyAibote\WindowsBotModel\WinLoadWait.py", line 42, in StarLoadWait
    response = self._Send(data)
  File "G:\tools\anaconda1\.venv\lib\site-packages\PyAibote\WindowsBotModel\WinLoadWait.py", line 21, in _Send
    self.request.sendall(data)
OSError: [WinError 10038] 在一个非套接字上尝试了一个操作。

2025-05-26 22:29:55.166611 - ERROR : send/read tcp data error: Traceback (most recent call last):
  File "G:\tools\anaconda1\.venv\lib\site-packages\PyAibote\Tool\SendTcpData.py", line 25, in SendData
    response = self.StarLoadWait(data)
  File "G:\tools\anaconda1\.venv\lib\site-packages\PyAibote\WindowsBotModel\WinLoadWait.py", line 42, in StarLoadWait
    response = self._Send(data)
  File "G:\tools\anaconda1\.venv\lib\site-packages\PyAibote\WindowsBotModel\WinLoadWait.py", line 21, in _Send
    self.request.sendall(data)
OSError: [WinError 10038] 在一个非套接字上尝试了一个操作。

2025-05-26 22:29:55.169121 - ERROR : send/read tcp data error: Traceback (most recent call last):
  File "G:\tools\anaconda1\.venv\lib\site-packages\PyAibote\Tool\SendTcpData.py", line 25, in SendData
    response = self.StarLoadWait(data)
  File "G:\tools\anaconda1\.venv\lib\site-packages\PyAibote\WindowsBotModel\WinLoadWait.py", line 42, in StarLoadWait
    response = self._Send(data)
  File "G:\tools\anaconda1\.venv\lib\site-packages\PyAibote\WindowsBotModel\WinLoadWait.py", line 21, in _Send
    self.request.sendall(data)
OSError: [WinError 10038] 在一个非套接字上尝试了一个操作。

2025-05-26 22:29:55.212653 - ERROR : send/read tcp data error: Traceback (most recent call last):
  File "G:\tools\anaconda1\.venv\lib\site-packages\PyAibote\Tool\SendTcpData.py", line 25, in SendData
    response = self.StarLoadWait(data)
  File "G:\tools\anaconda1\.venv\lib\site-packages\PyAibote\WindowsBotModel\WinLoadWait.py", line 42, in StarLoadWait
    response = self._Send(data)
  File "G:\tools\anaconda1\.venv\lib\site-packages\PyAibote\WindowsBotModel\WinLoadWait.py", line 21, in _Send
    self.request.sendall(data)
OSError: [WinError 10038] 在一个非套接字上尝试了一个操作。

2025-05-26 22:29:55.215646 - ERROR : send/read tcp data error: Traceback (most recent call last):
  File "G:\tools\anaconda1\.venv\lib\site-packages\PyAibote\Tool\SendTcpData.py", line 25, in SendData
    response = self.StarLoadWait(data)
  File "G:\tools\anaconda1\.venv\lib\site-packages\PyAibote\WindowsBotModel\WinLoadWait.py", line 42, in StarLoadWait
    response = self._Send(data)
  File "G:\tools\anaconda1\.venv\lib\site-packages\PyAibote\WindowsBotModel\WinLoadWait.py", line 21, in _Send
    self.request.sendall(data)
OSError: [WinError 10038] 在一个非套接字上尝试了一个操作。

2025-05-26 22:29:55.217640 - ERROR : send/read tcp data error: Traceback (most recent call last):
  File "G:\tools\anaconda1\.venv\lib\site-packages\PyAibote\Tool\SendTcpData.py", line 25, in SendData
    response = self.StarLoadWait(data)
  File "G:\tools\anaconda1\.venv\lib\site-packages\PyAibote\WindowsBotModel\WinLoadWait.py", line 42, in StarLoadWait
    response = self._Send(data)
  File "G:\tools\anaconda1\.venv\lib\site-packages\PyAibote\WindowsBotModel\WinLoadWait.py", line 21, in _Send
    self.request.sendall(data)
OSError: [WinError 10038] 在一个非套接字上尝试了一个操作。

2025-05-26 22:29:55.219673 - ERROR : send/read tcp data error: Traceback (most recent call last):
  File "G:\tools\anaconda1\.venv\lib\site-packages\PyAibote\Tool\SendTcpData.py", line 25, in SendData
    response = self.StarLoadWait(data)
  File "G:\tools\anaconda1\.venv\lib\site-packages\PyAibote\WindowsBotModel\WinLoadWait.py", line 42, in StarLoadWait
    response = self._Send(data)
  File "G:\tools\anaconda1\.venv\lib\site-packages\PyAibote\WindowsBotModel\WinLoadWait.py", line 21, in _Send
    self.request.sendall(data)
OSError: [WinError 10038] 在一个非套接字上尝试了一个操作。

2025-05-26 22:29:55.221661 - ERROR : send/read tcp data error: Traceback (most recent call last):
  File "G:\tools\anaconda1\.venv\lib\site-packages\PyAibote\Tool\SendTcpData.py", line 25, in SendData
    response = self.StarLoadWait(data)
  File "G:\tools\anaconda1\.venv\lib\site-packages\PyAibote\WindowsBotModel\WinLoadWait.py", line 42, in StarLoadWait
    response = self._Send(data)
  File "G:\tools\anaconda1\.venv\lib\site-packages\PyAibote\WindowsBotModel\WinLoadWait.py", line 21, in _Send
    self.request.sendall(data)
OSError: [WinError 10038] 在一个非套接字上尝试了一个操作。

2025-05-26 22:29:55.223655 - ERROR : send/read tcp data error: Traceback (most recent call last):
  File "G:\tools\anaconda1\.venv\lib\site-packages\PyAibote\Tool\SendTcpData.py", line 25, in SendData
    response = self.StarLoadWait(data)
  File "G:\tools\anaconda1\.venv\lib\site-packages\PyAibote\WindowsBotModel\WinLoadWait.py", line 42, in StarLoadWait
    response = self._Send(data)
  File "G:\tools\anaconda1\.venv\lib\site-packages\PyAibote\WindowsBotModel\WinLoadWait.py", line 21, in _Send
    self.request.sendall(data)
OSError: [WinError 10038] 在一个非套接字上尝试了一个操作。

2025-05-26 22:29:55.226648 - ERROR : send/read tcp data error: Traceback (most recent call last):
  File "G:\tools\anaconda1\.venv\lib\site-packages\PyAibote\Tool\SendTcpData.py", line 25, in SendData
    response = self.StarLoadWait(data)
  File "G:\tools\anaconda1\.venv\lib\site-packages\PyAibote\WindowsBotModel\WinLoadWait.py", line 42, in StarLoadWait
    response = self._Send(data)
  File "G:\tools\anaconda1\.venv\lib\site-packages\PyAibote\WindowsBotModel\WinLoadWait.py", line 21, in _Send
    self.request.sendall(data)
OSError: [WinError 10038] 在一个非套接字上尝试了一个操作。

2025-05-26 22:29:55.229160 - ERROR : send/read tcp data error: Traceback (most recent call last):
  File "G:\tools\anaconda1\.venv\lib\site-packages\PyAibote\Tool\SendTcpData.py", line 25, in SendData
    response = self.StarLoadWait(data)
  File "G:\tools\anaconda1\.venv\lib\site-packages\PyAibote\WindowsBotModel\WinLoadWait.py", line 42, in StarLoadWait
    response = self._Send(data)
  File "G:\tools\anaconda1\.venv\lib\site-packages\PyAibote\WindowsBotModel\WinLoadWait.py", line 21, in _Send
    self.request.sendall(data)
OSError: [WinError 10038] 在一个非套接字上尝试了一个操作。

2025-05-26 22:29:55.230665 - ERROR : send/read tcp data error: Traceback (most recent call last):
  File "G:\tools\anaconda1\.venv\lib\site-packages\PyAibote\Tool\SendTcpData.py", line 25, in SendData
    response = self.StarLoadWait(data)
  File "G:\tools\anaconda1\.venv\lib\site-packages\PyAibote\WindowsBotModel\WinLoadWait.py", line 42, in StarLoadWait
    response = self._Send(data)
  File "G:\tools\anaconda1\.venv\lib\site-packages\PyAibote\WindowsBotModel\WinLoadWait.py", line 21, in _Send
    self.request.sendall(data)
OSError: [WinError 10038] 在一个非套接字上尝试了一个操作。

2025-05-26 22:29:55.232660 - ERROR : send/read tcp data error: Traceback (most recent call last):
  File "G:\tools\anaconda1\.venv\lib\site-packages\PyAibote\Tool\SendTcpData.py", line 25, in SendData
    response = self.StarLoadWait(data)
  File "G:\tools\anaconda1\.venv\lib\site-packages\PyAibote\WindowsBotModel\WinLoadWait.py", line 42, in StarLoadWait
    response = self._Send(data)
  File "G:\tools\anaconda1\.venv\lib\site-packages\PyAibote\WindowsBotModel\WinLoadWait.py", line 21, in _Send
    self.request.sendall(data)
OSError: [WinError 10038] 在一个非套接字上尝试了一个操作。

2025-05-26 22:29:55.235652 - ERROR : send/read tcp data error: Traceback (most recent call last):
  File "G:\tools\anaconda1\.venv\lib\site-packages\PyAibote\Tool\SendTcpData.py", line 25, in SendData
    response = self.StarLoadWait(data)
  File "G:\tools\anaconda1\.venv\lib\site-packages\PyAibote\WindowsBotModel\WinLoadWait.py", line 42, in StarLoadWait
    response = self._Send(data)
  File "G:\tools\anaconda1\.venv\lib\site-packages\PyAibote\WindowsBotModel\WinLoadWait.py", line 21, in _Send
    self.request.sendall(data)
OSError: [WinError 10038] 在一个非套接字上尝试了一个操作。

2025-05-26 22:29:55.236649 - ERROR : send/read tcp data error: Traceback (most recent call last):
  File "G:\tools\anaconda1\.venv\lib\site-packages\PyAibote\Tool\SendTcpData.py", line 25, in SendData
    response = self.StarLoadWait(data)
  File "G:\tools\anaconda1\.venv\lib\site-packages\PyAibote\WindowsBotModel\WinLoadWait.py", line 42, in StarLoadWait
    response = self._Send(data)
  File "G:\tools\anaconda1\.venv\lib\site-packages\PyAibote\WindowsBotModel\WinLoadWait.py", line 21, in _Send
    self.request.sendall(data)
OSError: [WinError 10038] 在一个非套接字上尝试了一个操作。

2025-05-26 22:29:55.239687 - ERROR : send/read tcp data error: Traceback (most recent call last):
  File "G:\tools\anaconda1\.venv\lib\site-packages\PyAibote\Tool\SendTcpData.py", line 25, in SendData
    response = self.StarLoadWait(data)
  File "G:\tools\anaconda1\.venv\lib\site-packages\PyAibote\WindowsBotModel\WinLoadWait.py", line 42, in StarLoadWait
    response = self._Send(data)
  File "G:\tools\anaconda1\.venv\lib\site-packages\PyAibote\WindowsBotModel\WinLoadWait.py", line 21, in _Send
    self.request.sendall(data)
OSError: [WinError 10038] 在一个非套接字上尝试了一个操作。

2025-05-26 22:29:55.241664 - ERROR : send/read tcp data error: Traceback (most recent call last):
  File "G:\tools\anaconda1\.venv\lib\site-packages\PyAibote\Tool\SendTcpData.py", line 25, in SendData
    response = self.StarLoadWait(data)
  File "G:\tools\anaconda1\.venv\lib\site-packages\PyAibote\WindowsBotModel\WinLoadWait.py", line 42, in StarLoadWait
    response = self._Send(data)
  File "G:\tools\anaconda1\.venv\lib\site-packages\PyAibote\WindowsBotModel\WinLoadWait.py", line 21, in _Send
    self.request.sendall(data)
OSError: [WinError 10038] 在一个非套接字上尝试了一个操作。

2025-05-26 22:29:55.243659 - ERROR : send/read tcp data error: Traceback (most recent call last):
  File "G:\tools\anaconda1\.venv\lib\site-packages\PyAibote\Tool\SendTcpData.py", line 25, in SendData
    response = self.StarLoadWait(data)
  File "G:\tools\anaconda1\.venv\lib\site-packages\PyAibote\WindowsBotModel\WinLoadWait.py", line 42, in StarLoadWait
    response = self._Send(data)
  File "G:\tools\anaconda1\.venv\lib\site-packages\PyAibote\WindowsBotModel\WinLoadWait.py", line 21, in _Send
    self.request.sendall(data)
OSError: [WinError 10038] 在一个非套接字上尝试了一个操作。

2025-05-26 22:29:55.245654 - ERROR : send/read tcp data error: Traceback (most recent call last):
  File "G:\tools\anaconda1\.venv\lib\site-packages\PyAibote\Tool\SendTcpData.py", line 25, in SendData
    response = self.StarLoadWait(data)
  File "G:\tools\anaconda1\.venv\lib\site-packages\PyAibote\WindowsBotModel\WinLoadWait.py", line 42, in StarLoadWait
    response = self._Send(data)
  File "G:\tools\anaconda1\.venv\lib\site-packages\PyAibote\WindowsBotModel\WinLoadWait.py", line 21, in _Send
    self.request.sendall(data)
OSError: [WinError 10038] 在一个非套接字上尝试了一个操作。

2025-05-26 22:29:55.247649 - ERROR : send/read tcp data error: Traceback (most recent call last):
  File "G:\tools\anaconda1\.venv\lib\site-packages\PyAibote\Tool\SendTcpData.py", line 25, in SendData
    response = self.StarLoadWait(data)
  File "G:\tools\anaconda1\.venv\lib\site-packages\PyAibote\WindowsBotModel\WinLoadWait.py", line 42, in StarLoadWait
    response = self._Send(data)
  File "G:\tools\anaconda1\.venv\lib\site-packages\PyAibote\WindowsBotModel\WinLoadWait.py", line 21, in _Send
    self.request.sendall(data)
OSError: [WinError 10038] 在一个非套接字上尝试了一个操作。

2025-05-26 22:29:55.249677 - ERROR : send/read tcp data error: Traceback (most recent call last):
  File "G:\tools\anaconda1\.venv\lib\site-packages\PyAibote\Tool\SendTcpData.py", line 25, in SendData
    response = self.StarLoadWait(data)
  File "G:\tools\anaconda1\.venv\lib\site-packages\PyAibote\WindowsBotModel\WinLoadWait.py", line 42, in StarLoadWait
    response = self._Send(data)
  File "G:\tools\anaconda1\.venv\lib\site-packages\PyAibote\WindowsBotModel\WinLoadWait.py", line 21, in _Send
    self.request.sendall(data)
OSError: [WinError 10038] 在一个非套接字上尝试了一个操作。

2025-05-26 22:29:55.251664 - ERROR : send/read tcp data error: Traceback (most recent call last):
  File "G:\tools\anaconda1\.venv\lib\site-packages\PyAibote\Tool\SendTcpData.py", line 25, in SendData
    response = self.StarLoadWait(data)
  File "G:\tools\anaconda1\.venv\lib\site-packages\PyAibote\WindowsBotModel\WinLoadWait.py", line 42, in StarLoadWait
    response = self._Send(data)
  File "G:\tools\anaconda1\.venv\lib\site-packages\PyAibote\WindowsBotModel\WinLoadWait.py", line 21, in _Send
    self.request.sendall(data)
OSError: [WinError 10038] 在一个非套接字上尝试了一个操作。

2025-05-26 22:29:55.253658 - ERROR : send/read tcp data error: Traceback (most recent call last):
  File "G:\tools\anaconda1\.venv\lib\site-packages\PyAibote\Tool\SendTcpData.py", line 25, in SendData
    response = self.StarLoadWait(data)
  File "G:\tools\anaconda1\.venv\lib\site-packages\PyAibote\WindowsBotModel\WinLoadWait.py", line 42, in StarLoadWait
    response = self._Send(data)
  File "G:\tools\anaconda1\.venv\lib\site-packages\PyAibote\WindowsBotModel\WinLoadWait.py", line 21, in _Send
    self.request.sendall(data)
OSError: [WinError 10038] 在一个非套接字上尝试了一个操作。

2025-05-26 22:29:55.256651 - ERROR : send/read tcp data error: Traceback (most recent call last):
  File "G:\tools\anaconda1\.venv\lib\site-packages\PyAibote\Tool\SendTcpData.py", line 25, in SendData
    response = self.StarLoadWait(data)
  File "G:\tools\anaconda1\.venv\lib\site-packages\PyAibote\WindowsBotModel\WinLoadWait.py", line 42, in StarLoadWait
    response = self._Send(data)
  File "G:\tools\anaconda1\.venv\lib\site-packages\PyAibote\WindowsBotModel\WinLoadWait.py", line 21, in _Send
    self.request.sendall(data)
OSError: [WinError 10038] 在一个非套接字上尝试了一个操作。

2025-05-26 22:29:55.258646 - ERROR : send/read tcp data error: Traceback (most recent call last):
  File "G:\tools\anaconda1\.venv\lib\site-packages\PyAibote\Tool\SendTcpData.py", line 25, in SendData
    response = self.StarLoadWait(data)
  File "G:\tools\anaconda1\.venv\lib\site-packages\PyAibote\WindowsBotModel\WinLoadWait.py", line 42, in StarLoadWait
    response = self._Send(data)
  File "G:\tools\anaconda1\.venv\lib\site-packages\PyAibote\WindowsBotModel\WinLoadWait.py", line 21, in _Send
    self.request.sendall(data)
OSError: [WinError 10038] 在一个非套接字上尝试了一个操作。

2025-05-26 22:29:55.260668 - ERROR : send/read tcp data error: Traceback (most recent call last):
  File "G:\tools\anaconda1\.venv\lib\site-packages\PyAibote\Tool\SendTcpData.py", line 25, in SendData
    response = self.StarLoadWait(data)
  File "G:\tools\anaconda1\.venv\lib\site-packages\PyAibote\WindowsBotModel\WinLoadWait.py", line 42, in StarLoadWait
    response = self._Send(data)
  File "G:\tools\anaconda1\.venv\lib\site-packages\PyAibote\WindowsBotModel\WinLoadWait.py", line 21, in _Send
    self.request.sendall(data)
OSError: [WinError 10038] 在一个非套接字上尝试了一个操作。

2025-05-26 22:29:55.262663 - ERROR : send/read tcp data error: Traceback (most recent call last):
  File "G:\tools\anaconda1\.venv\lib\site-packages\PyAibote\Tool\SendTcpData.py", line 25, in SendData
    response = self.StarLoadWait(data)
  File "G:\tools\anaconda1\.venv\lib\site-packages\PyAibote\WindowsBotModel\WinLoadWait.py", line 42, in StarLoadWait
    response = self._Send(data)
  File "G:\tools\anaconda1\.venv\lib\site-packages\PyAibote\WindowsBotModel\WinLoadWait.py", line 21, in _Send
    self.request.sendall(data)
OSError: [WinError 10038] 在一个非套接字上尝试了一个操作。

2025-05-26 22:29:55.264658 - ERROR : send/read tcp data error: Traceback (most recent call last):
  File "G:\tools\anaconda1\.venv\lib\site-packages\PyAibote\Tool\SendTcpData.py", line 25, in SendData
    response = self.StarLoadWait(data)
  File "G:\tools\anaconda1\.venv\lib\site-packages\PyAibote\WindowsBotModel\WinLoadWait.py", line 42, in StarLoadWait
    response = self._Send(data)
  File "G:\tools\anaconda1\.venv\lib\site-packages\PyAibote\WindowsBotModel\WinLoadWait.py", line 21, in _Send
    self.request.sendall(data)
OSError: [WinError 10038] 在一个非套接字上尝试了一个操作。

2025-05-26 22:29:55.266653 - ERROR : send/read tcp data error: Traceback (most recent call last):
  File "G:\tools\anaconda1\.venv\lib\site-packages\PyAibote\Tool\SendTcpData.py", line 25, in SendData
    response = self.StarLoadWait(data)
  File "G:\tools\anaconda1\.venv\lib\site-packages\PyAibote\WindowsBotModel\WinLoadWait.py", line 42, in StarLoadWait
    response = self._Send(data)
  File "G:\tools\anaconda1\.venv\lib\site-packages\PyAibote\WindowsBotModel\WinLoadWait.py", line 21, in _Send
    self.request.sendall(data)
OSError: [WinError 10038] 在一个非套接字上尝试了一个操作。

2025-05-26 22:29:55.269160 - ERROR : send/read tcp data error: Traceback (most recent call last):
  File "G:\tools\anaconda1\.venv\lib\site-packages\PyAibote\Tool\SendTcpData.py", line 25, in SendData
    response = self.StarLoadWait(data)
  File "G:\tools\anaconda1\.venv\lib\site-packages\PyAibote\WindowsBotModel\WinLoadWait.py", line 42, in StarLoadWait
    response = self._Send(data)
  File "G:\tools\anaconda1\.venv\lib\site-packages\PyAibote\WindowsBotModel\WinLoadWait.py", line 21, in _Send
    self.request.sendall(data)
OSError: [WinError 10038] 在一个非套接字上尝试了一个操作。

2025-05-26 22:29:55.270665 - ERROR : send/read tcp data error: Traceback (most recent call last):
  File "G:\tools\anaconda1\.venv\lib\site-packages\PyAibote\Tool\SendTcpData.py", line 25, in SendData
    response = self.StarLoadWait(data)
  File "G:\tools\anaconda1\.venv\lib\site-packages\PyAibote\WindowsBotModel\WinLoadWait.py", line 42, in StarLoadWait
    response = self._Send(data)
  File "G:\tools\anaconda1\.venv\lib\site-packages\PyAibote\WindowsBotModel\WinLoadWait.py", line 21, in _Send
    self.request.sendall(data)
OSError: [WinError 10038] 在一个非套接字上尝试了一个操作。

2025-05-26 22:29:55.272660 - ERROR : send/read tcp data error: Traceback (most recent call last):
  File "G:\tools\anaconda1\.venv\lib\site-packages\PyAibote\Tool\SendTcpData.py", line 25, in SendData
    response = self.StarLoadWait(data)
  File "G:\tools\anaconda1\.venv\lib\site-packages\PyAibote\WindowsBotModel\WinLoadWait.py", line 42, in StarLoadWait
    response = self._Send(data)
  File "G:\tools\anaconda1\.venv\lib\site-packages\PyAibote\WindowsBotModel\WinLoadWait.py", line 21, in _Send
    self.request.sendall(data)
OSError: [WinError 10038] 在一个非套接字上尝试了一个操作。

2025-05-26 22:29:55.274654 - ERROR : send/read tcp data error: Traceback (most recent call last):
  File "G:\tools\anaconda1\.venv\lib\site-packages\PyAibote\Tool\SendTcpData.py", line 25, in SendData
    response = self.StarLoadWait(data)
  File "G:\tools\anaconda1\.venv\lib\site-packages\PyAibote\WindowsBotModel\WinLoadWait.py", line 42, in StarLoadWait
    response = self._Send(data)
  File "G:\tools\anaconda1\.venv\lib\site-packages\PyAibote\WindowsBotModel\WinLoadWait.py", line 21, in _Send
    self.request.sendall(data)
OSError: [WinError 10038] 在一个非套接字上尝试了一个操作。

2025-05-26 22:29:55.277649 - ERROR : send/read tcp data error: Traceback (most recent call last):
  File "G:\tools\anaconda1\.venv\lib\site-packages\PyAibote\Tool\SendTcpData.py", line 25, in SendData
    response = self.StarLoadWait(data)
  File "G:\tools\anaconda1\.venv\lib\site-packages\PyAibote\WindowsBotModel\WinLoadWait.py", line 42, in StarLoadWait
    response = self._Send(data)
  File "G:\tools\anaconda1\.venv\lib\site-packages\PyAibote\WindowsBotModel\WinLoadWait.py", line 21, in _Send
    self.request.sendall(data)
OSError: [WinError 10038] 在一个非套接字上尝试了一个操作。

2025-05-26 22:29:55.279678 - ERROR : send/read tcp data error: Traceback (most recent call last):
  File "G:\tools\anaconda1\.venv\lib\site-packages\PyAibote\Tool\SendTcpData.py", line 25, in SendData
    response = self.StarLoadWait(data)
  File "G:\tools\anaconda1\.venv\lib\site-packages\PyAibote\WindowsBotModel\WinLoadWait.py", line 42, in StarLoadWait
    response = self._Send(data)
  File "G:\tools\anaconda1\.venv\lib\site-packages\PyAibote\WindowsBotModel\WinLoadWait.py", line 21, in _Send
    self.request.sendall(data)
OSError: [WinError 10038] 在一个非套接字上尝试了一个操作。

2025-05-26 22:29:55.281664 - ERROR : send/read tcp data error: Traceback (most recent call last):
  File "G:\tools\anaconda1\.venv\lib\site-packages\PyAibote\Tool\SendTcpData.py", line 25, in SendData
    response = self.StarLoadWait(data)
  File "G:\tools\anaconda1\.venv\lib\site-packages\PyAibote\WindowsBotModel\WinLoadWait.py", line 42, in StarLoadWait
    response = self._Send(data)
  File "G:\tools\anaconda1\.venv\lib\site-packages\PyAibote\WindowsBotModel\WinLoadWait.py", line 21, in _Send
    self.request.sendall(data)
OSError: [WinError 10038] 在一个非套接字上尝试了一个操作。

2025-05-26 22:29:55.283659 - ERROR : send/read tcp data error: Traceback (most recent call last):
  File "G:\tools\anaconda1\.venv\lib\site-packages\PyAibote\Tool\SendTcpData.py", line 25, in SendData
    response = self.StarLoadWait(data)
  File "G:\tools\anaconda1\.venv\lib\site-packages\PyAibote\WindowsBotModel\WinLoadWait.py", line 42, in StarLoadWait
    response = self._Send(data)
  File "G:\tools\anaconda1\.venv\lib\site-packages\PyAibote\WindowsBotModel\WinLoadWait.py", line 21, in _Send
    self.request.sendall(data)
OSError: [WinError 10038] 在一个非套接字上尝试了一个操作。

2025-05-26 22:29:55.285654 - ERROR : send/read tcp data error: Traceback (most recent call last):
  File "G:\tools\anaconda1\.venv\lib\site-packages\PyAibote\Tool\SendTcpData.py", line 25, in SendData
    response = self.StarLoadWait(data)
  File "G:\tools\anaconda1\.venv\lib\site-packages\PyAibote\WindowsBotModel\WinLoadWait.py", line 42, in StarLoadWait
    response = self._Send(data)
  File "G:\tools\anaconda1\.venv\lib\site-packages\PyAibote\WindowsBotModel\WinLoadWait.py", line 21, in _Send
    self.request.sendall(data)
OSError: [WinError 10038] 在一个非套接字上尝试了一个操作。

2025-05-26 22:29:55.287649 - ERROR : send/read tcp data error: Traceback (most recent call last):
  File "G:\tools\anaconda1\.venv\lib\site-packages\PyAibote\Tool\SendTcpData.py", line 25, in SendData
    response = self.StarLoadWait(data)
  File "G:\tools\anaconda1\.venv\lib\site-packages\PyAibote\WindowsBotModel\WinLoadWait.py", line 42, in StarLoadWait
    response = self._Send(data)
  File "G:\tools\anaconda1\.venv\lib\site-packages\PyAibote\WindowsBotModel\WinLoadWait.py", line 21, in _Send
    self.request.sendall(data)
OSError: [WinError 10038] 在一个非套接字上尝试了一个操作。

2025-05-26 22:29:55.289675 - ERROR : send/read tcp data error: Traceback (most recent call last):
  File "G:\tools\anaconda1\.venv\lib\site-packages\PyAibote\Tool\SendTcpData.py", line 25, in SendData
    response = self.StarLoadWait(data)
  File "G:\tools\anaconda1\.venv\lib\site-packages\PyAibote\WindowsBotModel\WinLoadWait.py", line 42, in StarLoadWait
    response = self._Send(data)
  File "G:\tools\anaconda1\.venv\lib\site-packages\PyAibote\WindowsBotModel\WinLoadWait.py", line 21, in _Send
    self.request.sendall(data)
OSError: [WinError 10038] 在一个非套接字上尝试了一个操作。

2025-05-26 22:29:55.291662 - ERROR : send/read tcp data error: Traceback (most recent call last):
  File "G:\tools\anaconda1\.venv\lib\site-packages\PyAibote\Tool\SendTcpData.py", line 25, in SendData
    response = self.StarLoadWait(data)
  File "G:\tools\anaconda1\.venv\lib\site-packages\PyAibote\WindowsBotModel\WinLoadWait.py", line 42, in StarLoadWait
    response = self._Send(data)
  File "G:\tools\anaconda1\.venv\lib\site-packages\PyAibote\WindowsBotModel\WinLoadWait.py", line 21, in _Send
    self.request.sendall(data)
OSError: [WinError 10038] 在一个非套接字上尝试了一个操作。

2025-05-26 22:29:55.293657 - ERROR : send/read tcp data error: Traceback (most recent call last):
  File "G:\tools\anaconda1\.venv\lib\site-packages\PyAibote\Tool\SendTcpData.py", line 25, in SendData
    response = self.StarLoadWait(data)
  File "G:\tools\anaconda1\.venv\lib\site-packages\PyAibote\WindowsBotModel\WinLoadWait.py", line 42, in StarLoadWait
    response = self._Send(data)
  File "G:\tools\anaconda1\.venv\lib\site-packages\PyAibote\WindowsBotModel\WinLoadWait.py", line 21, in _Send
    self.request.sendall(data)
OSError: [WinError 10038] 在一个非套接字上尝试了一个操作。

2025-05-26 22:29:55.295651 - ERROR : send/read tcp data error: Traceback (most recent call last):
  File "G:\tools\anaconda1\.venv\lib\site-packages\PyAibote\Tool\SendTcpData.py", line 25, in SendData
    response = self.StarLoadWait(data)
  File "G:\tools\anaconda1\.venv\lib\site-packages\PyAibote\WindowsBotModel\WinLoadWait.py", line 42, in StarLoadWait
    response = self._Send(data)
  File "G:\tools\anaconda1\.venv\lib\site-packages\PyAibote\WindowsBotModel\WinLoadWait.py", line 21, in _Send
    self.request.sendall(data)
OSError: [WinError 10038] 在一个非套接字上尝试了一个操作。

2025-05-26 22:29:55.297646 - ERROR : send/read tcp data error: Traceback (most recent call last):
  File "G:\tools\anaconda1\.venv\lib\site-packages\PyAibote\Tool\SendTcpData.py", line 25, in SendData
    response = self.StarLoadWait(data)
  File "G:\tools\anaconda1\.venv\lib\site-packages\PyAibote\WindowsBotModel\WinLoadWait.py", line 42, in StarLoadWait
    response = self._Send(data)
  File "G:\tools\anaconda1\.venv\lib\site-packages\PyAibote\WindowsBotModel\WinLoadWait.py", line 21, in _Send
    self.request.sendall(data)
OSError: [WinError 10038] 在一个非套接字上尝试了一个操作。

2025-05-26 22:29:55.299706 - ERROR : send/read tcp data error: Traceback (most recent call last):
  File "G:\tools\anaconda1\.venv\lib\site-packages\PyAibote\Tool\SendTcpData.py", line 25, in SendData
    response = self.StarLoadWait(data)
  File "G:\tools\anaconda1\.venv\lib\site-packages\PyAibote\WindowsBotModel\WinLoadWait.py", line 42, in StarLoadWait
    response = self._Send(data)
  File "G:\tools\anaconda1\.venv\lib\site-packages\PyAibote\WindowsBotModel\WinLoadWait.py", line 21, in _Send
    self.request.sendall(data)
OSError: [WinError 10038] 在一个非套接字上尝试了一个操作。

2025-05-26 22:29:55.309706 - ERROR : send/read tcp data error: Traceback (most recent call last):
  File "G:\tools\anaconda1\.venv\lib\site-packages\PyAibote\Tool\SendTcpData.py", line 25, in SendData
    response = self.StarLoadWait(data)
  File "G:\tools\anaconda1\.venv\lib\site-packages\PyAibote\WindowsBotModel\WinLoadWait.py", line 42, in StarLoadWait
    response = self._Send(data)
  File "G:\tools\anaconda1\.venv\lib\site-packages\PyAibote\WindowsBotModel\WinLoadWait.py", line 21, in _Send
    self.request.sendall(data)
OSError: [WinError 10038] 在一个非套接字上尝试了一个操作。

2025-05-26 22:29:55.311692 - ERROR : send/read tcp data error: Traceback (most recent call last):
  File "G:\tools\anaconda1\.venv\lib\site-packages\PyAibote\Tool\SendTcpData.py", line 25, in SendData
    response = self.StarLoadWait(data)
  File "G:\tools\anaconda1\.venv\lib\site-packages\PyAibote\WindowsBotModel\WinLoadWait.py", line 42, in StarLoadWait
    response = self._Send(data)
  File "G:\tools\anaconda1\.venv\lib\site-packages\PyAibote\WindowsBotModel\WinLoadWait.py", line 21, in _Send
    self.request.sendall(data)
OSError: [WinError 10038] 在一个非套接字上尝试了一个操作。

2025-05-26 22:29:55.313687 - ERROR : send/read tcp data error: Traceback (most recent call last):
  File "G:\tools\anaconda1\.venv\lib\site-packages\PyAibote\Tool\SendTcpData.py", line 25, in SendData
    response = self.StarLoadWait(data)
  File "G:\tools\anaconda1\.venv\lib\site-packages\PyAibote\WindowsBotModel\WinLoadWait.py", line 42, in StarLoadWait
    response = self._Send(data)
  File "G:\tools\anaconda1\.venv\lib\site-packages\PyAibote\WindowsBotModel\WinLoadWait.py", line 21, in _Send
    self.request.sendall(data)
OSError: [WinError 10038] 在一个非套接字上尝试了一个操作。

2025-05-26 22:29:55.315683 - ERROR : send/read tcp data error: Traceback (most recent call last):
  File "G:\tools\anaconda1\.venv\lib\site-packages\PyAibote\Tool\SendTcpData.py", line 25, in SendData
    response = self.StarLoadWait(data)
  File "G:\tools\anaconda1\.venv\lib\site-packages\PyAibote\WindowsBotModel\WinLoadWait.py", line 42, in StarLoadWait
    response = self._Send(data)
  File "G:\tools\anaconda1\.venv\lib\site-packages\PyAibote\WindowsBotModel\WinLoadWait.py", line 21, in _Send
    self.request.sendall(data)
OSError: [WinError 10038] 在一个非套接字上尝试了一个操作。

2025-05-26 22:29:55.334689 - ERROR : send/read tcp data error: Traceback (most recent call last):
  File "G:\tools\anaconda1\.venv\lib\site-packages\PyAibote\Tool\SendTcpData.py", line 25, in SendData
    response = self.StarLoadWait(data)
  File "G:\tools\anaconda1\.venv\lib\site-packages\PyAibote\WindowsBotModel\WinLoadWait.py", line 42, in StarLoadWait
    response = self._Send(data)
  File "G:\tools\anaconda1\.venv\lib\site-packages\PyAibote\WindowsBotModel\WinLoadWait.py", line 21, in _Send
    self.request.sendall(data)
OSError: [WinError 10038] 在一个非套接字上尝试了一个操作。

2025-05-26 22:29:55.337681 - ERROR : send/read tcp data error: Traceback (most recent call last):
  File "G:\tools\anaconda1\.venv\lib\site-packages\PyAibote\Tool\SendTcpData.py", line 25, in SendData
    response = self.StarLoadWait(data)
  File "G:\tools\anaconda1\.venv\lib\site-packages\PyAibote\WindowsBotModel\WinLoadWait.py", line 42, in StarLoadWait
    response = self._Send(data)
  File "G:\tools\anaconda1\.venv\lib\site-packages\PyAibote\WindowsBotModel\WinLoadWait.py", line 21, in _Send
    self.request.sendall(data)
OSError: [WinError 10038] 在一个非套接字上尝试了一个操作。

2025-05-26 22:29:55.339713 - ERROR : send/read tcp data error: Traceback (most recent call last):
  File "G:\tools\anaconda1\.venv\lib\site-packages\PyAibote\Tool\SendTcpData.py", line 25, in SendData
    response = self.StarLoadWait(data)
  File "G:\tools\anaconda1\.venv\lib\site-packages\PyAibote\WindowsBotModel\WinLoadWait.py", line 42, in StarLoadWait
    response = self._Send(data)
  File "G:\tools\anaconda1\.venv\lib\site-packages\PyAibote\WindowsBotModel\WinLoadWait.py", line 21, in _Send
    self.request.sendall(data)
OSError: [WinError 10038] 在一个非套接字上尝试了一个操作。

2025-05-26 22:29:55.342698 - ERROR : send/read tcp data error: Traceback (most recent call last):
  File "G:\tools\anaconda1\.venv\lib\site-packages\PyAibote\Tool\SendTcpData.py", line 25, in SendData
    response = self.StarLoadWait(data)
  File "G:\tools\anaconda1\.venv\lib\site-packages\PyAibote\WindowsBotModel\WinLoadWait.py", line 42, in StarLoadWait
    response = self._Send(data)
  File "G:\tools\anaconda1\.venv\lib\site-packages\PyAibote\WindowsBotModel\WinLoadWait.py", line 21, in _Send
    self.request.sendall(data)
OSError: [WinError 10038] 在一个非套接字上尝试了一个操作。

2025-05-26 22:29:55.344694 - ERROR : send/read tcp data error: Traceback (most recent call last):
  File "G:\tools\anaconda1\.venv\lib\site-packages\PyAibote\Tool\SendTcpData.py", line 25, in SendData
    response = self.StarLoadWait(data)
  File "G:\tools\anaconda1\.venv\lib\site-packages\PyAibote\WindowsBotModel\WinLoadWait.py", line 42, in StarLoadWait
    response = self._Send(data)
  File "G:\tools\anaconda1\.venv\lib\site-packages\PyAibote\WindowsBotModel\WinLoadWait.py", line 21, in _Send
    self.request.sendall(data)
OSError: [WinError 10038] 在一个非套接字上尝试了一个操作。

2025-05-26 22:29:55.347685 - ERROR : send/read tcp data error: Traceback (most recent call last):
  File "G:\tools\anaconda1\.venv\lib\site-packages\PyAibote\Tool\SendTcpData.py", line 25, in SendData
    response = self.StarLoadWait(data)
  File "G:\tools\anaconda1\.venv\lib\site-packages\PyAibote\WindowsBotModel\WinLoadWait.py", line 42, in StarLoadWait
    response = self._Send(data)
  File "G:\tools\anaconda1\.venv\lib\site-packages\PyAibote\WindowsBotModel\WinLoadWait.py", line 21, in _Send
    self.request.sendall(data)
OSError: [WinError 10038] 在一个非套接字上尝试了一个操作。

2025-05-26 22:29:55.349717 - ERROR : send/read tcp data error: Traceback (most recent call last):
  File "G:\tools\anaconda1\.venv\lib\site-packages\PyAibote\Tool\SendTcpData.py", line 25, in SendData
    response = self.StarLoadWait(data)
  File "G:\tools\anaconda1\.venv\lib\site-packages\PyAibote\WindowsBotModel\WinLoadWait.py", line 42, in StarLoadWait
    response = self._Send(data)
  File "G:\tools\anaconda1\.venv\lib\site-packages\PyAibote\WindowsBotModel\WinLoadWait.py", line 21, in _Send
    self.request.sendall(data)
OSError: [WinError 10038] 在一个非套接字上尝试了一个操作。

2025-05-26 22:29:55.351702 - ERROR : send/read tcp data error: Traceback (most recent call last):
  File "G:\tools\anaconda1\.venv\lib\site-packages\PyAibote\Tool\SendTcpData.py", line 25, in SendData
    response = self.StarLoadWait(data)
  File "G:\tools\anaconda1\.venv\lib\site-packages\PyAibote\WindowsBotModel\WinLoadWait.py", line 42, in StarLoadWait
    response = self._Send(data)
  File "G:\tools\anaconda1\.venv\lib\site-packages\PyAibote\WindowsBotModel\WinLoadWait.py", line 21, in _Send
    self.request.sendall(data)
OSError: [WinError 10038] 在一个非套接字上尝试了一个操作。

2025-05-26 22:29:55.353697 - ERROR : send/read tcp data error: Traceback (most recent call last):
  File "G:\tools\anaconda1\.venv\lib\site-packages\PyAibote\Tool\SendTcpData.py", line 25, in SendData
    response = self.StarLoadWait(data)
  File "G:\tools\anaconda1\.venv\lib\site-packages\PyAibote\WindowsBotModel\WinLoadWait.py", line 42, in StarLoadWait
    response = self._Send(data)
  File "G:\tools\anaconda1\.venv\lib\site-packages\PyAibote\WindowsBotModel\WinLoadWait.py", line 21, in _Send
    self.request.sendall(data)
OSError: [WinError 10038] 在一个非套接字上尝试了一个操作。

2025-05-26 22:29:55.357687 - ERROR : send/read tcp data error: Traceback (most recent call last):
  File "G:\tools\anaconda1\.venv\lib\site-packages\PyAibote\Tool\SendTcpData.py", line 25, in SendData
    response = self.StarLoadWait(data)
  File "G:\tools\anaconda1\.venv\lib\site-packages\PyAibote\WindowsBotModel\WinLoadWait.py", line 42, in StarLoadWait
    response = self._Send(data)
  File "G:\tools\anaconda1\.venv\lib\site-packages\PyAibote\WindowsBotModel\WinLoadWait.py", line 21, in _Send
    self.request.sendall(data)
OSError: [WinError 10038] 在一个非套接字上尝试了一个操作。

2025-05-26 22:29:55.359715 - ERROR : send/read tcp data error: Traceback (most recent call last):
  File "G:\tools\anaconda1\.venv\lib\site-packages\PyAibote\Tool\SendTcpData.py", line 25, in SendData
    response = self.StarLoadWait(data)
  File "G:\tools\anaconda1\.venv\lib\site-packages\PyAibote\WindowsBotModel\WinLoadWait.py", line 42, in StarLoadWait
    response = self._Send(data)
  File "G:\tools\anaconda1\.venv\lib\site-packages\PyAibote\WindowsBotModel\WinLoadWait.py", line 21, in _Send
    self.request.sendall(data)
OSError: [WinError 10038] 在一个非套接字上尝试了一个操作。

2025-05-26 22:29:55.361702 - ERROR : send/read tcp data error: Traceback (most recent call last):
  File "G:\tools\anaconda1\.venv\lib\site-packages\PyAibote\Tool\SendTcpData.py", line 25, in SendData
    response = self.StarLoadWait(data)
  File "G:\tools\anaconda1\.venv\lib\site-packages\PyAibote\WindowsBotModel\WinLoadWait.py", line 42, in StarLoadWait
    response = self._Send(data)
  File "G:\tools\anaconda1\.venv\lib\site-packages\PyAibote\WindowsBotModel\WinLoadWait.py", line 21, in _Send
    self.request.sendall(data)
OSError: [WinError 10038] 在一个非套接字上尝试了一个操作。

2025-05-26 22:29:55.363697 - ERROR : send/read tcp data error: Traceback (most recent call last):
  File "G:\tools\anaconda1\.venv\lib\site-packages\PyAibote\Tool\SendTcpData.py", line 25, in SendData
    response = self.StarLoadWait(data)
  File "G:\tools\anaconda1\.venv\lib\site-packages\PyAibote\WindowsBotModel\WinLoadWait.py", line 42, in StarLoadWait
    response = self._Send(data)
  File "G:\tools\anaconda1\.venv\lib\site-packages\PyAibote\WindowsBotModel\WinLoadWait.py", line 21, in _Send
    self.request.sendall(data)
OSError: [WinError 10038] 在一个非套接字上尝试了一个操作。

2025-05-26 22:29:55.366690 - ERROR : send/read tcp data error: Traceback (most recent call last):
  File "G:\tools\anaconda1\.venv\lib\site-packages\PyAibote\Tool\SendTcpData.py", line 25, in SendData
    response = self.StarLoadWait(data)
  File "G:\tools\anaconda1\.venv\lib\site-packages\PyAibote\WindowsBotModel\WinLoadWait.py", line 42, in StarLoadWait
    response = self._Send(data)
  File "G:\tools\anaconda1\.venv\lib\site-packages\PyAibote\WindowsBotModel\WinLoadWait.py", line 21, in _Send
    self.request.sendall(data)
OSError: [WinError 10038] 在一个非套接字上尝试了一个操作。

2025-05-26 22:29:55.368685 - ERROR : send/read tcp data error: Traceback (most recent call last):
  File "G:\tools\anaconda1\.venv\lib\site-packages\PyAibote\Tool\SendTcpData.py", line 25, in SendData
    response = self.StarLoadWait(data)
  File "G:\tools\anaconda1\.venv\lib\site-packages\PyAibote\WindowsBotModel\WinLoadWait.py", line 42, in StarLoadWait
    response = self._Send(data)
  File "G:\tools\anaconda1\.venv\lib\site-packages\PyAibote\WindowsBotModel\WinLoadWait.py", line 21, in _Send
    self.request.sendall(data)
OSError: [WinError 10038] 在一个非套接字上尝试了一个操作。

2025-05-26 22:29:55.370709 - ERROR : send/read tcp data error: Traceback (most recent call last):
  File "G:\tools\anaconda1\.venv\lib\site-packages\PyAibote\Tool\SendTcpData.py", line 25, in SendData
    response = self.StarLoadWait(data)
  File "G:\tools\anaconda1\.venv\lib\site-packages\PyAibote\WindowsBotModel\WinLoadWait.py", line 42, in StarLoadWait
    response = self._Send(data)
  File "G:\tools\anaconda1\.venv\lib\site-packages\PyAibote\WindowsBotModel\WinLoadWait.py", line 21, in _Send
    self.request.sendall(data)
OSError: [WinError 10038] 在一个非套接字上尝试了一个操作。

2025-05-26 22:29:55.372703 - ERROR : send/read tcp data error: Traceback (most recent call last):
  File "G:\tools\anaconda1\.venv\lib\site-packages\PyAibote\Tool\SendTcpData.py", line 25, in SendData
    response = self.StarLoadWait(data)
  File "G:\tools\anaconda1\.venv\lib\site-packages\PyAibote\WindowsBotModel\WinLoadWait.py", line 42, in StarLoadWait
    response = self._Send(data)
  File "G:\tools\anaconda1\.venv\lib\site-packages\PyAibote\WindowsBotModel\WinLoadWait.py", line 21, in _Send
    self.request.sendall(data)
OSError: [WinError 10038] 在一个非套接字上尝试了一个操作。

2025-05-26 22:29:55.374698 - ERROR : send/read tcp data error: Traceback (most recent call last):
  File "G:\tools\anaconda1\.venv\lib\site-packages\PyAibote\Tool\SendTcpData.py", line 25, in SendData
    response = self.StarLoadWait(data)
  File "G:\tools\anaconda1\.venv\lib\site-packages\PyAibote\WindowsBotModel\WinLoadWait.py", line 42, in StarLoadWait
    response = self._Send(data)
  File "G:\tools\anaconda1\.venv\lib\site-packages\PyAibote\WindowsBotModel\WinLoadWait.py", line 21, in _Send
    self.request.sendall(data)
OSError: [WinError 10038] 在一个非套接字上尝试了一个操作。

2025-05-26 22:29:55.377691 - ERROR : send/read tcp data error: Traceback (most recent call last):
  File "G:\tools\anaconda1\.venv\lib\site-packages\PyAibote\Tool\SendTcpData.py", line 25, in SendData
    response = self.StarLoadWait(data)
  File "G:\tools\anaconda1\.venv\lib\site-packages\PyAibote\WindowsBotModel\WinLoadWait.py", line 42, in StarLoadWait
    response = self._Send(data)
  File "G:\tools\anaconda1\.venv\lib\site-packages\PyAibote\WindowsBotModel\WinLoadWait.py", line 21, in _Send
    self.request.sendall(data)
OSError: [WinError 10038] 在一个非套接字上尝试了一个操作。

2025-05-26 22:29:55.379721 - ERROR : send/read tcp data error: Traceback (most recent call last):
  File "G:\tools\anaconda1\.venv\lib\site-packages\PyAibote\Tool\SendTcpData.py", line 25, in SendData
    response = self.StarLoadWait(data)
  File "G:\tools\anaconda1\.venv\lib\site-packages\PyAibote\WindowsBotModel\WinLoadWait.py", line 42, in StarLoadWait
    response = self._Send(data)
  File "G:\tools\anaconda1\.venv\lib\site-packages\PyAibote\WindowsBotModel\WinLoadWait.py", line 21, in _Send
    self.request.sendall(data)
OSError: [WinError 10038] 在一个非套接字上尝试了一个操作。

2025-05-26 22:29:55.381708 - ERROR : send/read tcp data error: Traceback (most recent call last):
  File "G:\tools\anaconda1\.venv\lib\site-packages\PyAibote\Tool\SendTcpData.py", line 25, in SendData
    response = self.StarLoadWait(data)
  File "G:\tools\anaconda1\.venv\lib\site-packages\PyAibote\WindowsBotModel\WinLoadWait.py", line 42, in StarLoadWait
    response = self._Send(data)
  File "G:\tools\anaconda1\.venv\lib\site-packages\PyAibote\WindowsBotModel\WinLoadWait.py", line 21, in _Send
    self.request.sendall(data)
OSError: [WinError 10038] 在一个非套接字上尝试了一个操作。

2025-05-26 22:29:55.384700 - ERROR : send/read tcp data error: Traceback (most recent call last):
  File "G:\tools\anaconda1\.venv\lib\site-packages\PyAibote\Tool\SendTcpData.py", line 25, in SendData
    response = self.StarLoadWait(data)
  File "G:\tools\anaconda1\.venv\lib\site-packages\PyAibote\WindowsBotModel\WinLoadWait.py", line 42, in StarLoadWait
    response = self._Send(data)
  File "G:\tools\anaconda1\.venv\lib\site-packages\PyAibote\WindowsBotModel\WinLoadWait.py", line 21, in _Send
    self.request.sendall(data)
OSError: [WinError 10038] 在一个非套接字上尝试了一个操作。

2025-05-26 22:29:55.386695 - ERROR : send/read tcp data error: Traceback (most recent call last):
  File "G:\tools\anaconda1\.venv\lib\site-packages\PyAibote\Tool\SendTcpData.py", line 25, in SendData
    response = self.StarLoadWait(data)
  File "G:\tools\anaconda1\.venv\lib\site-packages\PyAibote\WindowsBotModel\WinLoadWait.py", line 42, in StarLoadWait
    response = self._Send(data)
  File "G:\tools\anaconda1\.venv\lib\site-packages\PyAibote\WindowsBotModel\WinLoadWait.py", line 21, in _Send
    self.request.sendall(data)
OSError: [WinError 10038] 在一个非套接字上尝试了一个操作。

2025-05-26 22:29:55.389721 - ERROR : send/read tcp data error: Traceback (most recent call last):
  File "G:\tools\anaconda1\.venv\lib\site-packages\PyAibote\Tool\SendTcpData.py", line 25, in SendData
    response = self.StarLoadWait(data)
  File "G:\tools\anaconda1\.venv\lib\site-packages\PyAibote\WindowsBotModel\WinLoadWait.py", line 42, in StarLoadWait
    response = self._Send(data)
  File "G:\tools\anaconda1\.venv\lib\site-packages\PyAibote\WindowsBotModel\WinLoadWait.py", line 21, in _Send
    self.request.sendall(data)
OSError: [WinError 10038] 在一个非套接字上尝试了一个操作。

2025-05-26 22:29:55.391709 - ERROR : send/read tcp data error: Traceback (most recent call last):
  File "G:\tools\anaconda1\.venv\lib\site-packages\PyAibote\Tool\SendTcpData.py", line 25, in SendData
    response = self.StarLoadWait(data)
  File "G:\tools\anaconda1\.venv\lib\site-packages\PyAibote\WindowsBotModel\WinLoadWait.py", line 42, in StarLoadWait
    response = self._Send(data)
  File "G:\tools\anaconda1\.venv\lib\site-packages\PyAibote\WindowsBotModel\WinLoadWait.py", line 21, in _Send
    self.request.sendall(data)
OSError: [WinError 10038] 在一个非套接字上尝试了一个操作。

2025-05-26 22:29:55.393703 - ERROR : send/read tcp data error: Traceback (most recent call last):
  File "G:\tools\anaconda1\.venv\lib\site-packages\PyAibote\Tool\SendTcpData.py", line 25, in SendData
    response = self.StarLoadWait(data)
  File "G:\tools\anaconda1\.venv\lib\site-packages\PyAibote\WindowsBotModel\WinLoadWait.py", line 42, in StarLoadWait
    response = self._Send(data)
  File "G:\tools\anaconda1\.venv\lib\site-packages\PyAibote\WindowsBotModel\WinLoadWait.py", line 21, in _Send
    self.request.sendall(data)
OSError: [WinError 10038] 在一个非套接字上尝试了一个操作。

2025-05-26 22:29:55.395698 - ERROR : send/read tcp data error: Traceback (most recent call last):
  File "G:\tools\anaconda1\.venv\lib\site-packages\PyAibote\Tool\SendTcpData.py", line 25, in SendData
    response = self.StarLoadWait(data)
  File "G:\tools\anaconda1\.venv\lib\site-packages\PyAibote\WindowsBotModel\WinLoadWait.py", line 42, in StarLoadWait
    response = self._Send(data)
  File "G:\tools\anaconda1\.venv\lib\site-packages\PyAibote\WindowsBotModel\WinLoadWait.py", line 21, in _Send
    self.request.sendall(data)
OSError: [WinError 10038] 在一个非套接字上尝试了一个操作。

2025-05-26 22:29:55.401714 - ERROR : send/read tcp data error: Traceback (most recent call last):
  File "G:\tools\anaconda1\.venv\lib\site-packages\PyAibote\Tool\SendTcpData.py", line 25, in SendData
    response = self.StarLoadWait(data)
  File "G:\tools\anaconda1\.venv\lib\site-packages\PyAibote\WindowsBotModel\WinLoadWait.py", line 42, in StarLoadWait
    response = self._Send(data)
  File "G:\tools\anaconda1\.venv\lib\site-packages\PyAibote\WindowsBotModel\WinLoadWait.py", line 21, in _Send
    self.request.sendall(data)
OSError: [WinError 10038] 在一个非套接字上尝试了一个操作。

2025-05-26 22:29:55.403708 - ERROR : send/read tcp data error: Traceback (most recent call last):
  File "G:\tools\anaconda1\.venv\lib\site-packages\PyAibote\Tool\SendTcpData.py", line 25, in SendData
    response = self.StarLoadWait(data)
  File "G:\tools\anaconda1\.venv\lib\site-packages\PyAibote\WindowsBotModel\WinLoadWait.py", line 42, in StarLoadWait
    response = self._Send(data)
  File "G:\tools\anaconda1\.venv\lib\site-packages\PyAibote\WindowsBotModel\WinLoadWait.py", line 21, in _Send
    self.request.sendall(data)
OSError: [WinError 10038] 在一个非套接字上尝试了一个操作。

2025-05-26 22:29:55.406701 - ERROR : send/read tcp data error: Traceback (most recent call last):
  File "G:\tools\anaconda1\.venv\lib\site-packages\PyAibote\Tool\SendTcpData.py", line 25, in SendData
    response = self.StarLoadWait(data)
  File "G:\tools\anaconda1\.venv\lib\site-packages\PyAibote\WindowsBotModel\WinLoadWait.py", line 42, in StarLoadWait
    response = self._Send(data)
  File "G:\tools\anaconda1\.venv\lib\site-packages\PyAibote\WindowsBotModel\WinLoadWait.py", line 21, in _Send
    self.request.sendall(data)
OSError: [WinError 10038] 在一个非套接字上尝试了一个操作。

2025-05-26 22:29:55.409212 - ERROR : send/read tcp data error: Traceback (most recent call last):
  File "G:\tools\anaconda1\.venv\lib\site-packages\PyAibote\Tool\SendTcpData.py", line 25, in SendData
    response = self.StarLoadWait(data)
  File "G:\tools\anaconda1\.venv\lib\site-packages\PyAibote\WindowsBotModel\WinLoadWait.py", line 42, in StarLoadWait
    response = self._Send(data)
  File "G:\tools\anaconda1\.venv\lib\site-packages\PyAibote\WindowsBotModel\WinLoadWait.py", line 21, in _Send
    self.request.sendall(data)
OSError: [WinError 10038] 在一个非套接字上尝试了一个操作。

2025-05-26 22:29:55.410717 - ERROR : send/read tcp data error: Traceback (most recent call last):
  File "G:\tools\anaconda1\.venv\lib\site-packages\PyAibote\Tool\SendTcpData.py", line 25, in SendData
    response = self.StarLoadWait(data)
  File "G:\tools\anaconda1\.venv\lib\site-packages\PyAibote\WindowsBotModel\WinLoadWait.py", line 42, in StarLoadWait
    response = self._Send(data)
  File "G:\tools\anaconda1\.venv\lib\site-packages\PyAibote\WindowsBotModel\WinLoadWait.py", line 21, in _Send
    self.request.sendall(data)
OSError: [WinError 10038] 在一个非套接字上尝试了一个操作。

2025-05-26 22:29:55.413708 - ERROR : send/read tcp data error: Traceback (most recent call last):
  File "G:\tools\anaconda1\.venv\lib\site-packages\PyAibote\Tool\SendTcpData.py", line 25, in SendData
    response = self.StarLoadWait(data)
  File "G:\tools\anaconda1\.venv\lib\site-packages\PyAibote\WindowsBotModel\WinLoadWait.py", line 42, in StarLoadWait
    response = self._Send(data)
  File "G:\tools\anaconda1\.venv\lib\site-packages\PyAibote\WindowsBotModel\WinLoadWait.py", line 21, in _Send
    self.request.sendall(data)
OSError: [WinError 10038] 在一个非套接字上尝试了一个操作。

2025-05-26 22:29:55.415705 - ERROR : send/read tcp data error: Traceback (most recent call last):
  File "G:\tools\anaconda1\.venv\lib\site-packages\PyAibote\Tool\SendTcpData.py", line 25, in SendData
    response = self.StarLoadWait(data)
  File "G:\tools\anaconda1\.venv\lib\site-packages\PyAibote\WindowsBotModel\WinLoadWait.py", line 42, in StarLoadWait
    response = self._Send(data)
  File "G:\tools\anaconda1\.venv\lib\site-packages\PyAibote\WindowsBotModel\WinLoadWait.py", line 21, in _Send
    self.request.sendall(data)
OSError: [WinError 10038] 在一个非套接字上尝试了一个操作。

2025-05-26 22:29:55.417698 - ERROR : send/read tcp data error: Traceback (most recent call last):
  File "G:\tools\anaconda1\.venv\lib\site-packages\PyAibote\Tool\SendTcpData.py", line 25, in SendData
    response = self.StarLoadWait(data)
  File "G:\tools\anaconda1\.venv\lib\site-packages\PyAibote\WindowsBotModel\WinLoadWait.py", line 42, in StarLoadWait
    response = self._Send(data)
  File "G:\tools\anaconda1\.venv\lib\site-packages\PyAibote\WindowsBotModel\WinLoadWait.py", line 21, in _Send
    self.request.sendall(data)
OSError: [WinError 10038] 在一个非套接字上尝试了一个操作。

2025-05-26 22:29:55.419745 - ERROR : send/read tcp data error: Traceback (most recent call last):
  File "G:\tools\anaconda1\.venv\lib\site-packages\PyAibote\Tool\SendTcpData.py", line 25, in SendData
    response = self.StarLoadWait(data)
  File "G:\tools\anaconda1\.venv\lib\site-packages\PyAibote\WindowsBotModel\WinLoadWait.py", line 42, in StarLoadWait
    response = self._Send(data)
  File "G:\tools\anaconda1\.venv\lib\site-packages\PyAibote\WindowsBotModel\WinLoadWait.py", line 21, in _Send
    self.request.sendall(data)
OSError: [WinError 10038] 在一个非套接字上尝试了一个操作。

2025-05-26 22:29:55.422730 - ERROR : send/read tcp data error: Traceback (most recent call last):
  File "G:\tools\anaconda1\.venv\lib\site-packages\PyAibote\Tool\SendTcpData.py", line 25, in SendData
    response = self.StarLoadWait(data)
  File "G:\tools\anaconda1\.venv\lib\site-packages\PyAibote\WindowsBotModel\WinLoadWait.py", line 42, in StarLoadWait
    response = self._Send(data)
  File "G:\tools\anaconda1\.venv\lib\site-packages\PyAibote\WindowsBotModel\WinLoadWait.py", line 21, in _Send
    self.request.sendall(data)
OSError: [WinError 10038] 在一个非套接字上尝试了一个操作。

2025-05-26 22:29:55.424725 - ERROR : send/read tcp data error: Traceback (most recent call last):
  File "G:\tools\anaconda1\.venv\lib\site-packages\PyAibote\Tool\SendTcpData.py", line 25, in SendData
    response = self.StarLoadWait(data)
  File "G:\tools\anaconda1\.venv\lib\site-packages\PyAibote\WindowsBotModel\WinLoadWait.py", line 42, in StarLoadWait
    response = self._Send(data)
  File "G:\tools\anaconda1\.venv\lib\site-packages\PyAibote\WindowsBotModel\WinLoadWait.py", line 21, in _Send
    self.request.sendall(data)
OSError: [WinError 10038] 在一个非套接字上尝试了一个操作。

2025-05-26 22:29:55.426720 - ERROR : send/read tcp data error: Traceback (most recent call last):
  File "G:\tools\anaconda1\.venv\lib\site-packages\PyAibote\Tool\SendTcpData.py", line 25, in SendData
    response = self.StarLoadWait(data)
  File "G:\tools\anaconda1\.venv\lib\site-packages\PyAibote\WindowsBotModel\WinLoadWait.py", line 42, in StarLoadWait
    response = self._Send(data)
  File "G:\tools\anaconda1\.venv\lib\site-packages\PyAibote\WindowsBotModel\WinLoadWait.py", line 21, in _Send
    self.request.sendall(data)
OSError: [WinError 10038] 在一个非套接字上尝试了一个操作。

2025-05-26 22:29:55.428715 - ERROR : send/read tcp data error: Traceback (most recent call last):
  File "G:\tools\anaconda1\.venv\lib\site-packages\PyAibote\Tool\SendTcpData.py", line 25, in SendData
    response = self.StarLoadWait(data)
  File "G:\tools\anaconda1\.venv\lib\site-packages\PyAibote\WindowsBotModel\WinLoadWait.py", line 42, in StarLoadWait
    response = self._Send(data)
  File "G:\tools\anaconda1\.venv\lib\site-packages\PyAibote\WindowsBotModel\WinLoadWait.py", line 21, in _Send
    self.request.sendall(data)
OSError: [WinError 10038] 在一个非套接字上尝试了一个操作。

2025-05-26 22:29:55.431735 - ERROR : send/read tcp data error: Traceback (most recent call last):
  File "G:\tools\anaconda1\.venv\lib\site-packages\PyAibote\Tool\SendTcpData.py", line 25, in SendData
    response = self.StarLoadWait(data)
  File "G:\tools\anaconda1\.venv\lib\site-packages\PyAibote\WindowsBotModel\WinLoadWait.py", line 42, in StarLoadWait
    response = self._Send(data)
  File "G:\tools\anaconda1\.venv\lib\site-packages\PyAibote\WindowsBotModel\WinLoadWait.py", line 21, in _Send
    self.request.sendall(data)
OSError: [WinError 10038] 在一个非套接字上尝试了一个操作。

2025-05-26 22:29:55.433730 - ERROR : send/read tcp data error: Traceback (most recent call last):
  File "G:\tools\anaconda1\.venv\lib\site-packages\PyAibote\Tool\SendTcpData.py", line 25, in SendData
    response = self.StarLoadWait(data)
  File "G:\tools\anaconda1\.venv\lib\site-packages\PyAibote\WindowsBotModel\WinLoadWait.py", line 42, in StarLoadWait
    response = self._Send(data)
  File "G:\tools\anaconda1\.venv\lib\site-packages\PyAibote\WindowsBotModel\WinLoadWait.py", line 21, in _Send
    self.request.sendall(data)
OSError: [WinError 10038] 在一个非套接字上尝试了一个操作。

2025-05-26 22:29:55.435725 - ERROR : send/read tcp data error: Traceback (most recent call last):
  File "G:\tools\anaconda1\.venv\lib\site-packages\PyAibote\Tool\SendTcpData.py", line 25, in SendData
    response = self.StarLoadWait(data)
  File "G:\tools\anaconda1\.venv\lib\site-packages\PyAibote\WindowsBotModel\WinLoadWait.py", line 42, in StarLoadWait
    response = self._Send(data)
  File "G:\tools\anaconda1\.venv\lib\site-packages\PyAibote\WindowsBotModel\WinLoadWait.py", line 21, in _Send
    self.request.sendall(data)
OSError: [WinError 10038] 在一个非套接字上尝试了一个操作。

2025-05-26 22:29:55.438718 - ERROR : send/read tcp data error: Traceback (most recent call last):
  File "G:\tools\anaconda1\.venv\lib\site-packages\PyAibote\Tool\SendTcpData.py", line 25, in SendData
    response = self.StarLoadWait(data)
  File "G:\tools\anaconda1\.venv\lib\site-packages\PyAibote\WindowsBotModel\WinLoadWait.py", line 42, in StarLoadWait
    response = self._Send(data)
  File "G:\tools\anaconda1\.venv\lib\site-packages\PyAibote\WindowsBotModel\WinLoadWait.py", line 21, in _Send
    self.request.sendall(data)
OSError: [WinError 10038] 在一个非套接字上尝试了一个操作。

2025-05-26 22:29:55.440741 - ERROR : send/read tcp data error: Traceback (most recent call last):
  File "G:\tools\anaconda1\.venv\lib\site-packages\PyAibote\Tool\SendTcpData.py", line 25, in SendData
    response = self.StarLoadWait(data)
  File "G:\tools\anaconda1\.venv\lib\site-packages\PyAibote\WindowsBotModel\WinLoadWait.py", line 42, in StarLoadWait
    response = self._Send(data)
  File "G:\tools\anaconda1\.venv\lib\site-packages\PyAibote\WindowsBotModel\WinLoadWait.py", line 21, in _Send
    self.request.sendall(data)
OSError: [WinError 10038] 在一个非套接字上尝试了一个操作。

2025-05-26 22:29:55.442735 - ERROR : send/read tcp data error: Traceback (most recent call last):
  File "G:\tools\anaconda1\.venv\lib\site-packages\PyAibote\Tool\SendTcpData.py", line 25, in SendData
    response = self.StarLoadWait(data)
  File "G:\tools\anaconda1\.venv\lib\site-packages\PyAibote\WindowsBotModel\WinLoadWait.py", line 42, in StarLoadWait
    response = self._Send(data)
  File "G:\tools\anaconda1\.venv\lib\site-packages\PyAibote\WindowsBotModel\WinLoadWait.py", line 21, in _Send
    self.request.sendall(data)
OSError: [WinError 10038] 在一个非套接字上尝试了一个操作。

2025-05-26 22:29:55.444730 - ERROR : send/read tcp data error: Traceback (most recent call last):
  File "G:\tools\anaconda1\.venv\lib\site-packages\PyAibote\Tool\SendTcpData.py", line 25, in SendData
    response = self.StarLoadWait(data)
  File "G:\tools\anaconda1\.venv\lib\site-packages\PyAibote\WindowsBotModel\WinLoadWait.py", line 42, in StarLoadWait
    response = self._Send(data)
  File "G:\tools\anaconda1\.venv\lib\site-packages\PyAibote\WindowsBotModel\WinLoadWait.py", line 21, in _Send
    self.request.sendall(data)
OSError: [WinError 10038] 在一个非套接字上尝试了一个操作。

2025-05-26 22:29:55.446725 - ERROR : send/read tcp data error: Traceback (most recent call last):
  File "G:\tools\anaconda1\.venv\lib\site-packages\PyAibote\Tool\SendTcpData.py", line 25, in SendData
    response = self.StarLoadWait(data)
  File "G:\tools\anaconda1\.venv\lib\site-packages\PyAibote\WindowsBotModel\WinLoadWait.py", line 42, in StarLoadWait
    response = self._Send(data)
  File "G:\tools\anaconda1\.venv\lib\site-packages\PyAibote\WindowsBotModel\WinLoadWait.py", line 21, in _Send
    self.request.sendall(data)
OSError: [WinError 10038] 在一个非套接字上尝试了一个操作。

2025-05-26 22:29:55.448720 - ERROR : send/read tcp data error: Traceback (most recent call last):
  File "G:\tools\anaconda1\.venv\lib\site-packages\PyAibote\Tool\SendTcpData.py", line 25, in SendData
    response = self.StarLoadWait(data)
  File "G:\tools\anaconda1\.venv\lib\site-packages\PyAibote\WindowsBotModel\WinLoadWait.py", line 42, in StarLoadWait
    response = self._Send(data)
  File "G:\tools\anaconda1\.venv\lib\site-packages\PyAibote\WindowsBotModel\WinLoadWait.py", line 21, in _Send
    self.request.sendall(data)
OSError: [WinError 10038] 在一个非套接字上尝试了一个操作。

2025-05-26 22:29:55.450739 - ERROR : send/read tcp data error: Traceback (most recent call last):
  File "G:\tools\anaconda1\.venv\lib\site-packages\PyAibote\Tool\SendTcpData.py", line 25, in SendData
    response = self.StarLoadWait(data)
  File "G:\tools\anaconda1\.venv\lib\site-packages\PyAibote\WindowsBotModel\WinLoadWait.py", line 42, in StarLoadWait
    response = self._Send(data)
  File "G:\tools\anaconda1\.venv\lib\site-packages\PyAibote\WindowsBotModel\WinLoadWait.py", line 21, in _Send
    self.request.sendall(data)
OSError: [WinError 10038] 在一个非套接字上尝试了一个操作。

2025-05-26 22:29:55.452733 - ERROR : send/read tcp data error: Traceback (most recent call last):
  File "G:\tools\anaconda1\.venv\lib\site-packages\PyAibote\Tool\SendTcpData.py", line 25, in SendData
    response = self.StarLoadWait(data)
  File "G:\tools\anaconda1\.venv\lib\site-packages\PyAibote\WindowsBotModel\WinLoadWait.py", line 42, in StarLoadWait
    response = self._Send(data)
  File "G:\tools\anaconda1\.venv\lib\site-packages\PyAibote\WindowsBotModel\WinLoadWait.py", line 21, in _Send
    self.request.sendall(data)
OSError: [WinError 10038] 在一个非套接字上尝试了一个操作。

2025-05-26 22:29:55.455725 - ERROR : send/read tcp data error: Traceback (most recent call last):
  File "G:\tools\anaconda1\.venv\lib\site-packages\PyAibote\Tool\SendTcpData.py", line 25, in SendData
    response = self.StarLoadWait(data)
  File "G:\tools\anaconda1\.venv\lib\site-packages\PyAibote\WindowsBotModel\WinLoadWait.py", line 42, in StarLoadWait
    response = self._Send(data)
  File "G:\tools\anaconda1\.venv\lib\site-packages\PyAibote\WindowsBotModel\WinLoadWait.py", line 21, in _Send
    self.request.sendall(data)
OSError: [WinError 10038] 在一个非套接字上尝试了一个操作。

2025-05-26 22:29:55.457720 - ERROR : send/read tcp data error: Traceback (most recent call last):
  File "G:\tools\anaconda1\.venv\lib\site-packages\PyAibote\Tool\SendTcpData.py", line 25, in SendData
    response = self.StarLoadWait(data)
  File "G:\tools\anaconda1\.venv\lib\site-packages\PyAibote\WindowsBotModel\WinLoadWait.py", line 42, in StarLoadWait
    response = self._Send(data)
  File "G:\tools\anaconda1\.venv\lib\site-packages\PyAibote\WindowsBotModel\WinLoadWait.py", line 21, in _Send
    self.request.sendall(data)
OSError: [WinError 10038] 在一个非套接字上尝试了一个操作。

2025-05-26 22:29:55.459747 - ERROR : send/read tcp data error: Traceback (most recent call last):
  File "G:\tools\anaconda1\.venv\lib\site-packages\PyAibote\Tool\SendTcpData.py", line 25, in SendData
    response = self.StarLoadWait(data)
  File "G:\tools\anaconda1\.venv\lib\site-packages\PyAibote\WindowsBotModel\WinLoadWait.py", line 42, in StarLoadWait
    response = self._Send(data)
  File "G:\tools\anaconda1\.venv\lib\site-packages\PyAibote\WindowsBotModel\WinLoadWait.py", line 21, in _Send
    self.request.sendall(data)
OSError: [WinError 10038] 在一个非套接字上尝试了一个操作。

2025-05-26 22:29:55.461734 - ERROR : send/read tcp data error: Traceback (most recent call last):
  File "G:\tools\anaconda1\.venv\lib\site-packages\PyAibote\Tool\SendTcpData.py", line 25, in SendData
    response = self.StarLoadWait(data)
  File "G:\tools\anaconda1\.venv\lib\site-packages\PyAibote\WindowsBotModel\WinLoadWait.py", line 42, in StarLoadWait
    response = self._Send(data)
  File "G:\tools\anaconda1\.venv\lib\site-packages\PyAibote\WindowsBotModel\WinLoadWait.py", line 21, in _Send
    self.request.sendall(data)
OSError: [WinError 10038] 在一个非套接字上尝试了一个操作。

2025-05-26 22:29:55.463728 - ERROR : send/read tcp data error: Traceback (most recent call last):
  File "G:\tools\anaconda1\.venv\lib\site-packages\PyAibote\Tool\SendTcpData.py", line 25, in SendData
    response = self.StarLoadWait(data)
  File "G:\tools\anaconda1\.venv\lib\site-packages\PyAibote\WindowsBotModel\WinLoadWait.py", line 42, in StarLoadWait
    response = self._Send(data)
  File "G:\tools\anaconda1\.venv\lib\site-packages\PyAibote\WindowsBotModel\WinLoadWait.py", line 21, in _Send
    self.request.sendall(data)
OSError: [WinError 10038] 在一个非套接字上尝试了一个操作。

2025-05-26 22:29:55.465723 - ERROR : send/read tcp data error: Traceback (most recent call last):
  File "G:\tools\anaconda1\.venv\lib\site-packages\PyAibote\Tool\SendTcpData.py", line 25, in SendData
    response = self.StarLoadWait(data)
  File "G:\tools\anaconda1\.venv\lib\site-packages\PyAibote\WindowsBotModel\WinLoadWait.py", line 42, in StarLoadWait
    response = self._Send(data)
  File "G:\tools\anaconda1\.venv\lib\site-packages\PyAibote\WindowsBotModel\WinLoadWait.py", line 21, in _Send
    self.request.sendall(data)
OSError: [WinError 10038] 在一个非套接字上尝试了一个操作。

2025-05-26 22:29:55.468715 - ERROR : send/read tcp data error: Traceback (most recent call last):
  File "G:\tools\anaconda1\.venv\lib\site-packages\PyAibote\Tool\SendTcpData.py", line 25, in SendData
    response = self.StarLoadWait(data)
  File "G:\tools\anaconda1\.venv\lib\site-packages\PyAibote\WindowsBotModel\WinLoadWait.py", line 42, in StarLoadWait
    response = self._Send(data)
  File "G:\tools\anaconda1\.venv\lib\site-packages\PyAibote\WindowsBotModel\WinLoadWait.py", line 21, in _Send
    self.request.sendall(data)
OSError: [WinError 10038] 在一个非套接字上尝试了一个操作。

2025-05-26 22:29:55.470737 - ERROR : send/read tcp data error: Traceback (most recent call last):
  File "G:\tools\anaconda1\.venv\lib\site-packages\PyAibote\Tool\SendTcpData.py", line 25, in SendData
    response = self.StarLoadWait(data)
  File "G:\tools\anaconda1\.venv\lib\site-packages\PyAibote\WindowsBotModel\WinLoadWait.py", line 42, in StarLoadWait
    response = self._Send(data)
  File "G:\tools\anaconda1\.venv\lib\site-packages\PyAibote\WindowsBotModel\WinLoadWait.py", line 21, in _Send
    self.request.sendall(data)
OSError: [WinError 10038] 在一个非套接字上尝试了一个操作。

2025-05-26 22:29:55.472731 - ERROR : send/read tcp data error: Traceback (most recent call last):
  File "G:\tools\anaconda1\.venv\lib\site-packages\PyAibote\Tool\SendTcpData.py", line 25, in SendData
    response = self.StarLoadWait(data)
  File "G:\tools\anaconda1\.venv\lib\site-packages\PyAibote\WindowsBotModel\WinLoadWait.py", line 42, in StarLoadWait
    response = self._Send(data)
  File "G:\tools\anaconda1\.venv\lib\site-packages\PyAibote\WindowsBotModel\WinLoadWait.py", line 21, in _Send
    self.request.sendall(data)
OSError: [WinError 10038] 在一个非套接字上尝试了一个操作。

2025-05-26 22:29:55.474726 - ERROR : send/read tcp data error: Traceback (most recent call last):
  File "G:\tools\anaconda1\.venv\lib\site-packages\PyAibote\Tool\SendTcpData.py", line 25, in SendData
    response = self.StarLoadWait(data)
  File "G:\tools\anaconda1\.venv\lib\site-packages\PyAibote\WindowsBotModel\WinLoadWait.py", line 42, in StarLoadWait
    response = self._Send(data)
  File "G:\tools\anaconda1\.venv\lib\site-packages\PyAibote\WindowsBotModel\WinLoadWait.py", line 21, in _Send
    self.request.sendall(data)
OSError: [WinError 10038] 在一个非套接字上尝试了一个操作。

2025-05-26 22:29:55.476721 - ERROR : send/read tcp data error: Traceback (most recent call last):
  File "G:\tools\anaconda1\.venv\lib\site-packages\PyAibote\Tool\SendTcpData.py", line 25, in SendData
    response = self.StarLoadWait(data)
  File "G:\tools\anaconda1\.venv\lib\site-packages\PyAibote\WindowsBotModel\WinLoadWait.py", line 42, in StarLoadWait
    response = self._Send(data)
  File "G:\tools\anaconda1\.venv\lib\site-packages\PyAibote\WindowsBotModel\WinLoadWait.py", line 21, in _Send
    self.request.sendall(data)
OSError: [WinError 10038] 在一个非套接字上尝试了一个操作。

2025-05-26 22:29:55.479233 - ERROR : send/read tcp data error: Traceback (most recent call last):
  File "G:\tools\anaconda1\.venv\lib\site-packages\PyAibote\Tool\SendTcpData.py", line 25, in SendData
    response = self.StarLoadWait(data)
  File "G:\tools\anaconda1\.venv\lib\site-packages\PyAibote\WindowsBotModel\WinLoadWait.py", line 42, in StarLoadWait
    response = self._Send(data)
  File "G:\tools\anaconda1\.venv\lib\site-packages\PyAibote\WindowsBotModel\WinLoadWait.py", line 21, in _Send
    self.request.sendall(data)
OSError: [WinError 10038] 在一个非套接字上尝试了一个操作。

2025-05-26 22:29:55.480737 - ERROR : send/read tcp data error: Traceback (most recent call last):
  File "G:\tools\anaconda1\.venv\lib\site-packages\PyAibote\Tool\SendTcpData.py", line 25, in SendData
    response = self.StarLoadWait(data)
  File "G:\tools\anaconda1\.venv\lib\site-packages\PyAibote\WindowsBotModel\WinLoadWait.py", line 42, in StarLoadWait
    response = self._Send(data)
  File "G:\tools\anaconda1\.venv\lib\site-packages\PyAibote\WindowsBotModel\WinLoadWait.py", line 21, in _Send
    self.request.sendall(data)
OSError: [WinError 10038] 在一个非套接字上尝试了一个操作。

2025-05-26 22:29:55.483729 - ERROR : send/read tcp data error: Traceback (most recent call last):
  File "G:\tools\anaconda1\.venv\lib\site-packages\PyAibote\Tool\SendTcpData.py", line 25, in SendData
    response = self.StarLoadWait(data)
  File "G:\tools\anaconda1\.venv\lib\site-packages\PyAibote\WindowsBotModel\WinLoadWait.py", line 42, in StarLoadWait
    response = self._Send(data)
  File "G:\tools\anaconda1\.venv\lib\site-packages\PyAibote\WindowsBotModel\WinLoadWait.py", line 21, in _Send
    self.request.sendall(data)
OSError: [WinError 10038] 在一个非套接字上尝试了一个操作。

2025-05-26 22:29:55.485724 - ERROR : send/read tcp data error: Traceback (most recent call last):
  File "G:\tools\anaconda1\.venv\lib\site-packages\PyAibote\Tool\SendTcpData.py", line 25, in SendData
    response = self.StarLoadWait(data)
  File "G:\tools\anaconda1\.venv\lib\site-packages\PyAibote\WindowsBotModel\WinLoadWait.py", line 42, in StarLoadWait
    response = self._Send(data)
  File "G:\tools\anaconda1\.venv\lib\site-packages\PyAibote\WindowsBotModel\WinLoadWait.py", line 21, in _Send
    self.request.sendall(data)
OSError: [WinError 10038] 在一个非套接字上尝试了一个操作。

2025-05-26 22:29:55.487719 - ERROR : send/read tcp data error: Traceback (most recent call last):
  File "G:\tools\anaconda1\.venv\lib\site-packages\PyAibote\Tool\SendTcpData.py", line 25, in SendData
    response = self.StarLoadWait(data)
  File "G:\tools\anaconda1\.venv\lib\site-packages\PyAibote\WindowsBotModel\WinLoadWait.py", line 42, in StarLoadWait
    response = self._Send(data)
  File "G:\tools\anaconda1\.venv\lib\site-packages\PyAibote\WindowsBotModel\WinLoadWait.py", line 21, in _Send
    self.request.sendall(data)
OSError: [WinError 10038] 在一个非套接字上尝试了一个操作。

2025-05-26 22:29:55.489743 - ERROR : send/read tcp data error: Traceback (most recent call last):
  File "G:\tools\anaconda1\.venv\lib\site-packages\PyAibote\Tool\SendTcpData.py", line 25, in SendData
    response = self.StarLoadWait(data)
  File "G:\tools\anaconda1\.venv\lib\site-packages\PyAibote\WindowsBotModel\WinLoadWait.py", line 42, in StarLoadWait
    response = self._Send(data)
  File "G:\tools\anaconda1\.venv\lib\site-packages\PyAibote\WindowsBotModel\WinLoadWait.py", line 21, in _Send
    self.request.sendall(data)
OSError: [WinError 10038] 在一个非套接字上尝试了一个操作。

2025-05-26 22:29:55.491731 - ERROR : send/read tcp data error: Traceback (most recent call last):
  File "G:\tools\anaconda1\.venv\lib\site-packages\PyAibote\Tool\SendTcpData.py", line 25, in SendData
    response = self.StarLoadWait(data)
  File "G:\tools\anaconda1\.venv\lib\site-packages\PyAibote\WindowsBotModel\WinLoadWait.py", line 42, in StarLoadWait
    response = self._Send(data)
  File "G:\tools\anaconda1\.venv\lib\site-packages\PyAibote\WindowsBotModel\WinLoadWait.py", line 21, in _Send
    self.request.sendall(data)
OSError: [WinError 10038] 在一个非套接字上尝试了一个操作。

2025-05-26 22:29:55.493725 - ERROR : send/read tcp data error: Traceback (most recent call last):
  File "G:\tools\anaconda1\.venv\lib\site-packages\PyAibote\Tool\SendTcpData.py", line 25, in SendData
    response = self.StarLoadWait(data)
  File "G:\tools\anaconda1\.venv\lib\site-packages\PyAibote\WindowsBotModel\WinLoadWait.py", line 42, in StarLoadWait
    response = self._Send(data)
  File "G:\tools\anaconda1\.venv\lib\site-packages\PyAibote\WindowsBotModel\WinLoadWait.py", line 21, in _Send
    self.request.sendall(data)
OSError: [WinError 10038] 在一个非套接字上尝试了一个操作。

2025-05-26 22:29:55.495720 - ERROR : send/read tcp data error: Traceback (most recent call last):
  File "G:\tools\anaconda1\.venv\lib\site-packages\PyAibote\Tool\SendTcpData.py", line 25, in SendData
    response = self.StarLoadWait(data)
  File "G:\tools\anaconda1\.venv\lib\site-packages\PyAibote\WindowsBotModel\WinLoadWait.py", line 42, in StarLoadWait
    response = self._Send(data)
  File "G:\tools\anaconda1\.venv\lib\site-packages\PyAibote\WindowsBotModel\WinLoadWait.py", line 21, in _Send
    self.request.sendall(data)
OSError: [WinError 10038] 在一个非套接字上尝试了一个操作。

2025-05-26 22:29:55.511726 - ERROR : send/read tcp data error: Traceback (most recent call last):
  File "G:\tools\anaconda1\.venv\lib\site-packages\PyAibote\Tool\SendTcpData.py", line 25, in SendData
    response = self.StarLoadWait(data)
  File "G:\tools\anaconda1\.venv\lib\site-packages\PyAibote\WindowsBotModel\WinLoadWait.py", line 42, in StarLoadWait
    response = self._Send(data)
  File "G:\tools\anaconda1\.venv\lib\site-packages\PyAibote\WindowsBotModel\WinLoadWait.py", line 21, in _Send
    self.request.sendall(data)
OSError: [WinError 10038] 在一个非套接字上尝试了一个操作。

2025-05-26 22:29:55.513722 - ERROR : send/read tcp data error: Traceback (most recent call last):
  File "G:\tools\anaconda1\.venv\lib\site-packages\PyAibote\Tool\SendTcpData.py", line 25, in SendData
    response = self.StarLoadWait(data)
  File "G:\tools\anaconda1\.venv\lib\site-packages\PyAibote\WindowsBotModel\WinLoadWait.py", line 42, in StarLoadWait
    response = self._Send(data)
  File "G:\tools\anaconda1\.venv\lib\site-packages\PyAibote\WindowsBotModel\WinLoadWait.py", line 21, in _Send
    self.request.sendall(data)
OSError: [WinError 10038] 在一个非套接字上尝试了一个操作。

2025-05-26 22:29:55.516713 - ERROR : send/read tcp data error: Traceback (most recent call last):
  File "G:\tools\anaconda1\.venv\lib\site-packages\PyAibote\Tool\SendTcpData.py", line 25, in SendData
    response = self.StarLoadWait(data)
  File "G:\tools\anaconda1\.venv\lib\site-packages\PyAibote\WindowsBotModel\WinLoadWait.py", line 42, in StarLoadWait
    response = self._Send(data)
  File "G:\tools\anaconda1\.venv\lib\site-packages\PyAibote\WindowsBotModel\WinLoadWait.py", line 21, in _Send
    self.request.sendall(data)
OSError: [WinError 10038] 在一个非套接字上尝试了一个操作。

2025-05-26 22:29:55.518709 - ERROR : send/read tcp data error: Traceback (most recent call last):
  File "G:\tools\anaconda1\.venv\lib\site-packages\PyAibote\Tool\SendTcpData.py", line 25, in SendData
    response = self.StarLoadWait(data)
  File "G:\tools\anaconda1\.venv\lib\site-packages\PyAibote\WindowsBotModel\WinLoadWait.py", line 42, in StarLoadWait
    response = self._Send(data)
  File "G:\tools\anaconda1\.venv\lib\site-packages\PyAibote\WindowsBotModel\WinLoadWait.py", line 21, in _Send
    self.request.sendall(data)
OSError: [WinError 10038] 在一个非套接字上尝试了一个操作。

2025-05-26 22:29:55.520728 - ERROR : send/read tcp data error: Traceback (most recent call last):
  File "G:\tools\anaconda1\.venv\lib\site-packages\PyAibote\Tool\SendTcpData.py", line 25, in SendData
    response = self.StarLoadWait(data)
  File "G:\tools\anaconda1\.venv\lib\site-packages\PyAibote\WindowsBotModel\WinLoadWait.py", line 42, in StarLoadWait
    response = self._Send(data)
  File "G:\tools\anaconda1\.venv\lib\site-packages\PyAibote\WindowsBotModel\WinLoadWait.py", line 21, in _Send
    self.request.sendall(data)
OSError: [WinError 10038] 在一个非套接字上尝试了一个操作。

2025-05-26 22:29:55.523720 - ERROR : send/read tcp data error: Traceback (most recent call last):
  File "G:\tools\anaconda1\.venv\lib\site-packages\PyAibote\Tool\SendTcpData.py", line 25, in SendData
    response = self.StarLoadWait(data)
  File "G:\tools\anaconda1\.venv\lib\site-packages\PyAibote\WindowsBotModel\WinLoadWait.py", line 42, in StarLoadWait
    response = self._Send(data)
  File "G:\tools\anaconda1\.venv\lib\site-packages\PyAibote\WindowsBotModel\WinLoadWait.py", line 21, in _Send
    self.request.sendall(data)
OSError: [WinError 10038] 在一个非套接字上尝试了一个操作。

2025-05-26 22:29:55.525716 - ERROR : send/read tcp data error: Traceback (most recent call last):
  File "G:\tools\anaconda1\.venv\lib\site-packages\PyAibote\Tool\SendTcpData.py", line 25, in SendData
    response = self.StarLoadWait(data)
  File "G:\tools\anaconda1\.venv\lib\site-packages\PyAibote\WindowsBotModel\WinLoadWait.py", line 42, in StarLoadWait
    response = self._Send(data)
  File "G:\tools\anaconda1\.venv\lib\site-packages\PyAibote\WindowsBotModel\WinLoadWait.py", line 21, in _Send
    self.request.sendall(data)
OSError: [WinError 10038] 在一个非套接字上尝试了一个操作。

2025-05-26 22:29:55.527711 - ERROR : send/read tcp data error: Traceback (most recent call last):
  File "G:\tools\anaconda1\.venv\lib\site-packages\PyAibote\Tool\SendTcpData.py", line 25, in SendData
    response = self.StarLoadWait(data)
  File "G:\tools\anaconda1\.venv\lib\site-packages\PyAibote\WindowsBotModel\WinLoadWait.py", line 42, in StarLoadWait
    response = self._Send(data)
  File "G:\tools\anaconda1\.venv\lib\site-packages\PyAibote\WindowsBotModel\WinLoadWait.py", line 21, in _Send
    self.request.sendall(data)
OSError: [WinError 10038] 在一个非套接字上尝试了一个操作。

2025-05-26 22:29:55.529762 - ERROR : send/read tcp data error: Traceback (most recent call last):
  File "G:\tools\anaconda1\.venv\lib\site-packages\PyAibote\Tool\SendTcpData.py", line 25, in SendData
    response = self.StarLoadWait(data)
  File "G:\tools\anaconda1\.venv\lib\site-packages\PyAibote\WindowsBotModel\WinLoadWait.py", line 42, in StarLoadWait
    response = self._Send(data)
  File "G:\tools\anaconda1\.venv\lib\site-packages\PyAibote\WindowsBotModel\WinLoadWait.py", line 21, in _Send
    self.request.sendall(data)
OSError: [WinError 10038] 在一个非套接字上尝试了一个操作。

2025-05-26 22:29:55.532748 - ERROR : send/read tcp data error: Traceback (most recent call last):
  File "G:\tools\anaconda1\.venv\lib\site-packages\PyAibote\Tool\SendTcpData.py", line 25, in SendData
    response = self.StarLoadWait(data)
  File "G:\tools\anaconda1\.venv\lib\site-packages\PyAibote\WindowsBotModel\WinLoadWait.py", line 42, in StarLoadWait
    response = self._Send(data)
  File "G:\tools\anaconda1\.venv\lib\site-packages\PyAibote\WindowsBotModel\WinLoadWait.py", line 21, in _Send
    self.request.sendall(data)
OSError: [WinError 10038] 在一个非套接字上尝试了一个操作。

2025-05-26 22:29:55.540754 - ERROR : send/read tcp data error: Traceback (most recent call last):
  File "G:\tools\anaconda1\.venv\lib\site-packages\PyAibote\Tool\SendTcpData.py", line 25, in SendData
    response = self.StarLoadWait(data)
  File "G:\tools\anaconda1\.venv\lib\site-packages\PyAibote\WindowsBotModel\WinLoadWait.py", line 42, in StarLoadWait
    response = self._Send(data)
  File "G:\tools\anaconda1\.venv\lib\site-packages\PyAibote\WindowsBotModel\WinLoadWait.py", line 21, in _Send
    self.request.sendall(data)
OSError: [WinError 10038] 在一个非套接字上尝试了一个操作。

2025-05-26 22:29:55.543746 - ERROR : send/read tcp data error: Traceback (most recent call last):
  File "G:\tools\anaconda1\.venv\lib\site-packages\PyAibote\Tool\SendTcpData.py", line 25, in SendData
    response = self.StarLoadWait(data)
  File "G:\tools\anaconda1\.venv\lib\site-packages\PyAibote\WindowsBotModel\WinLoadWait.py", line 42, in StarLoadWait
    response = self._Send(data)
  File "G:\tools\anaconda1\.venv\lib\site-packages\PyAibote\WindowsBotModel\WinLoadWait.py", line 21, in _Send
    self.request.sendall(data)
OSError: [WinError 10038] 在一个非套接字上尝试了一个操作。

2025-05-26 22:29:55.545741 - ERROR : send/read tcp data error: Traceback (most recent call last):
  File "G:\tools\anaconda1\.venv\lib\site-packages\PyAibote\Tool\SendTcpData.py", line 25, in SendData
    response = self.StarLoadWait(data)
  File "G:\tools\anaconda1\.venv\lib\site-packages\PyAibote\WindowsBotModel\WinLoadWait.py", line 42, in StarLoadWait
    response = self._Send(data)
  File "G:\tools\anaconda1\.venv\lib\site-packages\PyAibote\WindowsBotModel\WinLoadWait.py", line 21, in _Send
    self.request.sendall(data)
OSError: [WinError 10038] 在一个非套接字上尝试了一个操作。

2025-05-26 22:29:55.547737 - ERROR : send/read tcp data error: Traceback (most recent call last):
  File "G:\tools\anaconda1\.venv\lib\site-packages\PyAibote\Tool\SendTcpData.py", line 25, in SendData
    response = self.StarLoadWait(data)
  File "G:\tools\anaconda1\.venv\lib\site-packages\PyAibote\WindowsBotModel\WinLoadWait.py", line 42, in StarLoadWait
    response = self._Send(data)
  File "G:\tools\anaconda1\.venv\lib\site-packages\PyAibote\WindowsBotModel\WinLoadWait.py", line 21, in _Send
    self.request.sendall(data)
OSError: [WinError 10038] 在一个非套接字上尝试了一个操作。

2025-05-26 22:29:55.549765 - ERROR : send/read tcp data error: Traceback (most recent call last):
  File "G:\tools\anaconda1\.venv\lib\site-packages\PyAibote\Tool\SendTcpData.py", line 25, in SendData
    response = self.StarLoadWait(data)
  File "G:\tools\anaconda1\.venv\lib\site-packages\PyAibote\WindowsBotModel\WinLoadWait.py", line 42, in StarLoadWait
    response = self._Send(data)
  File "G:\tools\anaconda1\.venv\lib\site-packages\PyAibote\WindowsBotModel\WinLoadWait.py", line 21, in _Send
    self.request.sendall(data)
OSError: [WinError 10038] 在一个非套接字上尝试了一个操作。

2025-05-26 22:29:55.553748 - ERROR : send/read tcp data error: Traceback (most recent call last):
  File "G:\tools\anaconda1\.venv\lib\site-packages\PyAibote\Tool\SendTcpData.py", line 25, in SendData
    response = self.StarLoadWait(data)
  File "G:\tools\anaconda1\.venv\lib\site-packages\PyAibote\WindowsBotModel\WinLoadWait.py", line 42, in StarLoadWait
    response = self._Send(data)
  File "G:\tools\anaconda1\.venv\lib\site-packages\PyAibote\WindowsBotModel\WinLoadWait.py", line 21, in _Send
    self.request.sendall(data)
OSError: [WinError 10038] 在一个非套接字上尝试了一个操作。

2025-05-26 22:29:55.555743 - ERROR : send/read tcp data error: Traceback (most recent call last):
  File "G:\tools\anaconda1\.venv\lib\site-packages\PyAibote\Tool\SendTcpData.py", line 25, in SendData
    response = self.StarLoadWait(data)
  File "G:\tools\anaconda1\.venv\lib\site-packages\PyAibote\WindowsBotModel\WinLoadWait.py", line 42, in StarLoadWait
    response = self._Send(data)
  File "G:\tools\anaconda1\.venv\lib\site-packages\PyAibote\WindowsBotModel\WinLoadWait.py", line 21, in _Send
    self.request.sendall(data)
OSError: [WinError 10038] 在一个非套接字上尝试了一个操作。

2025-05-26 22:29:55.557738 - ERROR : send/read tcp data error: Traceback (most recent call last):
  File "G:\tools\anaconda1\.venv\lib\site-packages\PyAibote\Tool\SendTcpData.py", line 25, in SendData
    response = self.StarLoadWait(data)
  File "G:\tools\anaconda1\.venv\lib\site-packages\PyAibote\WindowsBotModel\WinLoadWait.py", line 42, in StarLoadWait
    response = self._Send(data)
  File "G:\tools\anaconda1\.venv\lib\site-packages\PyAibote\WindowsBotModel\WinLoadWait.py", line 21, in _Send
    self.request.sendall(data)
OSError: [WinError 10038] 在一个非套接字上尝试了一个操作。

2025-05-26 22:29:55.560757 - ERROR : send/read tcp data error: Traceback (most recent call last):
  File "G:\tools\anaconda1\.venv\lib\site-packages\PyAibote\Tool\SendTcpData.py", line 25, in SendData
    response = self.StarLoadWait(data)
  File "G:\tools\anaconda1\.venv\lib\site-packages\PyAibote\WindowsBotModel\WinLoadWait.py", line 42, in StarLoadWait
    response = self._Send(data)
  File "G:\tools\anaconda1\.venv\lib\site-packages\PyAibote\WindowsBotModel\WinLoadWait.py", line 21, in _Send
    self.request.sendall(data)
OSError: [WinError 10038] 在一个非套接字上尝试了一个操作。

2025-05-26 22:29:55.562752 - ERROR : send/read tcp data error: Traceback (most recent call last):
  File "G:\tools\anaconda1\.venv\lib\site-packages\PyAibote\Tool\SendTcpData.py", line 25, in SendData
    response = self.StarLoadWait(data)
  File "G:\tools\anaconda1\.venv\lib\site-packages\PyAibote\WindowsBotModel\WinLoadWait.py", line 42, in StarLoadWait
    response = self._Send(data)
  File "G:\tools\anaconda1\.venv\lib\site-packages\PyAibote\WindowsBotModel\WinLoadWait.py", line 21, in _Send
    self.request.sendall(data)
OSError: [WinError 10038] 在一个非套接字上尝试了一个操作。

2025-05-26 22:29:55.564747 - ERROR : send/read tcp data error: Traceback (most recent call last):
  File "G:\tools\anaconda1\.venv\lib\site-packages\PyAibote\Tool\SendTcpData.py", line 25, in SendData
    response = self.StarLoadWait(data)
  File "G:\tools\anaconda1\.venv\lib\site-packages\PyAibote\WindowsBotModel\WinLoadWait.py", line 42, in StarLoadWait
    response = self._Send(data)
  File "G:\tools\anaconda1\.venv\lib\site-packages\PyAibote\WindowsBotModel\WinLoadWait.py", line 21, in _Send
    self.request.sendall(data)
OSError: [WinError 10038] 在一个非套接字上尝试了一个操作。

2025-05-26 22:29:55.566742 - ERROR : send/read tcp data error: Traceback (most recent call last):
  File "G:\tools\anaconda1\.venv\lib\site-packages\PyAibote\Tool\SendTcpData.py", line 25, in SendData
    response = self.StarLoadWait(data)
  File "G:\tools\anaconda1\.venv\lib\site-packages\PyAibote\WindowsBotModel\WinLoadWait.py", line 42, in StarLoadWait
    response = self._Send(data)
  File "G:\tools\anaconda1\.venv\lib\site-packages\PyAibote\WindowsBotModel\WinLoadWait.py", line 21, in _Send
    self.request.sendall(data)
OSError: [WinError 10038] 在一个非套接字上尝试了一个操作。

2025-05-26 22:29:55.569772 - ERROR : send/read tcp data error: Traceback (most recent call last):
  File "G:\tools\anaconda1\.venv\lib\site-packages\PyAibote\Tool\SendTcpData.py", line 25, in SendData
    response = self.StarLoadWait(data)
  File "G:\tools\anaconda1\.venv\lib\site-packages\PyAibote\WindowsBotModel\WinLoadWait.py", line 42, in StarLoadWait
    response = self._Send(data)
  File "G:\tools\anaconda1\.venv\lib\site-packages\PyAibote\WindowsBotModel\WinLoadWait.py", line 21, in _Send
    self.request.sendall(data)
OSError: [WinError 10038] 在一个非套接字上尝试了一个操作。

2025-05-26 22:29:55.571759 - ERROR : send/read tcp data error: Traceback (most recent call last):
  File "G:\tools\anaconda1\.venv\lib\site-packages\PyAibote\Tool\SendTcpData.py", line 25, in SendData
    response = self.StarLoadWait(data)
  File "G:\tools\anaconda1\.venv\lib\site-packages\PyAibote\WindowsBotModel\WinLoadWait.py", line 42, in StarLoadWait
    response = self._Send(data)
  File "G:\tools\anaconda1\.venv\lib\site-packages\PyAibote\WindowsBotModel\WinLoadWait.py", line 21, in _Send
    self.request.sendall(data)
OSError: [WinError 10038] 在一个非套接字上尝试了一个操作。

2025-05-26 22:29:55.573753 - ERROR : send/read tcp data error: Traceback (most recent call last):
  File "G:\tools\anaconda1\.venv\lib\site-packages\PyAibote\Tool\SendTcpData.py", line 25, in SendData
    response = self.StarLoadWait(data)
  File "G:\tools\anaconda1\.venv\lib\site-packages\PyAibote\WindowsBotModel\WinLoadWait.py", line 42, in StarLoadWait
    response = self._Send(data)
  File "G:\tools\anaconda1\.venv\lib\site-packages\PyAibote\WindowsBotModel\WinLoadWait.py", line 21, in _Send
    self.request.sendall(data)
OSError: [WinError 10038] 在一个非套接字上尝试了一个操作。

2025-05-26 22:29:55.579255 - ERROR : send/read tcp data error: Traceback (most recent call last):
  File "G:\tools\anaconda1\.venv\lib\site-packages\PyAibote\Tool\SendTcpData.py", line 25, in SendData
    response = self.StarLoadWait(data)
  File "G:\tools\anaconda1\.venv\lib\site-packages\PyAibote\WindowsBotModel\WinLoadWait.py", line 42, in StarLoadWait
    response = self._Send(data)
  File "G:\tools\anaconda1\.venv\lib\site-packages\PyAibote\WindowsBotModel\WinLoadWait.py", line 21, in _Send
    self.request.sendall(data)
OSError: [WinError 10038] 在一个非套接字上尝试了一个操作。

2025-05-26 22:29:55.581758 - ERROR : send/read tcp data error: Traceback (most recent call last):
  File "G:\tools\anaconda1\.venv\lib\site-packages\PyAibote\Tool\SendTcpData.py", line 25, in SendData
    response = self.StarLoadWait(data)
  File "G:\tools\anaconda1\.venv\lib\site-packages\PyAibote\WindowsBotModel\WinLoadWait.py", line 42, in StarLoadWait
    response = self._Send(data)
  File "G:\tools\anaconda1\.venv\lib\site-packages\PyAibote\WindowsBotModel\WinLoadWait.py", line 21, in _Send
    self.request.sendall(data)
OSError: [WinError 10038] 在一个非套接字上尝试了一个操作。

2025-05-26 22:29:55.584750 - ERROR : send/read tcp data error: Traceback (most recent call last):
  File "G:\tools\anaconda1\.venv\lib\site-packages\PyAibote\Tool\SendTcpData.py", line 25, in SendData
    response = self.StarLoadWait(data)
  File "G:\tools\anaconda1\.venv\lib\site-packages\PyAibote\WindowsBotModel\WinLoadWait.py", line 42, in StarLoadWait
    response = self._Send(data)
  File "G:\tools\anaconda1\.venv\lib\site-packages\PyAibote\WindowsBotModel\WinLoadWait.py", line 21, in _Send
    self.request.sendall(data)
OSError: [WinError 10038] 在一个非套接字上尝试了一个操作。

2025-05-26 22:29:55.586746 - ERROR : send/read tcp data error: Traceback (most recent call last):
  File "G:\tools\anaconda1\.venv\lib\site-packages\PyAibote\Tool\SendTcpData.py", line 25, in SendData
    response = self.StarLoadWait(data)
  File "G:\tools\anaconda1\.venv\lib\site-packages\PyAibote\WindowsBotModel\WinLoadWait.py", line 42, in StarLoadWait
    response = self._Send(data)
  File "G:\tools\anaconda1\.venv\lib\site-packages\PyAibote\WindowsBotModel\WinLoadWait.py", line 21, in _Send
    self.request.sendall(data)
OSError: [WinError 10038] 在一个非套接字上尝试了一个操作。

2025-05-26 22:29:55.589259 - ERROR : send/read tcp data error: Traceback (most recent call last):
  File "G:\tools\anaconda1\.venv\lib\site-packages\PyAibote\Tool\SendTcpData.py", line 25, in SendData
    response = self.StarLoadWait(data)
  File "G:\tools\anaconda1\.venv\lib\site-packages\PyAibote\WindowsBotModel\WinLoadWait.py", line 42, in StarLoadWait
    response = self._Send(data)
  File "G:\tools\anaconda1\.venv\lib\site-packages\PyAibote\WindowsBotModel\WinLoadWait.py", line 21, in _Send
    self.request.sendall(data)
OSError: [WinError 10038] 在一个非套接字上尝试了一个操作。

2025-05-26 22:29:55.590763 - ERROR : send/read tcp data error: Traceback (most recent call last):
  File "G:\tools\anaconda1\.venv\lib\site-packages\PyAibote\Tool\SendTcpData.py", line 25, in SendData
    response = self.StarLoadWait(data)
  File "G:\tools\anaconda1\.venv\lib\site-packages\PyAibote\WindowsBotModel\WinLoadWait.py", line 42, in StarLoadWait
    response = self._Send(data)
  File "G:\tools\anaconda1\.venv\lib\site-packages\PyAibote\WindowsBotModel\WinLoadWait.py", line 21, in _Send
    self.request.sendall(data)
OSError: [WinError 10038] 在一个非套接字上尝试了一个操作。

2025-05-26 22:29:55.592758 - ERROR : send/read tcp data error: Traceback (most recent call last):
  File "G:\tools\anaconda1\.venv\lib\site-packages\PyAibote\Tool\SendTcpData.py", line 25, in SendData
    response = self.StarLoadWait(data)
  File "G:\tools\anaconda1\.venv\lib\site-packages\PyAibote\WindowsBotModel\WinLoadWait.py", line 42, in StarLoadWait
    response = self._Send(data)
  File "G:\tools\anaconda1\.venv\lib\site-packages\PyAibote\WindowsBotModel\WinLoadWait.py", line 21, in _Send
    self.request.sendall(data)
OSError: [WinError 10038] 在一个非套接字上尝试了一个操作。

2025-05-26 22:29:55.595751 - ERROR : send/read tcp data error: Traceback (most recent call last):
  File "G:\tools\anaconda1\.venv\lib\site-packages\PyAibote\Tool\SendTcpData.py", line 25, in SendData
    response = self.StarLoadWait(data)
  File "G:\tools\anaconda1\.venv\lib\site-packages\PyAibote\WindowsBotModel\WinLoadWait.py", line 42, in StarLoadWait
    response = self._Send(data)
  File "G:\tools\anaconda1\.venv\lib\site-packages\PyAibote\WindowsBotModel\WinLoadWait.py", line 21, in _Send
    self.request.sendall(data)
OSError: [WinError 10038] 在一个非套接字上尝试了一个操作。

2025-05-26 22:29:55.597746 - ERROR : send/read tcp data error: Traceback (most recent call last):
  File "G:\tools\anaconda1\.venv\lib\site-packages\PyAibote\Tool\SendTcpData.py", line 25, in SendData
    response = self.StarLoadWait(data)
  File "G:\tools\anaconda1\.venv\lib\site-packages\PyAibote\WindowsBotModel\WinLoadWait.py", line 42, in StarLoadWait
    response = self._Send(data)
  File "G:\tools\anaconda1\.venv\lib\site-packages\PyAibote\WindowsBotModel\WinLoadWait.py", line 21, in _Send
    self.request.sendall(data)
OSError: [WinError 10038] 在一个非套接字上尝试了一个操作。

2025-05-26 22:29:55.599785 - ERROR : send/read tcp data error: Traceback (most recent call last):
  File "G:\tools\anaconda1\.venv\lib\site-packages\PyAibote\Tool\SendTcpData.py", line 25, in SendData
    response = self.StarLoadWait(data)
  File "G:\tools\anaconda1\.venv\lib\site-packages\PyAibote\WindowsBotModel\WinLoadWait.py", line 42, in StarLoadWait
    response = self._Send(data)
  File "G:\tools\anaconda1\.venv\lib\site-packages\PyAibote\WindowsBotModel\WinLoadWait.py", line 21, in _Send
    self.request.sendall(data)
OSError: [WinError 10038] 在一个非套接字上尝试了一个操作。

2025-05-26 22:29:55.602766 - ERROR : send/read tcp data error: Traceback (most recent call last):
  File "G:\tools\anaconda1\.venv\lib\site-packages\PyAibote\Tool\SendTcpData.py", line 25, in SendData
    response = self.StarLoadWait(data)
  File "G:\tools\anaconda1\.venv\lib\site-packages\PyAibote\WindowsBotModel\WinLoadWait.py", line 42, in StarLoadWait
    response = self._Send(data)
  File "G:\tools\anaconda1\.venv\lib\site-packages\PyAibote\WindowsBotModel\WinLoadWait.py", line 21, in _Send
    self.request.sendall(data)
OSError: [WinError 10038] 在一个非套接字上尝试了一个操作。

2025-05-26 22:29:55.604761 - ERROR : send/read tcp data error: Traceback (most recent call last):
  File "G:\tools\anaconda1\.venv\lib\site-packages\PyAibote\Tool\SendTcpData.py", line 25, in SendData
    response = self.StarLoadWait(data)
  File "G:\tools\anaconda1\.venv\lib\site-packages\PyAibote\WindowsBotModel\WinLoadWait.py", line 42, in StarLoadWait
    response = self._Send(data)
  File "G:\tools\anaconda1\.venv\lib\site-packages\PyAibote\WindowsBotModel\WinLoadWait.py", line 21, in _Send
    self.request.sendall(data)
OSError: [WinError 10038] 在一个非套接字上尝试了一个操作。

2025-05-26 22:29:55.606755 - ERROR : send/read tcp data error: Traceback (most recent call last):
  File "G:\tools\anaconda1\.venv\lib\site-packages\PyAibote\Tool\SendTcpData.py", line 25, in SendData
    response = self.StarLoadWait(data)
  File "G:\tools\anaconda1\.venv\lib\site-packages\PyAibote\WindowsBotModel\WinLoadWait.py", line 42, in StarLoadWait
    response = self._Send(data)
  File "G:\tools\anaconda1\.venv\lib\site-packages\PyAibote\WindowsBotModel\WinLoadWait.py", line 21, in _Send
    self.request.sendall(data)
OSError: [WinError 10038] 在一个非套接字上尝试了一个操作。

2025-05-26 22:29:55.609266 - ERROR : send/read tcp data error: Traceback (most recent call last):
  File "G:\tools\anaconda1\.venv\lib\site-packages\PyAibote\Tool\SendTcpData.py", line 25, in SendData
    response = self.StarLoadWait(data)
  File "G:\tools\anaconda1\.venv\lib\site-packages\PyAibote\WindowsBotModel\WinLoadWait.py", line 42, in StarLoadWait
    response = self._Send(data)
  File "G:\tools\anaconda1\.venv\lib\site-packages\PyAibote\WindowsBotModel\WinLoadWait.py", line 21, in _Send
    self.request.sendall(data)
OSError: [WinError 10038] 在一个非套接字上尝试了一个操作。

2025-05-26 22:29:55.611770 - ERROR : send/read tcp data error: Traceback (most recent call last):
  File "G:\tools\anaconda1\.venv\lib\site-packages\PyAibote\Tool\SendTcpData.py", line 25, in SendData
    response = self.StarLoadWait(data)
  File "G:\tools\anaconda1\.venv\lib\site-packages\PyAibote\WindowsBotModel\WinLoadWait.py", line 42, in StarLoadWait
    response = self._Send(data)
  File "G:\tools\anaconda1\.venv\lib\site-packages\PyAibote\WindowsBotModel\WinLoadWait.py", line 21, in _Send
    self.request.sendall(data)
OSError: [WinError 10038] 在一个非套接字上尝试了一个操作。

2025-05-26 22:29:55.614763 - ERROR : send/read tcp data error: Traceback (most recent call last):
  File "G:\tools\anaconda1\.venv\lib\site-packages\PyAibote\Tool\SendTcpData.py", line 25, in SendData
    response = self.StarLoadWait(data)
  File "G:\tools\anaconda1\.venv\lib\site-packages\PyAibote\WindowsBotModel\WinLoadWait.py", line 42, in StarLoadWait
    response = self._Send(data)
  File "G:\tools\anaconda1\.venv\lib\site-packages\PyAibote\WindowsBotModel\WinLoadWait.py", line 21, in _Send
    self.request.sendall(data)
OSError: [WinError 10038] 在一个非套接字上尝试了一个操作。

2025-05-26 22:29:55.616757 - ERROR : send/read tcp data error: Traceback (most recent call last):
  File "G:\tools\anaconda1\.venv\lib\site-packages\PyAibote\Tool\SendTcpData.py", line 25, in SendData
    response = self.StarLoadWait(data)
  File "G:\tools\anaconda1\.venv\lib\site-packages\PyAibote\WindowsBotModel\WinLoadWait.py", line 42, in StarLoadWait
    response = self._Send(data)
  File "G:\tools\anaconda1\.venv\lib\site-packages\PyAibote\WindowsBotModel\WinLoadWait.py", line 21, in _Send
    self.request.sendall(data)
OSError: [WinError 10038] 在一个非套接字上尝试了一个操作。

2025-05-26 22:29:55.619438 - ERROR : send/read tcp data error: Traceback (most recent call last):
  File "G:\tools\anaconda1\.venv\lib\site-packages\PyAibote\Tool\SendTcpData.py", line 25, in SendData
    response = self.StarLoadWait(data)
  File "G:\tools\anaconda1\.venv\lib\site-packages\PyAibote\WindowsBotModel\WinLoadWait.py", line 42, in StarLoadWait
    response = self._Send(data)
  File "G:\tools\anaconda1\.venv\lib\site-packages\PyAibote\WindowsBotModel\WinLoadWait.py", line 21, in _Send
    self.request.sendall(data)
OSError: [WinError 10038] 在一个非套接字上尝试了一个操作。

2025-05-26 22:29:55.621940 - ERROR : send/read tcp data error: Traceback (most recent call last):
  File "G:\tools\anaconda1\.venv\lib\site-packages\PyAibote\Tool\SendTcpData.py", line 25, in SendData
    response = self.StarLoadWait(data)
  File "G:\tools\anaconda1\.venv\lib\site-packages\PyAibote\WindowsBotModel\WinLoadWait.py", line 42, in StarLoadWait
    response = self._Send(data)
  File "G:\tools\anaconda1\.venv\lib\site-packages\PyAibote\WindowsBotModel\WinLoadWait.py", line 21, in _Send
    self.request.sendall(data)
OSError: [WinError 10038] 在一个非套接字上尝试了一个操作。

2025-05-26 22:29:55.623935 - ERROR : send/read tcp data error: Traceback (most recent call last):
  File "G:\tools\anaconda1\.venv\lib\site-packages\PyAibote\Tool\SendTcpData.py", line 25, in SendData
    response = self.StarLoadWait(data)
  File "G:\tools\anaconda1\.venv\lib\site-packages\PyAibote\WindowsBotModel\WinLoadWait.py", line 42, in StarLoadWait
    response = self._Send(data)
  File "G:\tools\anaconda1\.venv\lib\site-packages\PyAibote\WindowsBotModel\WinLoadWait.py", line 21, in _Send
    self.request.sendall(data)
OSError: [WinError 10038] 在一个非套接字上尝试了一个操作。

2025-05-26 22:29:55.625930 - ERROR : send/read tcp data error: Traceback (most recent call last):
  File "G:\tools\anaconda1\.venv\lib\site-packages\PyAibote\Tool\SendTcpData.py", line 25, in SendData
    response = self.StarLoadWait(data)
  File "G:\tools\anaconda1\.venv\lib\site-packages\PyAibote\WindowsBotModel\WinLoadWait.py", line 42, in StarLoadWait
    response = self._Send(data)
  File "G:\tools\anaconda1\.venv\lib\site-packages\PyAibote\WindowsBotModel\WinLoadWait.py", line 21, in _Send
    self.request.sendall(data)
OSError: [WinError 10038] 在一个非套接字上尝试了一个操作。

2025-05-26 22:29:55.627925 - ERROR : send/read tcp data error: Traceback (most recent call last):
  File "G:\tools\anaconda1\.venv\lib\site-packages\PyAibote\Tool\SendTcpData.py", line 25, in SendData
    response = self.StarLoadWait(data)
  File "G:\tools\anaconda1\.venv\lib\site-packages\PyAibote\WindowsBotModel\WinLoadWait.py", line 42, in StarLoadWait
    response = self._Send(data)
  File "G:\tools\anaconda1\.venv\lib\site-packages\PyAibote\WindowsBotModel\WinLoadWait.py", line 21, in _Send
    self.request.sendall(data)
OSError: [WinError 10038] 在一个非套接字上尝试了一个操作。

2025-05-26 22:29:55.629958 - ERROR : send/read tcp data error: Traceback (most recent call last):
  File "G:\tools\anaconda1\.venv\lib\site-packages\PyAibote\Tool\SendTcpData.py", line 25, in SendData
    response = self.StarLoadWait(data)
  File "G:\tools\anaconda1\.venv\lib\site-packages\PyAibote\WindowsBotModel\WinLoadWait.py", line 42, in StarLoadWait
    response = self._Send(data)
  File "G:\tools\anaconda1\.venv\lib\site-packages\PyAibote\WindowsBotModel\WinLoadWait.py", line 21, in _Send
    self.request.sendall(data)
OSError: [WinError 10038] 在一个非套接字上尝试了一个操作。

2025-05-26 22:29:55.631943 - ERROR : send/read tcp data error: Traceback (most recent call last):
  File "G:\tools\anaconda1\.venv\lib\site-packages\PyAibote\Tool\SendTcpData.py", line 25, in SendData
    response = self.StarLoadWait(data)
  File "G:\tools\anaconda1\.venv\lib\site-packages\PyAibote\WindowsBotModel\WinLoadWait.py", line 42, in StarLoadWait
    response = self._Send(data)
  File "G:\tools\anaconda1\.venv\lib\site-packages\PyAibote\WindowsBotModel\WinLoadWait.py", line 21, in _Send
    self.request.sendall(data)
OSError: [WinError 10038] 在一个非套接字上尝试了一个操作。

2025-05-26 22:29:55.633938 - ERROR : send/read tcp data error: Traceback (most recent call last):
  File "G:\tools\anaconda1\.venv\lib\site-packages\PyAibote\Tool\SendTcpData.py", line 25, in SendData
    response = self.StarLoadWait(data)
  File "G:\tools\anaconda1\.venv\lib\site-packages\PyAibote\WindowsBotModel\WinLoadWait.py", line 42, in StarLoadWait
    response = self._Send(data)
  File "G:\tools\anaconda1\.venv\lib\site-packages\PyAibote\WindowsBotModel\WinLoadWait.py", line 21, in _Send
    self.request.sendall(data)
OSError: [WinError 10038] 在一个非套接字上尝试了一个操作。

2025-05-26 22:29:55.636931 - ERROR : send/read tcp data error: Traceback (most recent call last):
  File "G:\tools\anaconda1\.venv\lib\site-packages\PyAibote\Tool\SendTcpData.py", line 25, in SendData
    response = self.StarLoadWait(data)
  File "G:\tools\anaconda1\.venv\lib\site-packages\PyAibote\WindowsBotModel\WinLoadWait.py", line 42, in StarLoadWait
    response = self._Send(data)
  File "G:\tools\anaconda1\.venv\lib\site-packages\PyAibote\WindowsBotModel\WinLoadWait.py", line 21, in _Send
    self.request.sendall(data)
OSError: [WinError 10038] 在一个非套接字上尝试了一个操作。

2025-05-26 22:29:55.638925 - ERROR : send/read tcp data error: Traceback (most recent call last):
  File "G:\tools\anaconda1\.venv\lib\site-packages\PyAibote\Tool\SendTcpData.py", line 25, in SendData
    response = self.StarLoadWait(data)
  File "G:\tools\anaconda1\.venv\lib\site-packages\PyAibote\WindowsBotModel\WinLoadWait.py", line 42, in StarLoadWait
    response = self._Send(data)
  File "G:\tools\anaconda1\.venv\lib\site-packages\PyAibote\WindowsBotModel\WinLoadWait.py", line 21, in _Send
    self.request.sendall(data)
OSError: [WinError 10038] 在一个非套接字上尝试了一个操作。

2025-05-26 22:29:55.642954 - ERROR : send/read tcp data error: Traceback (most recent call last):
  File "G:\tools\anaconda1\.venv\lib\site-packages\PyAibote\Tool\SendTcpData.py", line 25, in SendData
    response = self.StarLoadWait(data)
  File "G:\tools\anaconda1\.venv\lib\site-packages\PyAibote\WindowsBotModel\WinLoadWait.py", line 42, in StarLoadWait
    response = self._Send(data)
  File "G:\tools\anaconda1\.venv\lib\site-packages\PyAibote\WindowsBotModel\WinLoadWait.py", line 21, in _Send
    self.request.sendall(data)
OSError: [WinError 10038] 在一个非套接字上尝试了一个操作。

2025-05-26 22:29:55.644949 - ERROR : send/read tcp data error: Traceback (most recent call last):
  File "G:\tools\anaconda1\.venv\lib\site-packages\PyAibote\Tool\SendTcpData.py", line 25, in SendData
    response = self.StarLoadWait(data)
  File "G:\tools\anaconda1\.venv\lib\site-packages\PyAibote\WindowsBotModel\WinLoadWait.py", line 42, in StarLoadWait
    response = self._Send(data)
  File "G:\tools\anaconda1\.venv\lib\site-packages\PyAibote\WindowsBotModel\WinLoadWait.py", line 21, in _Send
    self.request.sendall(data)
OSError: [WinError 10038] 在一个非套接字上尝试了一个操作。

2025-05-26 22:29:55.646944 - ERROR : send/read tcp data error: Traceback (most recent call last):
  File "G:\tools\anaconda1\.venv\lib\site-packages\PyAibote\Tool\SendTcpData.py", line 25, in SendData
    response = self.StarLoadWait(data)
  File "G:\tools\anaconda1\.venv\lib\site-packages\PyAibote\WindowsBotModel\WinLoadWait.py", line 42, in StarLoadWait
    response = self._Send(data)
  File "G:\tools\anaconda1\.venv\lib\site-packages\PyAibote\WindowsBotModel\WinLoadWait.py", line 21, in _Send
    self.request.sendall(data)
OSError: [WinError 10038] 在一个非套接字上尝试了一个操作。

2025-05-26 22:29:55.649980 - ERROR : send/read tcp data error: Traceback (most recent call last):
  File "G:\tools\anaconda1\.venv\lib\site-packages\PyAibote\Tool\SendTcpData.py", line 25, in SendData
    response = self.StarLoadWait(data)
  File "G:\tools\anaconda1\.venv\lib\site-packages\PyAibote\WindowsBotModel\WinLoadWait.py", line 42, in StarLoadWait
    response = self._Send(data)
  File "G:\tools\anaconda1\.venv\lib\site-packages\PyAibote\WindowsBotModel\WinLoadWait.py", line 21, in _Send
    self.request.sendall(data)
OSError: [WinError 10038] 在一个非套接字上尝试了一个操作。

2025-05-26 22:29:55.651966 - ERROR : send/read tcp data error: Traceback (most recent call last):
  File "G:\tools\anaconda1\.venv\lib\site-packages\PyAibote\Tool\SendTcpData.py", line 25, in SendData
    response = self.StarLoadWait(data)
  File "G:\tools\anaconda1\.venv\lib\site-packages\PyAibote\WindowsBotModel\WinLoadWait.py", line 42, in StarLoadWait
    response = self._Send(data)
  File "G:\tools\anaconda1\.venv\lib\site-packages\PyAibote\WindowsBotModel\WinLoadWait.py", line 21, in _Send
    self.request.sendall(data)
OSError: [WinError 10038] 在一个非套接字上尝试了一个操作。

2025-05-26 22:29:55.653961 - ERROR : send/read tcp data error: Traceback (most recent call last):
  File "G:\tools\anaconda1\.venv\lib\site-packages\PyAibote\Tool\SendTcpData.py", line 25, in SendData
    response = self.StarLoadWait(data)
  File "G:\tools\anaconda1\.venv\lib\site-packages\PyAibote\WindowsBotModel\WinLoadWait.py", line 42, in StarLoadWait
    response = self._Send(data)
  File "G:\tools\anaconda1\.venv\lib\site-packages\PyAibote\WindowsBotModel\WinLoadWait.py", line 21, in _Send
    self.request.sendall(data)
OSError: [WinError 10038] 在一个非套接字上尝试了一个操作。

2025-05-26 22:29:55.655956 - ERROR : send/read tcp data error: Traceback (most recent call last):
  File "G:\tools\anaconda1\.venv\lib\site-packages\PyAibote\Tool\SendTcpData.py", line 25, in SendData
    response = self.StarLoadWait(data)
  File "G:\tools\anaconda1\.venv\lib\site-packages\PyAibote\WindowsBotModel\WinLoadWait.py", line 42, in StarLoadWait
    response = self._Send(data)
  File "G:\tools\anaconda1\.venv\lib\site-packages\PyAibote\WindowsBotModel\WinLoadWait.py", line 21, in _Send
    self.request.sendall(data)
OSError: [WinError 10038] 在一个非套接字上尝试了一个操作。

2025-05-26 22:29:55.657951 - ERROR : send/read tcp data error: Traceback (most recent call last):
  File "G:\tools\anaconda1\.venv\lib\site-packages\PyAibote\Tool\SendTcpData.py", line 25, in SendData
    response = self.StarLoadWait(data)
  File "G:\tools\anaconda1\.venv\lib\site-packages\PyAibote\WindowsBotModel\WinLoadWait.py", line 42, in StarLoadWait
    response = self._Send(data)
  File "G:\tools\anaconda1\.venv\lib\site-packages\PyAibote\WindowsBotModel\WinLoadWait.py", line 21, in _Send
    self.request.sendall(data)
OSError: [WinError 10038] 在一个非套接字上尝试了一个操作。

2025-05-26 22:29:55.659975 - ERROR : send/read tcp data error: Traceback (most recent call last):
  File "G:\tools\anaconda1\.venv\lib\site-packages\PyAibote\Tool\SendTcpData.py", line 25, in SendData
    response = self.StarLoadWait(data)
  File "G:\tools\anaconda1\.venv\lib\site-packages\PyAibote\WindowsBotModel\WinLoadWait.py", line 42, in StarLoadWait
    response = self._Send(data)
  File "G:\tools\anaconda1\.venv\lib\site-packages\PyAibote\WindowsBotModel\WinLoadWait.py", line 21, in _Send
    self.request.sendall(data)
OSError: [WinError 10038] 在一个非套接字上尝试了一个操作。

2025-05-26 22:29:55.661965 - ERROR : send/read tcp data error: Traceback (most recent call last):
  File "G:\tools\anaconda1\.venv\lib\site-packages\PyAibote\Tool\SendTcpData.py", line 25, in SendData
    response = self.StarLoadWait(data)
  File "G:\tools\anaconda1\.venv\lib\site-packages\PyAibote\WindowsBotModel\WinLoadWait.py", line 42, in StarLoadWait
    response = self._Send(data)
  File "G:\tools\anaconda1\.venv\lib\site-packages\PyAibote\WindowsBotModel\WinLoadWait.py", line 21, in _Send
    self.request.sendall(data)
OSError: [WinError 10038] 在一个非套接字上尝试了一个操作。

2025-05-26 22:29:55.663960 - ERROR : send/read tcp data error: Traceback (most recent call last):
  File "G:\tools\anaconda1\.venv\lib\site-packages\PyAibote\Tool\SendTcpData.py", line 25, in SendData
    response = self.StarLoadWait(data)
  File "G:\tools\anaconda1\.venv\lib\site-packages\PyAibote\WindowsBotModel\WinLoadWait.py", line 42, in StarLoadWait
    response = self._Send(data)
  File "G:\tools\anaconda1\.venv\lib\site-packages\PyAibote\WindowsBotModel\WinLoadWait.py", line 21, in _Send
    self.request.sendall(data)
OSError: [WinError 10038] 在一个非套接字上尝试了一个操作。

2025-05-26 22:29:55.665955 - ERROR : send/read tcp data error: Traceback (most recent call last):
  File "G:\tools\anaconda1\.venv\lib\site-packages\PyAibote\Tool\SendTcpData.py", line 25, in SendData
    response = self.StarLoadWait(data)
  File "G:\tools\anaconda1\.venv\lib\site-packages\PyAibote\WindowsBotModel\WinLoadWait.py", line 42, in StarLoadWait
    response = self._Send(data)
  File "G:\tools\anaconda1\.venv\lib\site-packages\PyAibote\WindowsBotModel\WinLoadWait.py", line 21, in _Send
    self.request.sendall(data)
OSError: [WinError 10038] 在一个非套接字上尝试了一个操作。

2025-05-26 22:29:55.667949 - ERROR : send/read tcp data error: Traceback (most recent call last):
  File "G:\tools\anaconda1\.venv\lib\site-packages\PyAibote\Tool\SendTcpData.py", line 25, in SendData
    response = self.StarLoadWait(data)
  File "G:\tools\anaconda1\.venv\lib\site-packages\PyAibote\WindowsBotModel\WinLoadWait.py", line 42, in StarLoadWait
    response = self._Send(data)
  File "G:\tools\anaconda1\.venv\lib\site-packages\PyAibote\WindowsBotModel\WinLoadWait.py", line 21, in _Send
    self.request.sendall(data)
OSError: [WinError 10038] 在一个非套接字上尝试了一个操作。

2025-05-26 22:29:55.669977 - ERROR : send/read tcp data error: Traceback (most recent call last):
  File "G:\tools\anaconda1\.venv\lib\site-packages\PyAibote\Tool\SendTcpData.py", line 25, in SendData
    response = self.StarLoadWait(data)
  File "G:\tools\anaconda1\.venv\lib\site-packages\PyAibote\WindowsBotModel\WinLoadWait.py", line 42, in StarLoadWait
    response = self._Send(data)
  File "G:\tools\anaconda1\.venv\lib\site-packages\PyAibote\WindowsBotModel\WinLoadWait.py", line 21, in _Send
    self.request.sendall(data)
OSError: [WinError 10038] 在一个非套接字上尝试了一个操作。

2025-05-26 22:29:55.671964 - ERROR : send/read tcp data error: Traceback (most recent call last):
  File "G:\tools\anaconda1\.venv\lib\site-packages\PyAibote\Tool\SendTcpData.py", line 25, in SendData
    response = self.StarLoadWait(data)
  File "G:\tools\anaconda1\.venv\lib\site-packages\PyAibote\WindowsBotModel\WinLoadWait.py", line 42, in StarLoadWait
    response = self._Send(data)
  File "G:\tools\anaconda1\.venv\lib\site-packages\PyAibote\WindowsBotModel\WinLoadWait.py", line 21, in _Send
    self.request.sendall(data)
OSError: [WinError 10038] 在一个非套接字上尝试了一个操作。

2025-05-26 22:29:55.694951 - ERROR : send/read tcp data error: Traceback (most recent call last):
  File "G:\tools\anaconda1\.venv\lib\site-packages\PyAibote\Tool\SendTcpData.py", line 25, in SendData
    response = self.StarLoadWait(data)
  File "G:\tools\anaconda1\.venv\lib\site-packages\PyAibote\WindowsBotModel\WinLoadWait.py", line 42, in StarLoadWait
    response = self._Send(data)
  File "G:\tools\anaconda1\.venv\lib\site-packages\PyAibote\WindowsBotModel\WinLoadWait.py", line 21, in _Send
    self.request.sendall(data)
OSError: [WinError 10038] 在一个非套接字上尝试了一个操作。

2025-05-26 22:29:55.696945 - ERROR : send/read tcp data error: Traceback (most recent call last):
  File "G:\tools\anaconda1\.venv\lib\site-packages\PyAibote\Tool\SendTcpData.py", line 25, in SendData
    response = self.StarLoadWait(data)
  File "G:\tools\anaconda1\.venv\lib\site-packages\PyAibote\WindowsBotModel\WinLoadWait.py", line 42, in StarLoadWait
    response = self._Send(data)
  File "G:\tools\anaconda1\.venv\lib\site-packages\PyAibote\WindowsBotModel\WinLoadWait.py", line 21, in _Send
    self.request.sendall(data)
OSError: [WinError 10038] 在一个非套接字上尝试了一个操作。

2025-05-26 22:29:55.699455 - ERROR : send/read tcp data error: Traceback (most recent call last):
  File "G:\tools\anaconda1\.venv\lib\site-packages\PyAibote\Tool\SendTcpData.py", line 25, in SendData
    response = self.StarLoadWait(data)
  File "G:\tools\anaconda1\.venv\lib\site-packages\PyAibote\WindowsBotModel\WinLoadWait.py", line 42, in StarLoadWait
    response = self._Send(data)
  File "G:\tools\anaconda1\.venv\lib\site-packages\PyAibote\WindowsBotModel\WinLoadWait.py", line 21, in _Send
    self.request.sendall(data)
OSError: [WinError 10038] 在一个非套接字上尝试了一个操作。

2025-05-26 22:29:55.700958 - ERROR : send/read tcp data error: Traceback (most recent call last):
  File "G:\tools\anaconda1\.venv\lib\site-packages\PyAibote\Tool\SendTcpData.py", line 25, in SendData
    response = self.StarLoadWait(data)
  File "G:\tools\anaconda1\.venv\lib\site-packages\PyAibote\WindowsBotModel\WinLoadWait.py", line 42, in StarLoadWait
    response = self._Send(data)
  File "G:\tools\anaconda1\.venv\lib\site-packages\PyAibote\WindowsBotModel\WinLoadWait.py", line 21, in _Send
    self.request.sendall(data)
OSError: [WinError 10038] 在一个非套接字上尝试了一个操作。

2025-05-26 22:29:55.702953 - ERROR : send/read tcp data error: Traceback (most recent call last):
  File "G:\tools\anaconda1\.venv\lib\site-packages\PyAibote\Tool\SendTcpData.py", line 25, in SendData
    response = self.StarLoadWait(data)
  File "G:\tools\anaconda1\.venv\lib\site-packages\PyAibote\WindowsBotModel\WinLoadWait.py", line 42, in StarLoadWait
    response = self._Send(data)
  File "G:\tools\anaconda1\.venv\lib\site-packages\PyAibote\WindowsBotModel\WinLoadWait.py", line 21, in _Send
    self.request.sendall(data)
OSError: [WinError 10038] 在一个非套接字上尝试了一个操作。

2025-05-26 22:29:55.704948 - ERROR : send/read tcp data error: Traceback (most recent call last):
  File "G:\tools\anaconda1\.venv\lib\site-packages\PyAibote\Tool\SendTcpData.py", line 25, in SendData
    response = self.StarLoadWait(data)
  File "G:\tools\anaconda1\.venv\lib\site-packages\PyAibote\WindowsBotModel\WinLoadWait.py", line 42, in StarLoadWait
    response = self._Send(data)
  File "G:\tools\anaconda1\.venv\lib\site-packages\PyAibote\WindowsBotModel\WinLoadWait.py", line 21, in _Send
    self.request.sendall(data)
OSError: [WinError 10038] 在一个非套接字上尝试了一个操作。

2025-05-26 22:29:55.707941 - ERROR : send/read tcp data error: Traceback (most recent call last):
  File "G:\tools\anaconda1\.venv\lib\site-packages\PyAibote\Tool\SendTcpData.py", line 25, in SendData
    response = self.StarLoadWait(data)
  File "G:\tools\anaconda1\.venv\lib\site-packages\PyAibote\WindowsBotModel\WinLoadWait.py", line 42, in StarLoadWait
    response = self._Send(data)
  File "G:\tools\anaconda1\.venv\lib\site-packages\PyAibote\WindowsBotModel\WinLoadWait.py", line 21, in _Send
    self.request.sendall(data)
OSError: [WinError 10038] 在一个非套接字上尝试了一个操作。

2025-05-26 22:29:55.709966 - ERROR : send/read tcp data error: Traceback (most recent call last):
  File "G:\tools\anaconda1\.venv\lib\site-packages\PyAibote\Tool\SendTcpData.py", line 25, in SendData
    response = self.StarLoadWait(data)
  File "G:\tools\anaconda1\.venv\lib\site-packages\PyAibote\WindowsBotModel\WinLoadWait.py", line 42, in StarLoadWait
    response = self._Send(data)
  File "G:\tools\anaconda1\.venv\lib\site-packages\PyAibote\WindowsBotModel\WinLoadWait.py", line 21, in _Send
    self.request.sendall(data)
OSError: [WinError 10038] 在一个非套接字上尝试了一个操作。

2025-05-26 22:29:55.737932 - ERROR : send/read tcp data error: Traceback (most recent call last):
  File "G:\tools\anaconda1\.venv\lib\site-packages\PyAibote\Tool\SendTcpData.py", line 25, in SendData
    response = self.StarLoadWait(data)
  File "G:\tools\anaconda1\.venv\lib\site-packages\PyAibote\WindowsBotModel\WinLoadWait.py", line 42, in StarLoadWait
    response = self._Send(data)
  File "G:\tools\anaconda1\.venv\lib\site-packages\PyAibote\WindowsBotModel\WinLoadWait.py", line 21, in _Send
    self.request.sendall(data)
OSError: [WinError 10038] 在一个非套接字上尝试了一个操作。

2025-05-26 22:29:55.739956 - ERROR : send/read tcp data error: Traceback (most recent call last):
  File "G:\tools\anaconda1\.venv\lib\site-packages\PyAibote\Tool\SendTcpData.py", line 25, in SendData
    response = self.StarLoadWait(data)
  File "G:\tools\anaconda1\.venv\lib\site-packages\PyAibote\WindowsBotModel\WinLoadWait.py", line 42, in StarLoadWait
    response = self._Send(data)
  File "G:\tools\anaconda1\.venv\lib\site-packages\PyAibote\WindowsBotModel\WinLoadWait.py", line 21, in _Send
    self.request.sendall(data)
OSError: [WinError 10038] 在一个非套接字上尝试了一个操作。

2025-05-26 22:29:55.741946 - ERROR : send/read tcp data error: Traceback (most recent call last):
  File "G:\tools\anaconda1\.venv\lib\site-packages\PyAibote\Tool\SendTcpData.py", line 25, in SendData
    response = self.StarLoadWait(data)
  File "G:\tools\anaconda1\.venv\lib\site-packages\PyAibote\WindowsBotModel\WinLoadWait.py", line 42, in StarLoadWait
    response = self._Send(data)
  File "G:\tools\anaconda1\.venv\lib\site-packages\PyAibote\WindowsBotModel\WinLoadWait.py", line 21, in _Send
    self.request.sendall(data)
OSError: [WinError 10038] 在一个非套接字上尝试了一个操作。

2025-05-26 22:29:55.743941 - ERROR : send/read tcp data error: Traceback (most recent call last):
  File "G:\tools\anaconda1\.venv\lib\site-packages\PyAibote\Tool\SendTcpData.py", line 25, in SendData
    response = self.StarLoadWait(data)
  File "G:\tools\anaconda1\.venv\lib\site-packages\PyAibote\WindowsBotModel\WinLoadWait.py", line 42, in StarLoadWait
    response = self._Send(data)
  File "G:\tools\anaconda1\.venv\lib\site-packages\PyAibote\WindowsBotModel\WinLoadWait.py", line 21, in _Send
    self.request.sendall(data)
OSError: [WinError 10038] 在一个非套接字上尝试了一个操作。

2025-05-26 22:29:55.745935 - ERROR : send/read tcp data error: Traceback (most recent call last):
  File "G:\tools\anaconda1\.venv\lib\site-packages\PyAibote\Tool\SendTcpData.py", line 25, in SendData
    response = self.StarLoadWait(data)
  File "G:\tools\anaconda1\.venv\lib\site-packages\PyAibote\WindowsBotModel\WinLoadWait.py", line 42, in StarLoadWait
    response = self._Send(data)
  File "G:\tools\anaconda1\.venv\lib\site-packages\PyAibote\WindowsBotModel\WinLoadWait.py", line 21, in _Send
    self.request.sendall(data)
OSError: [WinError 10038] 在一个非套接字上尝试了一个操作。

2025-05-26 22:29:55.760947 - ERROR : send/read tcp data error: Traceback (most recent call last):
  File "G:\tools\anaconda1\.venv\lib\site-packages\PyAibote\Tool\SendTcpData.py", line 25, in SendData
    response = self.StarLoadWait(data)
  File "G:\tools\anaconda1\.venv\lib\site-packages\PyAibote\WindowsBotModel\WinLoadWait.py", line 42, in StarLoadWait
    response = self._Send(data)
  File "G:\tools\anaconda1\.venv\lib\site-packages\PyAibote\WindowsBotModel\WinLoadWait.py", line 21, in _Send
    self.request.sendall(data)
OSError: [WinError 10038] 在一个非套接字上尝试了一个操作。

2025-05-26 22:29:55.763940 - ERROR : send/read tcp data error: Traceback (most recent call last):
  File "G:\tools\anaconda1\.venv\lib\site-packages\PyAibote\Tool\SendTcpData.py", line 25, in SendData
    response = self.StarLoadWait(data)
  File "G:\tools\anaconda1\.venv\lib\site-packages\PyAibote\WindowsBotModel\WinLoadWait.py", line 42, in StarLoadWait
    response = self._Send(data)
  File "G:\tools\anaconda1\.venv\lib\site-packages\PyAibote\WindowsBotModel\WinLoadWait.py", line 21, in _Send
    self.request.sendall(data)
OSError: [WinError 10038] 在一个非套接字上尝试了一个操作。

2025-05-26 22:29:55.765935 - ERROR : send/read tcp data error: Traceback (most recent call last):
  File "G:\tools\anaconda1\.venv\lib\site-packages\PyAibote\Tool\SendTcpData.py", line 25, in SendData
    response = self.StarLoadWait(data)
  File "G:\tools\anaconda1\.venv\lib\site-packages\PyAibote\WindowsBotModel\WinLoadWait.py", line 42, in StarLoadWait
    response = self._Send(data)
  File "G:\tools\anaconda1\.venv\lib\site-packages\PyAibote\WindowsBotModel\WinLoadWait.py", line 21, in _Send
    self.request.sendall(data)
OSError: [WinError 10038] 在一个非套接字上尝试了一个操作。

2025-05-26 22:29:55.767930 - ERROR : send/read tcp data error: Traceback (most recent call last):
  File "G:\tools\anaconda1\.venv\lib\site-packages\PyAibote\Tool\SendTcpData.py", line 25, in SendData
    response = self.StarLoadWait(data)
  File "G:\tools\anaconda1\.venv\lib\site-packages\PyAibote\WindowsBotModel\WinLoadWait.py", line 42, in StarLoadWait
    response = self._Send(data)
  File "G:\tools\anaconda1\.venv\lib\site-packages\PyAibote\WindowsBotModel\WinLoadWait.py", line 21, in _Send
    self.request.sendall(data)
OSError: [WinError 10038] 在一个非套接字上尝试了一个操作。

2025-05-26 22:29:55.770977 - ERROR : send/read tcp data error: Traceback (most recent call last):
  File "G:\tools\anaconda1\.venv\lib\site-packages\PyAibote\Tool\SendTcpData.py", line 25, in SendData
    response = self.StarLoadWait(data)
  File "G:\tools\anaconda1\.venv\lib\site-packages\PyAibote\WindowsBotModel\WinLoadWait.py", line 42, in StarLoadWait
    response = self._Send(data)
  File "G:\tools\anaconda1\.venv\lib\site-packages\PyAibote\WindowsBotModel\WinLoadWait.py", line 21, in _Send
    self.request.sendall(data)
OSError: [WinError 10038] 在一个非套接字上尝试了一个操作。

2025-05-26 22:29:55.774967 - ERROR : send/read tcp data error: Traceback (most recent call last):
  File "G:\tools\anaconda1\.venv\lib\site-packages\PyAibote\Tool\SendTcpData.py", line 25, in SendData
    response = self.StarLoadWait(data)
  File "G:\tools\anaconda1\.venv\lib\site-packages\PyAibote\WindowsBotModel\WinLoadWait.py", line 42, in StarLoadWait
    response = self._Send(data)
  File "G:\tools\anaconda1\.venv\lib\site-packages\PyAibote\WindowsBotModel\WinLoadWait.py", line 21, in _Send
    self.request.sendall(data)
OSError: [WinError 10038] 在一个非套接字上尝试了一个操作。

2025-05-26 22:29:55.776961 - ERROR : send/read tcp data error: Traceback (most recent call last):
  File "G:\tools\anaconda1\.venv\lib\site-packages\PyAibote\Tool\SendTcpData.py", line 25, in SendData
    response = self.StarLoadWait(data)
  File "G:\tools\anaconda1\.venv\lib\site-packages\PyAibote\WindowsBotModel\WinLoadWait.py", line 42, in StarLoadWait
    response = self._Send(data)
  File "G:\tools\anaconda1\.venv\lib\site-packages\PyAibote\WindowsBotModel\WinLoadWait.py", line 21, in _Send
    self.request.sendall(data)
OSError: [WinError 10038] 在一个非套接字上尝试了一个操作。

2025-05-26 22:29:55.779483 - ERROR : send/read tcp data error: Traceback (most recent call last):
  File "G:\tools\anaconda1\.venv\lib\site-packages\PyAibote\Tool\SendTcpData.py", line 25, in SendData
    response = self.StarLoadWait(data)
  File "G:\tools\anaconda1\.venv\lib\site-packages\PyAibote\WindowsBotModel\WinLoadWait.py", line 42, in StarLoadWait
    response = self._Send(data)
  File "G:\tools\anaconda1\.venv\lib\site-packages\PyAibote\WindowsBotModel\WinLoadWait.py", line 21, in _Send
    self.request.sendall(data)
OSError: [WinError 10038] 在一个非套接字上尝试了一个操作。

2025-05-26 22:29:55.781985 - ERROR : send/read tcp data error: Traceback (most recent call last):
  File "G:\tools\anaconda1\.venv\lib\site-packages\PyAibote\Tool\SendTcpData.py", line 25, in SendData
    response = self.StarLoadWait(data)
  File "G:\tools\anaconda1\.venv\lib\site-packages\PyAibote\WindowsBotModel\WinLoadWait.py", line 42, in StarLoadWait
    response = self._Send(data)
  File "G:\tools\anaconda1\.venv\lib\site-packages\PyAibote\WindowsBotModel\WinLoadWait.py", line 21, in _Send
    self.request.sendall(data)
OSError: [WinError 10038] 在一个非套接字上尝试了一个操作。

2025-05-26 22:29:55.783980 - ERROR : send/read tcp data error: Traceback (most recent call last):
  File "G:\tools\anaconda1\.venv\lib\site-packages\PyAibote\Tool\SendTcpData.py", line 25, in SendData
    response = self.StarLoadWait(data)
  File "G:\tools\anaconda1\.venv\lib\site-packages\PyAibote\WindowsBotModel\WinLoadWait.py", line 42, in StarLoadWait
    response = self._Send(data)
  File "G:\tools\anaconda1\.venv\lib\site-packages\PyAibote\WindowsBotModel\WinLoadWait.py", line 21, in _Send
    self.request.sendall(data)
OSError: [WinError 10038] 在一个非套接字上尝试了一个操作。

2025-05-26 22:29:55.793983 - ERROR : send/read tcp data error: Traceback (most recent call last):
  File "G:\tools\anaconda1\.venv\lib\site-packages\PyAibote\Tool\SendTcpData.py", line 25, in SendData
    response = self.StarLoadWait(data)
  File "G:\tools\anaconda1\.venv\lib\site-packages\PyAibote\WindowsBotModel\WinLoadWait.py", line 42, in StarLoadWait
    response = self._Send(data)
  File "G:\tools\anaconda1\.venv\lib\site-packages\PyAibote\WindowsBotModel\WinLoadWait.py", line 21, in _Send
    self.request.sendall(data)
OSError: [WinError 10038] 在一个非套接字上尝试了一个操作。

2025-05-26 22:29:55.796975 - ERROR : send/read tcp data error: Traceback (most recent call last):
  File "G:\tools\anaconda1\.venv\lib\site-packages\PyAibote\Tool\SendTcpData.py", line 25, in SendData
    response = self.StarLoadWait(data)
  File "G:\tools\anaconda1\.venv\lib\site-packages\PyAibote\WindowsBotModel\WinLoadWait.py", line 42, in StarLoadWait
    response = self._Send(data)
  File "G:\tools\anaconda1\.venv\lib\site-packages\PyAibote\WindowsBotModel\WinLoadWait.py", line 21, in _Send
    self.request.sendall(data)
OSError: [WinError 10038] 在一个非套接字上尝试了一个操作。

2025-05-26 22:29:55.798969 - ERROR : send/read tcp data error: Traceback (most recent call last):
  File "G:\tools\anaconda1\.venv\lib\site-packages\PyAibote\Tool\SendTcpData.py", line 25, in SendData
    response = self.StarLoadWait(data)
  File "G:\tools\anaconda1\.venv\lib\site-packages\PyAibote\WindowsBotModel\WinLoadWait.py", line 42, in StarLoadWait
    response = self._Send(data)
  File "G:\tools\anaconda1\.venv\lib\site-packages\PyAibote\WindowsBotModel\WinLoadWait.py", line 21, in _Send
    self.request.sendall(data)
OSError: [WinError 10038] 在一个非套接字上尝试了一个操作。

2025-05-26 22:29:55.800998 - ERROR : send/read tcp data error: Traceback (most recent call last):
  File "G:\tools\anaconda1\.venv\lib\site-packages\PyAibote\Tool\SendTcpData.py", line 25, in SendData
    response = self.StarLoadWait(data)
  File "G:\tools\anaconda1\.venv\lib\site-packages\PyAibote\WindowsBotModel\WinLoadWait.py", line 42, in StarLoadWait
    response = self._Send(data)
  File "G:\tools\anaconda1\.venv\lib\site-packages\PyAibote\WindowsBotModel\WinLoadWait.py", line 21, in _Send
    self.request.sendall(data)
OSError: [WinError 10038] 在一个非套接字上尝试了一个操作。

2025-05-26 22:29:55.803991 - ERROR : send/read tcp data error: Traceback (most recent call last):
  File "G:\tools\anaconda1\.venv\lib\site-packages\PyAibote\Tool\SendTcpData.py", line 25, in SendData
    response = self.StarLoadWait(data)
  File "G:\tools\anaconda1\.venv\lib\site-packages\PyAibote\WindowsBotModel\WinLoadWait.py", line 42, in StarLoadWait
    response = self._Send(data)
  File "G:\tools\anaconda1\.venv\lib\site-packages\PyAibote\WindowsBotModel\WinLoadWait.py", line 21, in _Send
    self.request.sendall(data)
OSError: [WinError 10038] 在一个非套接字上尝试了一个操作。

2025-05-26 22:29:55.806982 - ERROR : send/read tcp data error: Traceback (most recent call last):
  File "G:\tools\anaconda1\.venv\lib\site-packages\PyAibote\Tool\SendTcpData.py", line 25, in SendData
    response = self.StarLoadWait(data)
  File "G:\tools\anaconda1\.venv\lib\site-packages\PyAibote\WindowsBotModel\WinLoadWait.py", line 42, in StarLoadWait
    response = self._Send(data)
  File "G:\tools\anaconda1\.venv\lib\site-packages\PyAibote\WindowsBotModel\WinLoadWait.py", line 21, in _Send
    self.request.sendall(data)
OSError: [WinError 10038] 在一个非套接字上尝试了一个操作。

2025-05-26 22:29:55.808977 - ERROR : send/read tcp data error: Traceback (most recent call last):
  File "G:\tools\anaconda1\.venv\lib\site-packages\PyAibote\Tool\SendTcpData.py", line 25, in SendData
    response = self.StarLoadWait(data)
  File "G:\tools\anaconda1\.venv\lib\site-packages\PyAibote\WindowsBotModel\WinLoadWait.py", line 42, in StarLoadWait
    response = self._Send(data)
  File "G:\tools\anaconda1\.venv\lib\site-packages\PyAibote\WindowsBotModel\WinLoadWait.py", line 21, in _Send
    self.request.sendall(data)
OSError: [WinError 10038] 在一个非套接字上尝试了一个操作。

2025-05-26 22:29:55.810997 - ERROR : send/read tcp data error: Traceback (most recent call last):
  File "G:\tools\anaconda1\.venv\lib\site-packages\PyAibote\Tool\SendTcpData.py", line 25, in SendData
    response = self.StarLoadWait(data)
  File "G:\tools\anaconda1\.venv\lib\site-packages\PyAibote\WindowsBotModel\WinLoadWait.py", line 42, in StarLoadWait
    response = self._Send(data)
  File "G:\tools\anaconda1\.venv\lib\site-packages\PyAibote\WindowsBotModel\WinLoadWait.py", line 21, in _Send
    self.request.sendall(data)
OSError: [WinError 10038] 在一个非套接字上尝试了一个操作。

2025-05-26 22:29:55.813989 - ERROR : send/read tcp data error: Traceback (most recent call last):
  File "G:\tools\anaconda1\.venv\lib\site-packages\PyAibote\Tool\SendTcpData.py", line 25, in SendData
    response = self.StarLoadWait(data)
  File "G:\tools\anaconda1\.venv\lib\site-packages\PyAibote\WindowsBotModel\WinLoadWait.py", line 42, in StarLoadWait
    response = self._Send(data)
  File "G:\tools\anaconda1\.venv\lib\site-packages\PyAibote\WindowsBotModel\WinLoadWait.py", line 21, in _Send
    self.request.sendall(data)
OSError: [WinError 10038] 在一个非套接字上尝试了一个操作。

2025-05-26 22:29:55.815983 - ERROR : send/read tcp data error: Traceback (most recent call last):
  File "G:\tools\anaconda1\.venv\lib\site-packages\PyAibote\Tool\SendTcpData.py", line 25, in SendData
    response = self.StarLoadWait(data)
  File "G:\tools\anaconda1\.venv\lib\site-packages\PyAibote\WindowsBotModel\WinLoadWait.py", line 42, in StarLoadWait
    response = self._Send(data)
  File "G:\tools\anaconda1\.venv\lib\site-packages\PyAibote\WindowsBotModel\WinLoadWait.py", line 21, in _Send
    self.request.sendall(data)
OSError: [WinError 10038] 在一个非套接字上尝试了一个操作。

2025-05-26 22:29:55.818976 - ERROR : send/read tcp data error: Traceback (most recent call last):
  File "G:\tools\anaconda1\.venv\lib\site-packages\PyAibote\Tool\SendTcpData.py", line 25, in SendData
    response = self.StarLoadWait(data)
  File "G:\tools\anaconda1\.venv\lib\site-packages\PyAibote\WindowsBotModel\WinLoadWait.py", line 42, in StarLoadWait
    response = self._Send(data)
  File "G:\tools\anaconda1\.venv\lib\site-packages\PyAibote\WindowsBotModel\WinLoadWait.py", line 21, in _Send
    self.request.sendall(data)
OSError: [WinError 10038] 在一个非套接字上尝试了一个操作。

2025-05-26 22:29:55.820997 - ERROR : send/read tcp data error: Traceback (most recent call last):
  File "G:\tools\anaconda1\.venv\lib\site-packages\PyAibote\Tool\SendTcpData.py", line 25, in SendData
    response = self.StarLoadWait(data)
  File "G:\tools\anaconda1\.venv\lib\site-packages\PyAibote\WindowsBotModel\WinLoadWait.py", line 42, in StarLoadWait
    response = self._Send(data)
  File "G:\tools\anaconda1\.venv\lib\site-packages\PyAibote\WindowsBotModel\WinLoadWait.py", line 21, in _Send
    self.request.sendall(data)
OSError: [WinError 10038] 在一个非套接字上尝试了一个操作。

2025-05-26 22:29:55.822992 - ERROR : send/read tcp data error: Traceback (most recent call last):
  File "G:\tools\anaconda1\.venv\lib\site-packages\PyAibote\Tool\SendTcpData.py", line 25, in SendData
    response = self.StarLoadWait(data)
  File "G:\tools\anaconda1\.venv\lib\site-packages\PyAibote\WindowsBotModel\WinLoadWait.py", line 42, in StarLoadWait
    response = self._Send(data)
  File "G:\tools\anaconda1\.venv\lib\site-packages\PyAibote\WindowsBotModel\WinLoadWait.py", line 21, in _Send
    self.request.sendall(data)
OSError: [WinError 10038] 在一个非套接字上尝试了一个操作。

2025-05-26 22:29:55.824987 - ERROR : send/read tcp data error: Traceback (most recent call last):
  File "G:\tools\anaconda1\.venv\lib\site-packages\PyAibote\Tool\SendTcpData.py", line 25, in SendData
    response = self.StarLoadWait(data)
  File "G:\tools\anaconda1\.venv\lib\site-packages\PyAibote\WindowsBotModel\WinLoadWait.py", line 42, in StarLoadWait
    response = self._Send(data)
  File "G:\tools\anaconda1\.venv\lib\site-packages\PyAibote\WindowsBotModel\WinLoadWait.py", line 21, in _Send
    self.request.sendall(data)
OSError: [WinError 10038] 在一个非套接字上尝试了一个操作。

2025-05-26 22:29:55.827980 - ERROR : send/read tcp data error: Traceback (most recent call last):
  File "G:\tools\anaconda1\.venv\lib\site-packages\PyAibote\Tool\SendTcpData.py", line 25, in SendData
    response = self.StarLoadWait(data)
  File "G:\tools\anaconda1\.venv\lib\site-packages\PyAibote\WindowsBotModel\WinLoadWait.py", line 42, in StarLoadWait
    response = self._Send(data)
  File "G:\tools\anaconda1\.venv\lib\site-packages\PyAibote\WindowsBotModel\WinLoadWait.py", line 21, in _Send
    self.request.sendall(data)
OSError: [WinError 10038] 在一个非套接字上尝试了一个操作。

2025-05-26 22:29:55.831001 - ERROR : send/read tcp data error: Traceback (most recent call last):
  File "G:\tools\anaconda1\.venv\lib\site-packages\PyAibote\Tool\SendTcpData.py", line 25, in SendData
    response = self.StarLoadWait(data)
  File "G:\tools\anaconda1\.venv\lib\site-packages\PyAibote\WindowsBotModel\WinLoadWait.py", line 42, in StarLoadWait
    response = self._Send(data)
  File "G:\tools\anaconda1\.venv\lib\site-packages\PyAibote\WindowsBotModel\WinLoadWait.py", line 21, in _Send
    self.request.sendall(data)
OSError: [WinError 10038] 在一个非套接字上尝试了一个操作。

2025-05-26 22:29:55.832998 - ERROR : send/read tcp data error: Traceback (most recent call last):
  File "G:\tools\anaconda1\.venv\lib\site-packages\PyAibote\Tool\SendTcpData.py", line 25, in SendData
    response = self.StarLoadWait(data)
  File "G:\tools\anaconda1\.venv\lib\site-packages\PyAibote\WindowsBotModel\WinLoadWait.py", line 42, in StarLoadWait
    response = self._Send(data)
  File "G:\tools\anaconda1\.venv\lib\site-packages\PyAibote\WindowsBotModel\WinLoadWait.py", line 21, in _Send
    self.request.sendall(data)
OSError: [WinError 10038] 在一个非套接字上尝试了一个操作。

2025-05-26 22:29:55.835988 - ERROR : send/read tcp data error: Traceback (most recent call last):
  File "G:\tools\anaconda1\.venv\lib\site-packages\PyAibote\Tool\SendTcpData.py", line 25, in SendData
    response = self.StarLoadWait(data)
  File "G:\tools\anaconda1\.venv\lib\site-packages\PyAibote\WindowsBotModel\WinLoadWait.py", line 42, in StarLoadWait
    response = self._Send(data)
  File "G:\tools\anaconda1\.venv\lib\site-packages\PyAibote\WindowsBotModel\WinLoadWait.py", line 21, in _Send
    self.request.sendall(data)
OSError: [WinError 10038] 在一个非套接字上尝试了一个操作。

2025-05-26 22:29:55.837983 - ERROR : send/read tcp data error: Traceback (most recent call last):
  File "G:\tools\anaconda1\.venv\lib\site-packages\PyAibote\Tool\SendTcpData.py", line 25, in SendData
    response = self.StarLoadWait(data)
  File "G:\tools\anaconda1\.venv\lib\site-packages\PyAibote\WindowsBotModel\WinLoadWait.py", line 42, in StarLoadWait
    response = self._Send(data)
  File "G:\tools\anaconda1\.venv\lib\site-packages\PyAibote\WindowsBotModel\WinLoadWait.py", line 21, in _Send
    self.request.sendall(data)
OSError: [WinError 10038] 在一个非套接字上尝试了一个操作。

2025-05-26 22:29:55.840011 - ERROR : send/read tcp data error: Traceback (most recent call last):
  File "G:\tools\anaconda1\.venv\lib\site-packages\PyAibote\Tool\SendTcpData.py", line 25, in SendData
    response = self.StarLoadWait(data)
  File "G:\tools\anaconda1\.venv\lib\site-packages\PyAibote\WindowsBotModel\WinLoadWait.py", line 42, in StarLoadWait
    response = self._Send(data)
  File "G:\tools\anaconda1\.venv\lib\site-packages\PyAibote\WindowsBotModel\WinLoadWait.py", line 21, in _Send
    self.request.sendall(data)
OSError: [WinError 10038] 在一个非套接字上尝试了一个操作。

2025-05-26 22:29:55.841997 - ERROR : send/read tcp data error: Traceback (most recent call last):
  File "G:\tools\anaconda1\.venv\lib\site-packages\PyAibote\Tool\SendTcpData.py", line 25, in SendData
    response = self.StarLoadWait(data)
  File "G:\tools\anaconda1\.venv\lib\site-packages\PyAibote\WindowsBotModel\WinLoadWait.py", line 42, in StarLoadWait
    response = self._Send(data)
  File "G:\tools\anaconda1\.venv\lib\site-packages\PyAibote\WindowsBotModel\WinLoadWait.py", line 21, in _Send
    self.request.sendall(data)
OSError: [WinError 10038] 在一个非套接字上尝试了一个操作。

2025-05-26 22:29:55.843992 - ERROR : send/read tcp data error: Traceback (most recent call last):
  File "G:\tools\anaconda1\.venv\lib\site-packages\PyAibote\Tool\SendTcpData.py", line 25, in SendData
    response = self.StarLoadWait(data)
  File "G:\tools\anaconda1\.venv\lib\site-packages\PyAibote\WindowsBotModel\WinLoadWait.py", line 42, in StarLoadWait
    response = self._Send(data)
  File "G:\tools\anaconda1\.venv\lib\site-packages\PyAibote\WindowsBotModel\WinLoadWait.py", line 21, in _Send
    self.request.sendall(data)
OSError: [WinError 10038] 在一个非套接字上尝试了一个操作。

2025-05-26 22:29:55.845987 - ERROR : send/read tcp data error: Traceback (most recent call last):
  File "G:\tools\anaconda1\.venv\lib\site-packages\PyAibote\Tool\SendTcpData.py", line 25, in SendData
    response = self.StarLoadWait(data)
  File "G:\tools\anaconda1\.venv\lib\site-packages\PyAibote\WindowsBotModel\WinLoadWait.py", line 42, in StarLoadWait
    response = self._Send(data)
  File "G:\tools\anaconda1\.venv\lib\site-packages\PyAibote\WindowsBotModel\WinLoadWait.py", line 21, in _Send
    self.request.sendall(data)
OSError: [WinError 10038] 在一个非套接字上尝试了一个操作。

2025-05-26 22:29:55.848979 - ERROR : send/read tcp data error: Traceback (most recent call last):
  File "G:\tools\anaconda1\.venv\lib\site-packages\PyAibote\Tool\SendTcpData.py", line 25, in SendData
    response = self.StarLoadWait(data)
  File "G:\tools\anaconda1\.venv\lib\site-packages\PyAibote\WindowsBotModel\WinLoadWait.py", line 42, in StarLoadWait
    response = self._Send(data)
  File "G:\tools\anaconda1\.venv\lib\site-packages\PyAibote\WindowsBotModel\WinLoadWait.py", line 21, in _Send
    self.request.sendall(data)
OSError: [WinError 10038] 在一个非套接字上尝试了一个操作。

2025-05-26 22:29:55.851000 - ERROR : send/read tcp data error: Traceback (most recent call last):
  File "G:\tools\anaconda1\.venv\lib\site-packages\PyAibote\Tool\SendTcpData.py", line 25, in SendData
    response = self.StarLoadWait(data)
  File "G:\tools\anaconda1\.venv\lib\site-packages\PyAibote\WindowsBotModel\WinLoadWait.py", line 42, in StarLoadWait
    response = self._Send(data)
  File "G:\tools\anaconda1\.venv\lib\site-packages\PyAibote\WindowsBotModel\WinLoadWait.py", line 21, in _Send
    self.request.sendall(data)
OSError: [WinError 10038] 在一个非套接字上尝试了一个操作。

2025-05-26 22:29:55.852994 - ERROR : send/read tcp data error: Traceback (most recent call last):
  File "G:\tools\anaconda1\.venv\lib\site-packages\PyAibote\Tool\SendTcpData.py", line 25, in SendData
    response = self.StarLoadWait(data)
  File "G:\tools\anaconda1\.venv\lib\site-packages\PyAibote\WindowsBotModel\WinLoadWait.py", line 42, in StarLoadWait
    response = self._Send(data)
  File "G:\tools\anaconda1\.venv\lib\site-packages\PyAibote\WindowsBotModel\WinLoadWait.py", line 21, in _Send
    self.request.sendall(data)
OSError: [WinError 10038] 在一个非套接字上尝试了一个操作。

2025-05-26 22:29:55.854989 - ERROR : send/read tcp data error: Traceback (most recent call last):
  File "G:\tools\anaconda1\.venv\lib\site-packages\PyAibote\Tool\SendTcpData.py", line 25, in SendData
    response = self.StarLoadWait(data)
  File "G:\tools\anaconda1\.venv\lib\site-packages\PyAibote\WindowsBotModel\WinLoadWait.py", line 42, in StarLoadWait
    response = self._Send(data)
  File "G:\tools\anaconda1\.venv\lib\site-packages\PyAibote\WindowsBotModel\WinLoadWait.py", line 21, in _Send
    self.request.sendall(data)
OSError: [WinError 10038] 在一个非套接字上尝试了一个操作。

2025-05-26 22:29:55.861002 - ERROR : send/read tcp data error: Traceback (most recent call last):
  File "G:\tools\anaconda1\.venv\lib\site-packages\PyAibote\Tool\SendTcpData.py", line 25, in SendData
    response = self.StarLoadWait(data)
  File "G:\tools\anaconda1\.venv\lib\site-packages\PyAibote\WindowsBotModel\WinLoadWait.py", line 42, in StarLoadWait
    response = self._Send(data)
  File "G:\tools\anaconda1\.venv\lib\site-packages\PyAibote\WindowsBotModel\WinLoadWait.py", line 21, in _Send
    self.request.sendall(data)
OSError: [WinError 10038] 在一个非套接字上尝试了一个操作。

2025-05-26 22:29:55.862996 - ERROR : send/read tcp data error: Traceback (most recent call last):
  File "G:\tools\anaconda1\.venv\lib\site-packages\PyAibote\Tool\SendTcpData.py", line 25, in SendData
    response = self.StarLoadWait(data)
  File "G:\tools\anaconda1\.venv\lib\site-packages\PyAibote\WindowsBotModel\WinLoadWait.py", line 42, in StarLoadWait
    response = self._Send(data)
  File "G:\tools\anaconda1\.venv\lib\site-packages\PyAibote\WindowsBotModel\WinLoadWait.py", line 21, in _Send
    self.request.sendall(data)
OSError: [WinError 10038] 在一个非套接字上尝试了一个操作。

2025-05-26 22:29:55.865989 - ERROR : send/read tcp data error: Traceback (most recent call last):
  File "G:\tools\anaconda1\.venv\lib\site-packages\PyAibote\Tool\SendTcpData.py", line 25, in SendData
    response = self.StarLoadWait(data)
  File "G:\tools\anaconda1\.venv\lib\site-packages\PyAibote\WindowsBotModel\WinLoadWait.py", line 42, in StarLoadWait
    response = self._Send(data)
  File "G:\tools\anaconda1\.venv\lib\site-packages\PyAibote\WindowsBotModel\WinLoadWait.py", line 21, in _Send
    self.request.sendall(data)
OSError: [WinError 10038] 在一个非套接字上尝试了一个操作。

2025-05-26 22:29:55.868981 - ERROR : send/read tcp data error: Traceback (most recent call last):
  File "G:\tools\anaconda1\.venv\lib\site-packages\PyAibote\Tool\SendTcpData.py", line 25, in SendData
    response = self.StarLoadWait(data)
  File "G:\tools\anaconda1\.venv\lib\site-packages\PyAibote\WindowsBotModel\WinLoadWait.py", line 42, in StarLoadWait
    response = self._Send(data)
  File "G:\tools\anaconda1\.venv\lib\site-packages\PyAibote\WindowsBotModel\WinLoadWait.py", line 21, in _Send
    self.request.sendall(data)
OSError: [WinError 10038] 在一个非套接字上尝试了一个操作。

2025-05-26 22:29:55.870997 - ERROR : send/read tcp data error: Traceback (most recent call last):
  File "G:\tools\anaconda1\.venv\lib\site-packages\PyAibote\Tool\SendTcpData.py", line 25, in SendData
    response = self.StarLoadWait(data)
  File "G:\tools\anaconda1\.venv\lib\site-packages\PyAibote\WindowsBotModel\WinLoadWait.py", line 42, in StarLoadWait
    response = self._Send(data)
  File "G:\tools\anaconda1\.venv\lib\site-packages\PyAibote\WindowsBotModel\WinLoadWait.py", line 21, in _Send
    self.request.sendall(data)
OSError: [WinError 10038] 在一个非套接字上尝试了一个操作。

2025-05-26 22:29:55.872992 - ERROR : send/read tcp data error: Traceback (most recent call last):
  File "G:\tools\anaconda1\.venv\lib\site-packages\PyAibote\Tool\SendTcpData.py", line 25, in SendData
    response = self.StarLoadWait(data)
  File "G:\tools\anaconda1\.venv\lib\site-packages\PyAibote\WindowsBotModel\WinLoadWait.py", line 42, in StarLoadWait
    response = self._Send(data)
  File "G:\tools\anaconda1\.venv\lib\site-packages\PyAibote\WindowsBotModel\WinLoadWait.py", line 21, in _Send
    self.request.sendall(data)
OSError: [WinError 10038] 在一个非套接字上尝试了一个操作。

2025-05-26 22:29:55.874987 - ERROR : send/read tcp data error: Traceback (most recent call last):
  File "G:\tools\anaconda1\.venv\lib\site-packages\PyAibote\Tool\SendTcpData.py", line 25, in SendData
    response = self.StarLoadWait(data)
  File "G:\tools\anaconda1\.venv\lib\site-packages\PyAibote\WindowsBotModel\WinLoadWait.py", line 42, in StarLoadWait
    response = self._Send(data)
  File "G:\tools\anaconda1\.venv\lib\site-packages\PyAibote\WindowsBotModel\WinLoadWait.py", line 21, in _Send
    self.request.sendall(data)
OSError: [WinError 10038] 在一个非套接字上尝试了一个操作。

2025-05-26 22:29:55.879482 - ERROR : send/read tcp data error: Traceback (most recent call last):
  File "G:\tools\anaconda1\.venv\lib\site-packages\PyAibote\Tool\SendTcpData.py", line 25, in SendData
    response = self.StarLoadWait(data)
  File "G:\tools\anaconda1\.venv\lib\site-packages\PyAibote\WindowsBotModel\WinLoadWait.py", line 42, in StarLoadWait
    response = self._Send(data)
  File "G:\tools\anaconda1\.venv\lib\site-packages\PyAibote\WindowsBotModel\WinLoadWait.py", line 21, in _Send
    self.request.sendall(data)
OSError: [WinError 10038] 在一个非套接字上尝试了一个操作。

2025-05-26 22:29:55.880993 - ERROR : send/read tcp data error: Traceback (most recent call last):
  File "G:\tools\anaconda1\.venv\lib\site-packages\PyAibote\Tool\SendTcpData.py", line 25, in SendData
    response = self.StarLoadWait(data)
  File "G:\tools\anaconda1\.venv\lib\site-packages\PyAibote\WindowsBotModel\WinLoadWait.py", line 42, in StarLoadWait
    response = self._Send(data)
  File "G:\tools\anaconda1\.venv\lib\site-packages\PyAibote\WindowsBotModel\WinLoadWait.py", line 21, in _Send
    self.request.sendall(data)
OSError: [WinError 10038] 在一个非套接字上尝试了一个操作。

2025-05-26 22:29:55.882988 - ERROR : send/read tcp data error: Traceback (most recent call last):
  File "G:\tools\anaconda1\.venv\lib\site-packages\PyAibote\Tool\SendTcpData.py", line 25, in SendData
    response = self.StarLoadWait(data)
  File "G:\tools\anaconda1\.venv\lib\site-packages\PyAibote\WindowsBotModel\WinLoadWait.py", line 42, in StarLoadWait
    response = self._Send(data)
  File "G:\tools\anaconda1\.venv\lib\site-packages\PyAibote\WindowsBotModel\WinLoadWait.py", line 21, in _Send
    self.request.sendall(data)
OSError: [WinError 10038] 在一个非套接字上尝试了一个操作。

2025-05-26 22:29:55.884984 - ERROR : send/read tcp data error: Traceback (most recent call last):
  File "G:\tools\anaconda1\.venv\lib\site-packages\PyAibote\Tool\SendTcpData.py", line 25, in SendData
    response = self.StarLoadWait(data)
  File "G:\tools\anaconda1\.venv\lib\site-packages\PyAibote\WindowsBotModel\WinLoadWait.py", line 42, in StarLoadWait
    response = self._Send(data)
  File "G:\tools\anaconda1\.venv\lib\site-packages\PyAibote\WindowsBotModel\WinLoadWait.py", line 21, in _Send
    self.request.sendall(data)
OSError: [WinError 10038] 在一个非套接字上尝试了一个操作。

2025-05-26 22:29:55.886978 - ERROR : send/read tcp data error: Traceback (most recent call last):
  File "G:\tools\anaconda1\.venv\lib\site-packages\PyAibote\Tool\SendTcpData.py", line 25, in SendData
    response = self.StarLoadWait(data)
  File "G:\tools\anaconda1\.venv\lib\site-packages\PyAibote\WindowsBotModel\WinLoadWait.py", line 42, in StarLoadWait
    response = self._Send(data)
  File "G:\tools\anaconda1\.venv\lib\site-packages\PyAibote\WindowsBotModel\WinLoadWait.py", line 21, in _Send
    self.request.sendall(data)
OSError: [WinError 10038] 在一个非套接字上尝试了一个操作。

2025-05-26 22:29:55.889503 - ERROR : send/read tcp data error: Traceback (most recent call last):
  File "G:\tools\anaconda1\.venv\lib\site-packages\PyAibote\Tool\SendTcpData.py", line 25, in SendData
    response = self.StarLoadWait(data)
  File "G:\tools\anaconda1\.venv\lib\site-packages\PyAibote\WindowsBotModel\WinLoadWait.py", line 42, in StarLoadWait
    response = self._Send(data)
  File "G:\tools\anaconda1\.venv\lib\site-packages\PyAibote\WindowsBotModel\WinLoadWait.py", line 21, in _Send
    self.request.sendall(data)
OSError: [WinError 10038] 在一个非套接字上尝试了一个操作。

2025-05-26 22:29:55.891008 - ERROR : send/read tcp data error: Traceback (most recent call last):
  File "G:\tools\anaconda1\.venv\lib\site-packages\PyAibote\Tool\SendTcpData.py", line 25, in SendData
    response = self.StarLoadWait(data)
  File "G:\tools\anaconda1\.venv\lib\site-packages\PyAibote\WindowsBotModel\WinLoadWait.py", line 42, in StarLoadWait
    response = self._Send(data)
  File "G:\tools\anaconda1\.venv\lib\site-packages\PyAibote\WindowsBotModel\WinLoadWait.py", line 21, in _Send
    self.request.sendall(data)
OSError: [WinError 10038] 在一个非套接字上尝试了一个操作。

2025-05-26 22:29:55.893002 - ERROR : send/read tcp data error: Traceback (most recent call last):
  File "G:\tools\anaconda1\.venv\lib\site-packages\PyAibote\Tool\SendTcpData.py", line 25, in SendData
    response = self.StarLoadWait(data)
  File "G:\tools\anaconda1\.venv\lib\site-packages\PyAibote\WindowsBotModel\WinLoadWait.py", line 42, in StarLoadWait
    response = self._Send(data)
  File "G:\tools\anaconda1\.venv\lib\site-packages\PyAibote\WindowsBotModel\WinLoadWait.py", line 21, in _Send
    self.request.sendall(data)
OSError: [WinError 10038] 在一个非套接字上尝试了一个操作。

2025-05-26 22:29:55.894998 - ERROR : send/read tcp data error: Traceback (most recent call last):
  File "G:\tools\anaconda1\.venv\lib\site-packages\PyAibote\Tool\SendTcpData.py", line 25, in SendData
    response = self.StarLoadWait(data)
  File "G:\tools\anaconda1\.venv\lib\site-packages\PyAibote\WindowsBotModel\WinLoadWait.py", line 42, in StarLoadWait
    response = self._Send(data)
  File "G:\tools\anaconda1\.venv\lib\site-packages\PyAibote\WindowsBotModel\WinLoadWait.py", line 21, in _Send
    self.request.sendall(data)
OSError: [WinError 10038] 在一个非套接字上尝试了一个操作。

2025-05-26 22:29:55.896993 - ERROR : send/read tcp data error: Traceback (most recent call last):
  File "G:\tools\anaconda1\.venv\lib\site-packages\PyAibote\Tool\SendTcpData.py", line 25, in SendData
    response = self.StarLoadWait(data)
  File "G:\tools\anaconda1\.venv\lib\site-packages\PyAibote\WindowsBotModel\WinLoadWait.py", line 42, in StarLoadWait
    response = self._Send(data)
  File "G:\tools\anaconda1\.venv\lib\site-packages\PyAibote\WindowsBotModel\WinLoadWait.py", line 21, in _Send
    self.request.sendall(data)
OSError: [WinError 10038] 在一个非套接字上尝试了一个操作。

2025-05-26 22:29:55.899506 - ERROR : send/read tcp data error: Traceback (most recent call last):
  File "G:\tools\anaconda1\.venv\lib\site-packages\PyAibote\Tool\SendTcpData.py", line 25, in SendData
    response = self.StarLoadWait(data)
  File "G:\tools\anaconda1\.venv\lib\site-packages\PyAibote\WindowsBotModel\WinLoadWait.py", line 42, in StarLoadWait
    response = self._Send(data)
  File "G:\tools\anaconda1\.venv\lib\site-packages\PyAibote\WindowsBotModel\WinLoadWait.py", line 21, in _Send
    self.request.sendall(data)
OSError: [WinError 10038] 在一个非套接字上尝试了一个操作。

2025-05-26 22:29:55.901010 - ERROR : send/read tcp data error: Traceback (most recent call last):
  File "G:\tools\anaconda1\.venv\lib\site-packages\PyAibote\Tool\SendTcpData.py", line 25, in SendData
    response = self.StarLoadWait(data)
  File "G:\tools\anaconda1\.venv\lib\site-packages\PyAibote\WindowsBotModel\WinLoadWait.py", line 42, in StarLoadWait
    response = self._Send(data)
  File "G:\tools\anaconda1\.venv\lib\site-packages\PyAibote\WindowsBotModel\WinLoadWait.py", line 21, in _Send
    self.request.sendall(data)
OSError: [WinError 10038] 在一个非套接字上尝试了一个操作。

2025-05-26 22:29:55.903005 - ERROR : send/read tcp data error: Traceback (most recent call last):
  File "G:\tools\anaconda1\.venv\lib\site-packages\PyAibote\Tool\SendTcpData.py", line 25, in SendData
    response = self.StarLoadWait(data)
  File "G:\tools\anaconda1\.venv\lib\site-packages\PyAibote\WindowsBotModel\WinLoadWait.py", line 42, in StarLoadWait
    response = self._Send(data)
  File "G:\tools\anaconda1\.venv\lib\site-packages\PyAibote\WindowsBotModel\WinLoadWait.py", line 21, in _Send
    self.request.sendall(data)
OSError: [WinError 10038] 在一个非套接字上尝试了一个操作。

2025-05-26 22:29:55.905000 - ERROR : send/read tcp data error: Traceback (most recent call last):
  File "G:\tools\anaconda1\.venv\lib\site-packages\PyAibote\Tool\SendTcpData.py", line 25, in SendData
    response = self.StarLoadWait(data)
  File "G:\tools\anaconda1\.venv\lib\site-packages\PyAibote\WindowsBotModel\WinLoadWait.py", line 42, in StarLoadWait
    response = self._Send(data)
  File "G:\tools\anaconda1\.venv\lib\site-packages\PyAibote\WindowsBotModel\WinLoadWait.py", line 21, in _Send
    self.request.sendall(data)
OSError: [WinError 10038] 在一个非套接字上尝试了一个操作。

2025-05-26 22:29:55.907996 - ERROR : send/read tcp data error: Traceback (most recent call last):
  File "G:\tools\anaconda1\.venv\lib\site-packages\PyAibote\Tool\SendTcpData.py", line 25, in SendData
    response = self.StarLoadWait(data)
  File "G:\tools\anaconda1\.venv\lib\site-packages\PyAibote\WindowsBotModel\WinLoadWait.py", line 42, in StarLoadWait
    response = self._Send(data)
  File "G:\tools\anaconda1\.venv\lib\site-packages\PyAibote\WindowsBotModel\WinLoadWait.py", line 21, in _Send
    self.request.sendall(data)
OSError: [WinError 10038] 在一个非套接字上尝试了一个操作。

2025-05-26 22:29:55.910020 - ERROR : send/read tcp data error: Traceback (most recent call last):
  File "G:\tools\anaconda1\.venv\lib\site-packages\PyAibote\Tool\SendTcpData.py", line 25, in SendData
    response = self.StarLoadWait(data)
  File "G:\tools\anaconda1\.venv\lib\site-packages\PyAibote\WindowsBotModel\WinLoadWait.py", line 42, in StarLoadWait
    response = self._Send(data)
  File "G:\tools\anaconda1\.venv\lib\site-packages\PyAibote\WindowsBotModel\WinLoadWait.py", line 21, in _Send
    self.request.sendall(data)
OSError: [WinError 10038] 在一个非套接字上尝试了一个操作。

2025-05-26 22:29:55.912007 - ERROR : send/read tcp data error: Traceback (most recent call last):
  File "G:\tools\anaconda1\.venv\lib\site-packages\PyAibote\Tool\SendTcpData.py", line 25, in SendData
    response = self.StarLoadWait(data)
  File "G:\tools\anaconda1\.venv\lib\site-packages\PyAibote\WindowsBotModel\WinLoadWait.py", line 42, in StarLoadWait
    response = self._Send(data)
  File "G:\tools\anaconda1\.venv\lib\site-packages\PyAibote\WindowsBotModel\WinLoadWait.py", line 21, in _Send
    self.request.sendall(data)
OSError: [WinError 10038] 在一个非套接字上尝试了一个操作。

2025-05-26 22:29:55.914002 - ERROR : send/read tcp data error: Traceback (most recent call last):
  File "G:\tools\anaconda1\.venv\lib\site-packages\PyAibote\Tool\SendTcpData.py", line 25, in SendData
    response = self.StarLoadWait(data)
  File "G:\tools\anaconda1\.venv\lib\site-packages\PyAibote\WindowsBotModel\WinLoadWait.py", line 42, in StarLoadWait
    response = self._Send(data)
  File "G:\tools\anaconda1\.venv\lib\site-packages\PyAibote\WindowsBotModel\WinLoadWait.py", line 21, in _Send
    self.request.sendall(data)
OSError: [WinError 10038] 在一个非套接字上尝试了一个操作。

2025-05-26 22:29:55.915996 - ERROR : send/read tcp data error: Traceback (most recent call last):
  File "G:\tools\anaconda1\.venv\lib\site-packages\PyAibote\Tool\SendTcpData.py", line 25, in SendData
    response = self.StarLoadWait(data)
  File "G:\tools\anaconda1\.venv\lib\site-packages\PyAibote\WindowsBotModel\WinLoadWait.py", line 42, in StarLoadWait
    response = self._Send(data)
  File "G:\tools\anaconda1\.venv\lib\site-packages\PyAibote\WindowsBotModel\WinLoadWait.py", line 21, in _Send
    self.request.sendall(data)
OSError: [WinError 10038] 在一个非套接字上尝试了一个操作。

2025-05-26 22:29:55.917991 - ERROR : send/read tcp data error: Traceback (most recent call last):
  File "G:\tools\anaconda1\.venv\lib\site-packages\PyAibote\Tool\SendTcpData.py", line 25, in SendData
    response = self.StarLoadWait(data)
  File "G:\tools\anaconda1\.venv\lib\site-packages\PyAibote\WindowsBotModel\WinLoadWait.py", line 42, in StarLoadWait
    response = self._Send(data)
  File "G:\tools\anaconda1\.venv\lib\site-packages\PyAibote\WindowsBotModel\WinLoadWait.py", line 21, in _Send
    self.request.sendall(data)
OSError: [WinError 10038] 在一个非套接字上尝试了一个操作。

2025-05-26 22:29:55.935997 - ERROR : send/read tcp data error: Traceback (most recent call last):
  File "G:\tools\anaconda1\.venv\lib\site-packages\PyAibote\Tool\SendTcpData.py", line 25, in SendData
    response = self.StarLoadWait(data)
  File "G:\tools\anaconda1\.venv\lib\site-packages\PyAibote\WindowsBotModel\WinLoadWait.py", line 42, in StarLoadWait
    response = self._Send(data)
  File "G:\tools\anaconda1\.venv\lib\site-packages\PyAibote\WindowsBotModel\WinLoadWait.py", line 21, in _Send
    self.request.sendall(data)
OSError: [WinError 10038] 在一个非套接字上尝试了一个操作。

2025-05-26 22:29:55.937992 - ERROR : send/read tcp data error: Traceback (most recent call last):
  File "G:\tools\anaconda1\.venv\lib\site-packages\PyAibote\Tool\SendTcpData.py", line 25, in SendData
    response = self.StarLoadWait(data)
  File "G:\tools\anaconda1\.venv\lib\site-packages\PyAibote\WindowsBotModel\WinLoadWait.py", line 42, in StarLoadWait
    response = self._Send(data)
  File "G:\tools\anaconda1\.venv\lib\site-packages\PyAibote\WindowsBotModel\WinLoadWait.py", line 21, in _Send
    self.request.sendall(data)
OSError: [WinError 10038] 在一个非套接字上尝试了一个操作。

2025-05-26 22:29:55.941035 - ERROR : send/read tcp data error: Traceback (most recent call last):
  File "G:\tools\anaconda1\.venv\lib\site-packages\PyAibote\Tool\SendTcpData.py", line 25, in SendData
    response = self.StarLoadWait(data)
  File "G:\tools\anaconda1\.venv\lib\site-packages\PyAibote\WindowsBotModel\WinLoadWait.py", line 42, in StarLoadWait
    response = self._Send(data)
  File "G:\tools\anaconda1\.venv\lib\site-packages\PyAibote\WindowsBotModel\WinLoadWait.py", line 21, in _Send
    self.request.sendall(data)
OSError: [WinError 10038] 在一个非套接字上尝试了一个操作。

2025-05-26 22:29:55.943031 - ERROR : send/read tcp data error: Traceback (most recent call last):
  File "G:\tools\anaconda1\.venv\lib\site-packages\PyAibote\Tool\SendTcpData.py", line 25, in SendData
    response = self.StarLoadWait(data)
  File "G:\tools\anaconda1\.venv\lib\site-packages\PyAibote\WindowsBotModel\WinLoadWait.py", line 42, in StarLoadWait
    response = self._Send(data)
  File "G:\tools\anaconda1\.venv\lib\site-packages\PyAibote\WindowsBotModel\WinLoadWait.py", line 21, in _Send
    self.request.sendall(data)
OSError: [WinError 10038] 在一个非套接字上尝试了一个操作。

2025-05-26 22:29:55.945025 - ERROR : send/read tcp data error: Traceback (most recent call last):
  File "G:\tools\anaconda1\.venv\lib\site-packages\PyAibote\Tool\SendTcpData.py", line 25, in SendData
    response = self.StarLoadWait(data)
  File "G:\tools\anaconda1\.venv\lib\site-packages\PyAibote\WindowsBotModel\WinLoadWait.py", line 42, in StarLoadWait
    response = self._Send(data)
  File "G:\tools\anaconda1\.venv\lib\site-packages\PyAibote\WindowsBotModel\WinLoadWait.py", line 21, in _Send
    self.request.sendall(data)
OSError: [WinError 10038] 在一个非套接字上尝试了一个操作。

2025-05-26 22:29:55.947021 - ERROR : send/read tcp data error: Traceback (most recent call last):
  File "G:\tools\anaconda1\.venv\lib\site-packages\PyAibote\Tool\SendTcpData.py", line 25, in SendData
    response = self.StarLoadWait(data)
  File "G:\tools\anaconda1\.venv\lib\site-packages\PyAibote\WindowsBotModel\WinLoadWait.py", line 42, in StarLoadWait
    response = self._Send(data)
  File "G:\tools\anaconda1\.venv\lib\site-packages\PyAibote\WindowsBotModel\WinLoadWait.py", line 21, in _Send
    self.request.sendall(data)
OSError: [WinError 10038] 在一个非套接字上尝试了一个操作。

2025-05-26 22:29:55.950053 - ERROR : send/read tcp data error: Traceback (most recent call last):
  File "G:\tools\anaconda1\.venv\lib\site-packages\PyAibote\Tool\SendTcpData.py", line 25, in SendData
    response = self.StarLoadWait(data)
  File "G:\tools\anaconda1\.venv\lib\site-packages\PyAibote\WindowsBotModel\WinLoadWait.py", line 42, in StarLoadWait
    response = self._Send(data)
  File "G:\tools\anaconda1\.venv\lib\site-packages\PyAibote\WindowsBotModel\WinLoadWait.py", line 21, in _Send
    self.request.sendall(data)
OSError: [WinError 10038] 在一个非套接字上尝试了一个操作。

2025-05-26 22:29:55.952041 - ERROR : send/read tcp data error: Traceback (most recent call last):
  File "G:\tools\anaconda1\.venv\lib\site-packages\PyAibote\Tool\SendTcpData.py", line 25, in SendData
    response = self.StarLoadWait(data)
  File "G:\tools\anaconda1\.venv\lib\site-packages\PyAibote\WindowsBotModel\WinLoadWait.py", line 42, in StarLoadWait
    response = self._Send(data)
  File "G:\tools\anaconda1\.venv\lib\site-packages\PyAibote\WindowsBotModel\WinLoadWait.py", line 21, in _Send
    self.request.sendall(data)
OSError: [WinError 10038] 在一个非套接字上尝试了一个操作。

2025-05-26 22:29:55.954037 - ERROR : send/read tcp data error: Traceback (most recent call last):
  File "G:\tools\anaconda1\.venv\lib\site-packages\PyAibote\Tool\SendTcpData.py", line 25, in SendData
    response = self.StarLoadWait(data)
  File "G:\tools\anaconda1\.venv\lib\site-packages\PyAibote\WindowsBotModel\WinLoadWait.py", line 42, in StarLoadWait
    response = self._Send(data)
  File "G:\tools\anaconda1\.venv\lib\site-packages\PyAibote\WindowsBotModel\WinLoadWait.py", line 21, in _Send
    self.request.sendall(data)
OSError: [WinError 10038] 在一个非套接字上尝试了一个操作。

2025-05-26 22:29:55.966031 - ERROR : send/read tcp data error: Traceback (most recent call last):
  File "G:\tools\anaconda1\.venv\lib\site-packages\PyAibote\Tool\SendTcpData.py", line 25, in SendData
    response = self.StarLoadWait(data)
  File "G:\tools\anaconda1\.venv\lib\site-packages\PyAibote\WindowsBotModel\WinLoadWait.py", line 42, in StarLoadWait
    response = self._Send(data)
  File "G:\tools\anaconda1\.venv\lib\site-packages\PyAibote\WindowsBotModel\WinLoadWait.py", line 21, in _Send
    self.request.sendall(data)
OSError: [WinError 10038] 在一个非套接字上尝试了一个操作。

2025-05-26 22:29:55.968026 - ERROR : send/read tcp data error: Traceback (most recent call last):
  File "G:\tools\anaconda1\.venv\lib\site-packages\PyAibote\Tool\SendTcpData.py", line 25, in SendData
    response = self.StarLoadWait(data)
  File "G:\tools\anaconda1\.venv\lib\site-packages\PyAibote\WindowsBotModel\WinLoadWait.py", line 42, in StarLoadWait
    response = self._Send(data)
  File "G:\tools\anaconda1\.venv\lib\site-packages\PyAibote\WindowsBotModel\WinLoadWait.py", line 21, in _Send
    self.request.sendall(data)
OSError: [WinError 10038] 在一个非套接字上尝试了一个操作。

2025-05-26 22:29:55.970053 - ERROR : send/read tcp data error: Traceback (most recent call last):
  File "G:\tools\anaconda1\.venv\lib\site-packages\PyAibote\Tool\SendTcpData.py", line 25, in SendData
    response = self.StarLoadWait(data)
  File "G:\tools\anaconda1\.venv\lib\site-packages\PyAibote\WindowsBotModel\WinLoadWait.py", line 42, in StarLoadWait
    response = self._Send(data)
  File "G:\tools\anaconda1\.venv\lib\site-packages\PyAibote\WindowsBotModel\WinLoadWait.py", line 21, in _Send
    self.request.sendall(data)
OSError: [WinError 10038] 在一个非套接字上尝试了一个操作。

2025-05-26 22:29:55.973039 - ERROR : send/read tcp data error: Traceback (most recent call last):
  File "G:\tools\anaconda1\.venv\lib\site-packages\PyAibote\Tool\SendTcpData.py", line 25, in SendData
    response = self.StarLoadWait(data)
  File "G:\tools\anaconda1\.venv\lib\site-packages\PyAibote\WindowsBotModel\WinLoadWait.py", line 42, in StarLoadWait
    response = self._Send(data)
  File "G:\tools\anaconda1\.venv\lib\site-packages\PyAibote\WindowsBotModel\WinLoadWait.py", line 21, in _Send
    self.request.sendall(data)
OSError: [WinError 10038] 在一个非套接字上尝试了一个操作。

2025-05-26 22:29:55.975034 - ERROR : send/read tcp data error: Traceback (most recent call last):
  File "G:\tools\anaconda1\.venv\lib\site-packages\PyAibote\Tool\SendTcpData.py", line 25, in SendData
    response = self.StarLoadWait(data)
  File "G:\tools\anaconda1\.venv\lib\site-packages\PyAibote\WindowsBotModel\WinLoadWait.py", line 42, in StarLoadWait
    response = self._Send(data)
  File "G:\tools\anaconda1\.venv\lib\site-packages\PyAibote\WindowsBotModel\WinLoadWait.py", line 21, in _Send
    self.request.sendall(data)
OSError: [WinError 10038] 在一个非套接字上尝试了一个操作。

2025-05-26 22:29:55.977029 - ERROR : send/read tcp data error: Traceback (most recent call last):
  File "G:\tools\anaconda1\.venv\lib\site-packages\PyAibote\Tool\SendTcpData.py", line 25, in SendData
    response = self.StarLoadWait(data)
  File "G:\tools\anaconda1\.venv\lib\site-packages\PyAibote\WindowsBotModel\WinLoadWait.py", line 42, in StarLoadWait
    response = self._Send(data)
  File "G:\tools\anaconda1\.venv\lib\site-packages\PyAibote\WindowsBotModel\WinLoadWait.py", line 21, in _Send
    self.request.sendall(data)
OSError: [WinError 10038] 在一个非套接字上尝试了一个操作。

2025-05-26 22:29:55.980055 - ERROR : send/read tcp data error: Traceback (most recent call last):
  File "G:\tools\anaconda1\.venv\lib\site-packages\PyAibote\Tool\SendTcpData.py", line 25, in SendData
    response = self.StarLoadWait(data)
  File "G:\tools\anaconda1\.venv\lib\site-packages\PyAibote\WindowsBotModel\WinLoadWait.py", line 42, in StarLoadWait
    response = self._Send(data)
  File "G:\tools\anaconda1\.venv\lib\site-packages\PyAibote\WindowsBotModel\WinLoadWait.py", line 21, in _Send
    self.request.sendall(data)
OSError: [WinError 10038] 在一个非套接字上尝试了一个操作。

2025-05-26 22:29:55.982042 - ERROR : send/read tcp data error: Traceback (most recent call last):
  File "G:\tools\anaconda1\.venv\lib\site-packages\PyAibote\Tool\SendTcpData.py", line 25, in SendData
    response = self.StarLoadWait(data)
  File "G:\tools\anaconda1\.venv\lib\site-packages\PyAibote\WindowsBotModel\WinLoadWait.py", line 42, in StarLoadWait
    response = self._Send(data)
  File "G:\tools\anaconda1\.venv\lib\site-packages\PyAibote\WindowsBotModel\WinLoadWait.py", line 21, in _Send
    self.request.sendall(data)
OSError: [WinError 10038] 在一个非套接字上尝试了一个操作。

2025-05-26 22:29:55.984038 - ERROR : send/read tcp data error: Traceback (most recent call last):
  File "G:\tools\anaconda1\.venv\lib\site-packages\PyAibote\Tool\SendTcpData.py", line 25, in SendData
    response = self.StarLoadWait(data)
  File "G:\tools\anaconda1\.venv\lib\site-packages\PyAibote\WindowsBotModel\WinLoadWait.py", line 42, in StarLoadWait
    response = self._Send(data)
  File "G:\tools\anaconda1\.venv\lib\site-packages\PyAibote\WindowsBotModel\WinLoadWait.py", line 21, in _Send
    self.request.sendall(data)
OSError: [WinError 10038] 在一个非套接字上尝试了一个操作。

2025-05-26 22:29:56.003051 - ERROR : send/read tcp data error: Traceback (most recent call last):
  File "G:\tools\anaconda1\.venv\lib\site-packages\PyAibote\Tool\SendTcpData.py", line 25, in SendData
    response = self.StarLoadWait(data)
  File "G:\tools\anaconda1\.venv\lib\site-packages\PyAibote\WindowsBotModel\WinLoadWait.py", line 42, in StarLoadWait
    response = self._Send(data)
  File "G:\tools\anaconda1\.venv\lib\site-packages\PyAibote\WindowsBotModel\WinLoadWait.py", line 21, in _Send
    self.request.sendall(data)
OSError: [WinError 10038] 在一个非套接字上尝试了一个操作。

2025-05-26 22:29:56.006033 - ERROR : send/read tcp data error: Traceback (most recent call last):
  File "G:\tools\anaconda1\.venv\lib\site-packages\PyAibote\Tool\SendTcpData.py", line 25, in SendData
    response = self.StarLoadWait(data)
  File "G:\tools\anaconda1\.venv\lib\site-packages\PyAibote\WindowsBotModel\WinLoadWait.py", line 42, in StarLoadWait
    response = self._Send(data)
  File "G:\tools\anaconda1\.venv\lib\site-packages\PyAibote\WindowsBotModel\WinLoadWait.py", line 21, in _Send
    self.request.sendall(data)
OSError: [WinError 10038] 在一个非套接字上尝试了一个操作。

2025-05-26 22:29:56.008028 - ERROR : send/read tcp data error: Traceback (most recent call last):
  File "G:\tools\anaconda1\.venv\lib\site-packages\PyAibote\Tool\SendTcpData.py", line 25, in SendData
    response = self.StarLoadWait(data)
  File "G:\tools\anaconda1\.venv\lib\site-packages\PyAibote\WindowsBotModel\WinLoadWait.py", line 42, in StarLoadWait
    response = self._Send(data)
  File "G:\tools\anaconda1\.venv\lib\site-packages\PyAibote\WindowsBotModel\WinLoadWait.py", line 21, in _Send
    self.request.sendall(data)
OSError: [WinError 10038] 在一个非套接字上尝试了一个操作。

2025-05-26 22:29:56.010056 - ERROR : send/read tcp data error: Traceback (most recent call last):
  File "G:\tools\anaconda1\.venv\lib\site-packages\PyAibote\Tool\SendTcpData.py", line 25, in SendData
    response = self.StarLoadWait(data)
  File "G:\tools\anaconda1\.venv\lib\site-packages\PyAibote\WindowsBotModel\WinLoadWait.py", line 42, in StarLoadWait
    response = self._Send(data)
  File "G:\tools\anaconda1\.venv\lib\site-packages\PyAibote\WindowsBotModel\WinLoadWait.py", line 21, in _Send
    self.request.sendall(data)
OSError: [WinError 10038] 在一个非套接字上尝试了一个操作。

2025-05-26 22:29:56.012044 - ERROR : send/read tcp data error: Traceback (most recent call last):
  File "G:\tools\anaconda1\.venv\lib\site-packages\PyAibote\Tool\SendTcpData.py", line 25, in SendData
    response = self.StarLoadWait(data)
  File "G:\tools\anaconda1\.venv\lib\site-packages\PyAibote\WindowsBotModel\WinLoadWait.py", line 42, in StarLoadWait
    response = self._Send(data)
  File "G:\tools\anaconda1\.venv\lib\site-packages\PyAibote\WindowsBotModel\WinLoadWait.py", line 21, in _Send
    self.request.sendall(data)
OSError: [WinError 10038] 在一个非套接字上尝试了一个操作。

2025-05-26 22:29:56.014039 - ERROR : send/read tcp data error: Traceback (most recent call last):
  File "G:\tools\anaconda1\.venv\lib\site-packages\PyAibote\Tool\SendTcpData.py", line 25, in SendData
    response = self.StarLoadWait(data)
  File "G:\tools\anaconda1\.venv\lib\site-packages\PyAibote\WindowsBotModel\WinLoadWait.py", line 42, in StarLoadWait
    response = self._Send(data)
  File "G:\tools\anaconda1\.venv\lib\site-packages\PyAibote\WindowsBotModel\WinLoadWait.py", line 21, in _Send
    self.request.sendall(data)
OSError: [WinError 10038] 在一个非套接字上尝试了一个操作。

2025-05-26 22:29:56.016033 - ERROR : send/read tcp data error: Traceback (most recent call last):
  File "G:\tools\anaconda1\.venv\lib\site-packages\PyAibote\Tool\SendTcpData.py", line 25, in SendData
    response = self.StarLoadWait(data)
  File "G:\tools\anaconda1\.venv\lib\site-packages\PyAibote\WindowsBotModel\WinLoadWait.py", line 42, in StarLoadWait
    response = self._Send(data)
  File "G:\tools\anaconda1\.venv\lib\site-packages\PyAibote\WindowsBotModel\WinLoadWait.py", line 21, in _Send
    self.request.sendall(data)
OSError: [WinError 10038] 在一个非套接字上尝试了一个操作。

2025-05-26 22:29:56.018028 - ERROR : send/read tcp data error: Traceback (most recent call last):
  File "G:\tools\anaconda1\.venv\lib\site-packages\PyAibote\Tool\SendTcpData.py", line 25, in SendData
    response = self.StarLoadWait(data)
  File "G:\tools\anaconda1\.venv\lib\site-packages\PyAibote\WindowsBotModel\WinLoadWait.py", line 42, in StarLoadWait
    response = self._Send(data)
  File "G:\tools\anaconda1\.venv\lib\site-packages\PyAibote\WindowsBotModel\WinLoadWait.py", line 21, in _Send
    self.request.sendall(data)
OSError: [WinError 10038] 在一个非套接字上尝试了一个操作。

2025-05-26 22:29:56.021047 - ERROR : send/read tcp data error: Traceback (most recent call last):
  File "G:\tools\anaconda1\.venv\lib\site-packages\PyAibote\Tool\SendTcpData.py", line 25, in SendData
    response = self.StarLoadWait(data)
  File "G:\tools\anaconda1\.venv\lib\site-packages\PyAibote\WindowsBotModel\WinLoadWait.py", line 42, in StarLoadWait
    response = self._Send(data)
  File "G:\tools\anaconda1\.venv\lib\site-packages\PyAibote\WindowsBotModel\WinLoadWait.py", line 21, in _Send
    self.request.sendall(data)
OSError: [WinError 10038] 在一个非套接字上尝试了一个操作。

2025-05-26 22:29:56.023043 - ERROR : send/read tcp data error: Traceback (most recent call last):
  File "G:\tools\anaconda1\.venv\lib\site-packages\PyAibote\Tool\SendTcpData.py", line 25, in SendData
    response = self.StarLoadWait(data)
  File "G:\tools\anaconda1\.venv\lib\site-packages\PyAibote\WindowsBotModel\WinLoadWait.py", line 42, in StarLoadWait
    response = self._Send(data)
  File "G:\tools\anaconda1\.venv\lib\site-packages\PyAibote\WindowsBotModel\WinLoadWait.py", line 21, in _Send
    self.request.sendall(data)
OSError: [WinError 10038] 在一个非套接字上尝试了一个操作。

2025-05-26 22:29:56.044037 - ERROR : send/read tcp data error: Traceback (most recent call last):
  File "G:\tools\anaconda1\.venv\lib\site-packages\PyAibote\Tool\SendTcpData.py", line 25, in SendData
    response = self.StarLoadWait(data)
  File "G:\tools\anaconda1\.venv\lib\site-packages\PyAibote\WindowsBotModel\WinLoadWait.py", line 42, in StarLoadWait
    response = self._Send(data)
  File "G:\tools\anaconda1\.venv\lib\site-packages\PyAibote\WindowsBotModel\WinLoadWait.py", line 21, in _Send
    self.request.sendall(data)
OSError: [WinError 10038] 在一个非套接字上尝试了一个操作。

2025-05-26 22:29:56.047030 - ERROR : send/read tcp data error: Traceback (most recent call last):
  File "G:\tools\anaconda1\.venv\lib\site-packages\PyAibote\Tool\SendTcpData.py", line 25, in SendData
    response = self.StarLoadWait(data)
  File "G:\tools\anaconda1\.venv\lib\site-packages\PyAibote\WindowsBotModel\WinLoadWait.py", line 42, in StarLoadWait
    response = self._Send(data)
  File "G:\tools\anaconda1\.venv\lib\site-packages\PyAibote\WindowsBotModel\WinLoadWait.py", line 21, in _Send
    self.request.sendall(data)
OSError: [WinError 10038] 在一个非套接字上尝试了一个操作。

2025-05-26 22:29:56.049024 - ERROR : send/read tcp data error: Traceback (most recent call last):
  File "G:\tools\anaconda1\.venv\lib\site-packages\PyAibote\Tool\SendTcpData.py", line 25, in SendData
    response = self.StarLoadWait(data)
  File "G:\tools\anaconda1\.venv\lib\site-packages\PyAibote\WindowsBotModel\WinLoadWait.py", line 42, in StarLoadWait
    response = self._Send(data)
  File "G:\tools\anaconda1\.venv\lib\site-packages\PyAibote\WindowsBotModel\WinLoadWait.py", line 21, in _Send
    self.request.sendall(data)
OSError: [WinError 10038] 在一个非套接字上尝试了一个操作。

2025-05-26 22:29:56.051044 - ERROR : send/read tcp data error: Traceback (most recent call last):
  File "G:\tools\anaconda1\.venv\lib\site-packages\PyAibote\Tool\SendTcpData.py", line 25, in SendData
    response = self.StarLoadWait(data)
  File "G:\tools\anaconda1\.venv\lib\site-packages\PyAibote\WindowsBotModel\WinLoadWait.py", line 42, in StarLoadWait
    response = self._Send(data)
  File "G:\tools\anaconda1\.venv\lib\site-packages\PyAibote\WindowsBotModel\WinLoadWait.py", line 21, in _Send
    self.request.sendall(data)
OSError: [WinError 10038] 在一个非套接字上尝试了一个操作。

2025-05-26 22:29:56.053038 - ERROR : send/read tcp data error: Traceback (most recent call last):
  File "G:\tools\anaconda1\.venv\lib\site-packages\PyAibote\Tool\SendTcpData.py", line 25, in SendData
    response = self.StarLoadWait(data)
  File "G:\tools\anaconda1\.venv\lib\site-packages\PyAibote\WindowsBotModel\WinLoadWait.py", line 42, in StarLoadWait
    response = self._Send(data)
  File "G:\tools\anaconda1\.venv\lib\site-packages\PyAibote\WindowsBotModel\WinLoadWait.py", line 21, in _Send
    self.request.sendall(data)
OSError: [WinError 10038] 在一个非套接字上尝试了一个操作。

2025-05-26 22:29:56.055033 - ERROR : send/read tcp data error: Traceback (most recent call last):
  File "G:\tools\anaconda1\.venv\lib\site-packages\PyAibote\Tool\SendTcpData.py", line 25, in SendData
    response = self.StarLoadWait(data)
  File "G:\tools\anaconda1\.venv\lib\site-packages\PyAibote\WindowsBotModel\WinLoadWait.py", line 42, in StarLoadWait
    response = self._Send(data)
  File "G:\tools\anaconda1\.venv\lib\site-packages\PyAibote\WindowsBotModel\WinLoadWait.py", line 21, in _Send
    self.request.sendall(data)
OSError: [WinError 10038] 在一个非套接字上尝试了一个操作。

2025-05-26 22:29:56.057028 - ERROR : send/read tcp data error: Traceback (most recent call last):
  File "G:\tools\anaconda1\.venv\lib\site-packages\PyAibote\Tool\SendTcpData.py", line 25, in SendData
    response = self.StarLoadWait(data)
  File "G:\tools\anaconda1\.venv\lib\site-packages\PyAibote\WindowsBotModel\WinLoadWait.py", line 42, in StarLoadWait
    response = self._Send(data)
  File "G:\tools\anaconda1\.venv\lib\site-packages\PyAibote\WindowsBotModel\WinLoadWait.py", line 21, in _Send
    self.request.sendall(data)
OSError: [WinError 10038] 在一个非套接字上尝试了一个操作。

2025-05-26 22:29:56.059539 - ERROR : send/read tcp data error: Traceback (most recent call last):
  File "G:\tools\anaconda1\.venv\lib\site-packages\PyAibote\Tool\SendTcpData.py", line 25, in SendData
    response = self.StarLoadWait(data)
  File "G:\tools\anaconda1\.venv\lib\site-packages\PyAibote\WindowsBotModel\WinLoadWait.py", line 42, in StarLoadWait
    response = self._Send(data)
  File "G:\tools\anaconda1\.venv\lib\site-packages\PyAibote\WindowsBotModel\WinLoadWait.py", line 21, in _Send
    self.request.sendall(data)
OSError: [WinError 10038] 在一个非套接字上尝试了一个操作。

2025-05-26 22:29:56.062041 - ERROR : send/read tcp data error: Traceback (most recent call last):
  File "G:\tools\anaconda1\.venv\lib\site-packages\PyAibote\Tool\SendTcpData.py", line 25, in SendData
    response = self.StarLoadWait(data)
  File "G:\tools\anaconda1\.venv\lib\site-packages\PyAibote\WindowsBotModel\WinLoadWait.py", line 42, in StarLoadWait
    response = self._Send(data)
  File "G:\tools\anaconda1\.venv\lib\site-packages\PyAibote\WindowsBotModel\WinLoadWait.py", line 21, in _Send
    self.request.sendall(data)
OSError: [WinError 10038] 在一个非套接字上尝试了一个操作。

2025-05-26 22:29:56.064036 - ERROR : send/read tcp data error: Traceback (most recent call last):
  File "G:\tools\anaconda1\.venv\lib\site-packages\PyAibote\Tool\SendTcpData.py", line 25, in SendData
    response = self.StarLoadWait(data)
  File "G:\tools\anaconda1\.venv\lib\site-packages\PyAibote\WindowsBotModel\WinLoadWait.py", line 42, in StarLoadWait
    response = self._Send(data)
  File "G:\tools\anaconda1\.venv\lib\site-packages\PyAibote\WindowsBotModel\WinLoadWait.py", line 21, in _Send
    self.request.sendall(data)
OSError: [WinError 10038] 在一个非套接字上尝试了一个操作。

2025-05-26 22:29:56.080111 - ERROR : send/read tcp data error: Traceback (most recent call last):
  File "G:\tools\anaconda1\.venv\lib\site-packages\PyAibote\Tool\SendTcpData.py", line 25, in SendData
    response = self.StarLoadWait(data)
  File "G:\tools\anaconda1\.venv\lib\site-packages\PyAibote\WindowsBotModel\WinLoadWait.py", line 42, in StarLoadWait
    response = self._Send(data)
  File "G:\tools\anaconda1\.venv\lib\site-packages\PyAibote\WindowsBotModel\WinLoadWait.py", line 21, in _Send
    self.request.sendall(data)
OSError: [WinError 10038] 在一个非套接字上尝试了一个操作。

2025-05-26 22:29:56.082038 - ERROR : send/read tcp data error: Traceback (most recent call last):
  File "G:\tools\anaconda1\.venv\lib\site-packages\PyAibote\Tool\SendTcpData.py", line 25, in SendData
    response = self.StarLoadWait(data)
  File "G:\tools\anaconda1\.venv\lib\site-packages\PyAibote\WindowsBotModel\WinLoadWait.py", line 42, in StarLoadWait
    response = self._Send(data)
  File "G:\tools\anaconda1\.venv\lib\site-packages\PyAibote\WindowsBotModel\WinLoadWait.py", line 21, in _Send
    self.request.sendall(data)
OSError: [WinError 10038] 在一个非套接字上尝试了一个操作。

2025-05-26 22:29:56.085029 - ERROR : send/read tcp data error: Traceback (most recent call last):
  File "G:\tools\anaconda1\.venv\lib\site-packages\PyAibote\Tool\SendTcpData.py", line 25, in SendData
    response = self.StarLoadWait(data)
  File "G:\tools\anaconda1\.venv\lib\site-packages\PyAibote\WindowsBotModel\WinLoadWait.py", line 42, in StarLoadWait
    response = self._Send(data)
  File "G:\tools\anaconda1\.venv\lib\site-packages\PyAibote\WindowsBotModel\WinLoadWait.py", line 21, in _Send
    self.request.sendall(data)
OSError: [WinError 10038] 在一个非套接字上尝试了一个操作。

2025-05-26 22:29:56.087025 - ERROR : send/read tcp data error: Traceback (most recent call last):
  File "G:\tools\anaconda1\.venv\lib\site-packages\PyAibote\Tool\SendTcpData.py", line 25, in SendData
    response = self.StarLoadWait(data)
  File "G:\tools\anaconda1\.venv\lib\site-packages\PyAibote\WindowsBotModel\WinLoadWait.py", line 42, in StarLoadWait
    response = self._Send(data)
  File "G:\tools\anaconda1\.venv\lib\site-packages\PyAibote\WindowsBotModel\WinLoadWait.py", line 21, in _Send
    self.request.sendall(data)
OSError: [WinError 10038] 在一个非套接字上尝试了一个操作。

2025-05-26 22:29:56.089534 - ERROR : send/read tcp data error: Traceback (most recent call last):
  File "G:\tools\anaconda1\.venv\lib\site-packages\PyAibote\Tool\SendTcpData.py", line 25, in SendData
    response = self.StarLoadWait(data)
  File "G:\tools\anaconda1\.venv\lib\site-packages\PyAibote\WindowsBotModel\WinLoadWait.py", line 42, in StarLoadWait
    response = self._Send(data)
  File "G:\tools\anaconda1\.venv\lib\site-packages\PyAibote\WindowsBotModel\WinLoadWait.py", line 21, in _Send
    self.request.sendall(data)
OSError: [WinError 10038] 在一个非套接字上尝试了一个操作。

2025-05-26 22:29:56.091038 - ERROR : send/read tcp data error: Traceback (most recent call last):
  File "G:\tools\anaconda1\.venv\lib\site-packages\PyAibote\Tool\SendTcpData.py", line 25, in SendData
    response = self.StarLoadWait(data)
  File "G:\tools\anaconda1\.venv\lib\site-packages\PyAibote\WindowsBotModel\WinLoadWait.py", line 42, in StarLoadWait
    response = self._Send(data)
  File "G:\tools\anaconda1\.venv\lib\site-packages\PyAibote\WindowsBotModel\WinLoadWait.py", line 21, in _Send
    self.request.sendall(data)
OSError: [WinError 10038] 在一个非套接字上尝试了一个操作。

2025-05-26 22:29:56.093033 - ERROR : send/read tcp data error: Traceback (most recent call last):
  File "G:\tools\anaconda1\.venv\lib\site-packages\PyAibote\Tool\SendTcpData.py", line 25, in SendData
    response = self.StarLoadWait(data)
  File "G:\tools\anaconda1\.venv\lib\site-packages\PyAibote\WindowsBotModel\WinLoadWait.py", line 42, in StarLoadWait
    response = self._Send(data)
  File "G:\tools\anaconda1\.venv\lib\site-packages\PyAibote\WindowsBotModel\WinLoadWait.py", line 21, in _Send
    self.request.sendall(data)
OSError: [WinError 10038] 在一个非套接字上尝试了一个操作。

2025-05-26 22:29:56.095027 - ERROR : send/read tcp data error: Traceback (most recent call last):
  File "G:\tools\anaconda1\.venv\lib\site-packages\PyAibote\Tool\SendTcpData.py", line 25, in SendData
    response = self.StarLoadWait(data)
  File "G:\tools\anaconda1\.venv\lib\site-packages\PyAibote\WindowsBotModel\WinLoadWait.py", line 42, in StarLoadWait
    response = self._Send(data)
  File "G:\tools\anaconda1\.venv\lib\site-packages\PyAibote\WindowsBotModel\WinLoadWait.py", line 21, in _Send
    self.request.sendall(data)
OSError: [WinError 10038] 在一个非套接字上尝试了一个操作。

2025-05-26 22:29:56.097022 - ERROR : send/read tcp data error: Traceback (most recent call last):
  File "G:\tools\anaconda1\.venv\lib\site-packages\PyAibote\Tool\SendTcpData.py", line 25, in SendData
    response = self.StarLoadWait(data)
  File "G:\tools\anaconda1\.venv\lib\site-packages\PyAibote\WindowsBotModel\WinLoadWait.py", line 42, in StarLoadWait
    response = self._Send(data)
  File "G:\tools\anaconda1\.venv\lib\site-packages\PyAibote\WindowsBotModel\WinLoadWait.py", line 21, in _Send
    self.request.sendall(data)
OSError: [WinError 10038] 在一个非套接字上尝试了一个操作。

2025-05-26 22:29:56.100049 - ERROR : send/read tcp data error: Traceback (most recent call last):
  File "G:\tools\anaconda1\.venv\lib\site-packages\PyAibote\Tool\SendTcpData.py", line 25, in SendData
    response = self.StarLoadWait(data)
  File "G:\tools\anaconda1\.venv\lib\site-packages\PyAibote\WindowsBotModel\WinLoadWait.py", line 42, in StarLoadWait
    response = self._Send(data)
  File "G:\tools\anaconda1\.venv\lib\site-packages\PyAibote\WindowsBotModel\WinLoadWait.py", line 21, in _Send
    self.request.sendall(data)
OSError: [WinError 10038] 在一个非套接字上尝试了一个操作。

2025-05-26 22:29:56.121038 - ERROR : send/read tcp data error: Traceback (most recent call last):
  File "G:\tools\anaconda1\.venv\lib\site-packages\PyAibote\Tool\SendTcpData.py", line 25, in SendData
    response = self.StarLoadWait(data)
  File "G:\tools\anaconda1\.venv\lib\site-packages\PyAibote\WindowsBotModel\WinLoadWait.py", line 42, in StarLoadWait
    response = self._Send(data)
  File "G:\tools\anaconda1\.venv\lib\site-packages\PyAibote\WindowsBotModel\WinLoadWait.py", line 21, in _Send
    self.request.sendall(data)
OSError: [WinError 10038] 在一个非套接字上尝试了一个操作。

2025-05-26 22:29:56.124026 - ERROR : send/read tcp data error: Traceback (most recent call last):
  File "G:\tools\anaconda1\.venv\lib\site-packages\PyAibote\Tool\SendTcpData.py", line 25, in SendData
    response = self.StarLoadWait(data)
  File "G:\tools\anaconda1\.venv\lib\site-packages\PyAibote\WindowsBotModel\WinLoadWait.py", line 42, in StarLoadWait
    response = self._Send(data)
  File "G:\tools\anaconda1\.venv\lib\site-packages\PyAibote\WindowsBotModel\WinLoadWait.py", line 21, in _Send
    self.request.sendall(data)
OSError: [WinError 10038] 在一个非套接字上尝试了一个操作。

2025-05-26 22:29:56.126021 - ERROR : send/read tcp data error: Traceback (most recent call last):
  File "G:\tools\anaconda1\.venv\lib\site-packages\PyAibote\Tool\SendTcpData.py", line 25, in SendData
    response = self.StarLoadWait(data)
  File "G:\tools\anaconda1\.venv\lib\site-packages\PyAibote\WindowsBotModel\WinLoadWait.py", line 42, in StarLoadWait
    response = self._Send(data)
  File "G:\tools\anaconda1\.venv\lib\site-packages\PyAibote\WindowsBotModel\WinLoadWait.py", line 21, in _Send
    self.request.sendall(data)
OSError: [WinError 10038] 在一个非套接字上尝试了一个操作。

2025-05-26 22:29:56.127019 - ERROR : send/read tcp data error: Traceback (most recent call last):
  File "G:\tools\anaconda1\.venv\lib\site-packages\PyAibote\Tool\SendTcpData.py", line 25, in SendData
    response = self.StarLoadWait(data)
  File "G:\tools\anaconda1\.venv\lib\site-packages\PyAibote\WindowsBotModel\WinLoadWait.py", line 42, in StarLoadWait
    response = self._Send(data)
  File "G:\tools\anaconda1\.venv\lib\site-packages\PyAibote\WindowsBotModel\WinLoadWait.py", line 21, in _Send
    self.request.sendall(data)
OSError: [WinError 10038] 在一个非套接字上尝试了一个操作。

2025-05-26 22:29:56.129532 - ERROR : send/read tcp data error: Traceback (most recent call last):
  File "G:\tools\anaconda1\.venv\lib\site-packages\PyAibote\Tool\SendTcpData.py", line 25, in SendData
    response = self.StarLoadWait(data)
  File "G:\tools\anaconda1\.venv\lib\site-packages\PyAibote\WindowsBotModel\WinLoadWait.py", line 42, in StarLoadWait
    response = self._Send(data)
  File "G:\tools\anaconda1\.venv\lib\site-packages\PyAibote\WindowsBotModel\WinLoadWait.py", line 21, in _Send
    self.request.sendall(data)
OSError: [WinError 10038] 在一个非套接字上尝试了一个操作。

2025-05-26 22:29:56.133030 - ERROR : send/read tcp data error: Traceback (most recent call last):
  File "G:\tools\anaconda1\.venv\lib\site-packages\PyAibote\Tool\SendTcpData.py", line 25, in SendData
    response = self.StarLoadWait(data)
  File "G:\tools\anaconda1\.venv\lib\site-packages\PyAibote\WindowsBotModel\WinLoadWait.py", line 42, in StarLoadWait
    response = self._Send(data)
  File "G:\tools\anaconda1\.venv\lib\site-packages\PyAibote\WindowsBotModel\WinLoadWait.py", line 21, in _Send
    self.request.sendall(data)
OSError: [WinError 10038] 在一个非套接字上尝试了一个操作。

2025-05-26 22:29:56.135025 - ERROR : send/read tcp data error: Traceback (most recent call last):
  File "G:\tools\anaconda1\.venv\lib\site-packages\PyAibote\Tool\SendTcpData.py", line 25, in SendData
    response = self.StarLoadWait(data)
  File "G:\tools\anaconda1\.venv\lib\site-packages\PyAibote\WindowsBotModel\WinLoadWait.py", line 42, in StarLoadWait
    response = self._Send(data)
  File "G:\tools\anaconda1\.venv\lib\site-packages\PyAibote\WindowsBotModel\WinLoadWait.py", line 21, in _Send
    self.request.sendall(data)
OSError: [WinError 10038] 在一个非套接字上尝试了一个操作。

2025-05-26 22:29:56.137020 - ERROR : send/read tcp data error: Traceback (most recent call last):
  File "G:\tools\anaconda1\.venv\lib\site-packages\PyAibote\Tool\SendTcpData.py", line 25, in SendData
    response = self.StarLoadWait(data)
  File "G:\tools\anaconda1\.venv\lib\site-packages\PyAibote\WindowsBotModel\WinLoadWait.py", line 42, in StarLoadWait
    response = self._Send(data)
  File "G:\tools\anaconda1\.venv\lib\site-packages\PyAibote\WindowsBotModel\WinLoadWait.py", line 21, in _Send
    self.request.sendall(data)
OSError: [WinError 10038] 在一个非套接字上尝试了一个操作。

2025-05-26 22:29:56.140044 - ERROR : send/read tcp data error: Traceback (most recent call last):
  File "G:\tools\anaconda1\.venv\lib\site-packages\PyAibote\Tool\SendTcpData.py", line 25, in SendData
    response = self.StarLoadWait(data)
  File "G:\tools\anaconda1\.venv\lib\site-packages\PyAibote\WindowsBotModel\WinLoadWait.py", line 42, in StarLoadWait
    response = self._Send(data)
  File "G:\tools\anaconda1\.venv\lib\site-packages\PyAibote\WindowsBotModel\WinLoadWait.py", line 21, in _Send
    self.request.sendall(data)
OSError: [WinError 10038] 在一个非套接字上尝试了一个操作。

2025-05-26 22:29:56.142032 - ERROR : send/read tcp data error: Traceback (most recent call last):
  File "G:\tools\anaconda1\.venv\lib\site-packages\PyAibote\Tool\SendTcpData.py", line 25, in SendData
    response = self.StarLoadWait(data)
  File "G:\tools\anaconda1\.venv\lib\site-packages\PyAibote\WindowsBotModel\WinLoadWait.py", line 42, in StarLoadWait
    response = self._Send(data)
  File "G:\tools\anaconda1\.venv\lib\site-packages\PyAibote\WindowsBotModel\WinLoadWait.py", line 21, in _Send
    self.request.sendall(data)
OSError: [WinError 10038] 在一个非套接字上尝试了一个操作。

2025-05-26 22:29:56.160037 - ERROR : send/read tcp data error: Traceback (most recent call last):
  File "G:\tools\anaconda1\.venv\lib\site-packages\PyAibote\Tool\SendTcpData.py", line 25, in SendData
    response = self.StarLoadWait(data)
  File "G:\tools\anaconda1\.venv\lib\site-packages\PyAibote\WindowsBotModel\WinLoadWait.py", line 42, in StarLoadWait
    response = self._Send(data)
  File "G:\tools\anaconda1\.venv\lib\site-packages\PyAibote\WindowsBotModel\WinLoadWait.py", line 21, in _Send
    self.request.sendall(data)
OSError: [WinError 10038] 在一个非套接字上尝试了一个操作。

2025-05-26 22:29:56.163027 - ERROR : send/read tcp data error: Traceback (most recent call last):
  File "G:\tools\anaconda1\.venv\lib\site-packages\PyAibote\Tool\SendTcpData.py", line 25, in SendData
    response = self.StarLoadWait(data)
  File "G:\tools\anaconda1\.venv\lib\site-packages\PyAibote\WindowsBotModel\WinLoadWait.py", line 42, in StarLoadWait
    response = self._Send(data)
  File "G:\tools\anaconda1\.venv\lib\site-packages\PyAibote\WindowsBotModel\WinLoadWait.py", line 21, in _Send
    self.request.sendall(data)
OSError: [WinError 10038] 在一个非套接字上尝试了一个操作。

2025-05-26 22:29:56.166017 - ERROR : send/read tcp data error: Traceback (most recent call last):
  File "G:\tools\anaconda1\.venv\lib\site-packages\PyAibote\Tool\SendTcpData.py", line 25, in SendData
    response = self.StarLoadWait(data)
  File "G:\tools\anaconda1\.venv\lib\site-packages\PyAibote\WindowsBotModel\WinLoadWait.py", line 42, in StarLoadWait
    response = self._Send(data)
  File "G:\tools\anaconda1\.venv\lib\site-packages\PyAibote\WindowsBotModel\WinLoadWait.py", line 21, in _Send
    self.request.sendall(data)
OSError: [WinError 10038] 在一个非套接字上尝试了一个操作。

2025-05-26 22:29:56.168012 - ERROR : send/read tcp data error: Traceback (most recent call last):
  File "G:\tools\anaconda1\.venv\lib\site-packages\PyAibote\Tool\SendTcpData.py", line 25, in SendData
    response = self.StarLoadWait(data)
  File "G:\tools\anaconda1\.venv\lib\site-packages\PyAibote\WindowsBotModel\WinLoadWait.py", line 42, in StarLoadWait
    response = self._Send(data)
  File "G:\tools\anaconda1\.venv\lib\site-packages\PyAibote\WindowsBotModel\WinLoadWait.py", line 21, in _Send
    self.request.sendall(data)
OSError: [WinError 10038] 在一个非套接字上尝试了一个操作。

2025-05-26 22:29:56.170041 - ERROR : send/read tcp data error: Traceback (most recent call last):
  File "G:\tools\anaconda1\.venv\lib\site-packages\PyAibote\Tool\SendTcpData.py", line 25, in SendData
    response = self.StarLoadWait(data)
  File "G:\tools\anaconda1\.venv\lib\site-packages\PyAibote\WindowsBotModel\WinLoadWait.py", line 42, in StarLoadWait
    response = self._Send(data)
  File "G:\tools\anaconda1\.venv\lib\site-packages\PyAibote\WindowsBotModel\WinLoadWait.py", line 21, in _Send
    self.request.sendall(data)
OSError: [WinError 10038] 在一个非套接字上尝试了一个操作。

2025-05-26 22:29:56.172029 - ERROR : send/read tcp data error: Traceback (most recent call last):
  File "G:\tools\anaconda1\.venv\lib\site-packages\PyAibote\Tool\SendTcpData.py", line 25, in SendData
    response = self.StarLoadWait(data)
  File "G:\tools\anaconda1\.venv\lib\site-packages\PyAibote\WindowsBotModel\WinLoadWait.py", line 42, in StarLoadWait
    response = self._Send(data)
  File "G:\tools\anaconda1\.venv\lib\site-packages\PyAibote\WindowsBotModel\WinLoadWait.py", line 21, in _Send
    self.request.sendall(data)
OSError: [WinError 10038] 在一个非套接字上尝试了一个操作。

2025-05-26 22:29:56.174024 - ERROR : send/read tcp data error: Traceback (most recent call last):
  File "G:\tools\anaconda1\.venv\lib\site-packages\PyAibote\Tool\SendTcpData.py", line 25, in SendData
    response = self.StarLoadWait(data)
  File "G:\tools\anaconda1\.venv\lib\site-packages\PyAibote\WindowsBotModel\WinLoadWait.py", line 42, in StarLoadWait
    response = self._Send(data)
  File "G:\tools\anaconda1\.venv\lib\site-packages\PyAibote\WindowsBotModel\WinLoadWait.py", line 21, in _Send
    self.request.sendall(data)
OSError: [WinError 10038] 在一个非套接字上尝试了一个操作。

2025-05-26 22:29:56.176018 - ERROR : send/read tcp data error: Traceback (most recent call last):
  File "G:\tools\anaconda1\.venv\lib\site-packages\PyAibote\Tool\SendTcpData.py", line 25, in SendData
    response = self.StarLoadWait(data)
  File "G:\tools\anaconda1\.venv\lib\site-packages\PyAibote\WindowsBotModel\WinLoadWait.py", line 42, in StarLoadWait
    response = self._Send(data)
  File "G:\tools\anaconda1\.venv\lib\site-packages\PyAibote\WindowsBotModel\WinLoadWait.py", line 21, in _Send
    self.request.sendall(data)
OSError: [WinError 10038] 在一个非套接字上尝试了一个操作。

2025-05-26 22:29:56.178013 - ERROR : send/read tcp data error: Traceback (most recent call last):
  File "G:\tools\anaconda1\.venv\lib\site-packages\PyAibote\Tool\SendTcpData.py", line 25, in SendData
    response = self.StarLoadWait(data)
  File "G:\tools\anaconda1\.venv\lib\site-packages\PyAibote\WindowsBotModel\WinLoadWait.py", line 42, in StarLoadWait
    response = self._Send(data)
  File "G:\tools\anaconda1\.venv\lib\site-packages\PyAibote\WindowsBotModel\WinLoadWait.py", line 21, in _Send
    self.request.sendall(data)
OSError: [WinError 10038] 在一个非套接字上尝试了一个操作。

2025-05-26 22:29:56.181032 - ERROR : send/read tcp data error: Traceback (most recent call last):
  File "G:\tools\anaconda1\.venv\lib\site-packages\PyAibote\Tool\SendTcpData.py", line 25, in SendData
    response = self.StarLoadWait(data)
  File "G:\tools\anaconda1\.venv\lib\site-packages\PyAibote\WindowsBotModel\WinLoadWait.py", line 42, in StarLoadWait
    response = self._Send(data)
  File "G:\tools\anaconda1\.venv\lib\site-packages\PyAibote\WindowsBotModel\WinLoadWait.py", line 21, in _Send
    self.request.sendall(data)
OSError: [WinError 10038] 在一个非套接字上尝试了一个操作。

2025-05-26 22:29:56.183027 - ERROR : send/read tcp data error: Traceback (most recent call last):
  File "G:\tools\anaconda1\.venv\lib\site-packages\PyAibote\Tool\SendTcpData.py", line 25, in SendData
    response = self.StarLoadWait(data)
  File "G:\tools\anaconda1\.venv\lib\site-packages\PyAibote\WindowsBotModel\WinLoadWait.py", line 42, in StarLoadWait
    response = self._Send(data)
  File "G:\tools\anaconda1\.venv\lib\site-packages\PyAibote\WindowsBotModel\WinLoadWait.py", line 21, in _Send
    self.request.sendall(data)
OSError: [WinError 10038] 在一个非套接字上尝试了一个操作。

2025-05-26 22:29:56.185022 - ERROR : send/read tcp data error: Traceback (most recent call last):
  File "G:\tools\anaconda1\.venv\lib\site-packages\PyAibote\Tool\SendTcpData.py", line 25, in SendData
    response = self.StarLoadWait(data)
  File "G:\tools\anaconda1\.venv\lib\site-packages\PyAibote\WindowsBotModel\WinLoadWait.py", line 42, in StarLoadWait
    response = self._Send(data)
  File "G:\tools\anaconda1\.venv\lib\site-packages\PyAibote\WindowsBotModel\WinLoadWait.py", line 21, in _Send
    self.request.sendall(data)
OSError: [WinError 10038] 在一个非套接字上尝试了一个操作。

2025-05-26 22:29:56.187018 - ERROR : send/read tcp data error: Traceback (most recent call last):
  File "G:\tools\anaconda1\.venv\lib\site-packages\PyAibote\Tool\SendTcpData.py", line 25, in SendData
    response = self.StarLoadWait(data)
  File "G:\tools\anaconda1\.venv\lib\site-packages\PyAibote\WindowsBotModel\WinLoadWait.py", line 42, in StarLoadWait
    response = self._Send(data)
  File "G:\tools\anaconda1\.venv\lib\site-packages\PyAibote\WindowsBotModel\WinLoadWait.py", line 21, in _Send
    self.request.sendall(data)
OSError: [WinError 10038] 在一个非套接字上尝试了一个操作。

2025-05-26 22:29:56.190050 - ERROR : send/read tcp data error: Traceback (most recent call last):
  File "G:\tools\anaconda1\.venv\lib\site-packages\PyAibote\Tool\SendTcpData.py", line 25, in SendData
    response = self.StarLoadWait(data)
  File "G:\tools\anaconda1\.venv\lib\site-packages\PyAibote\WindowsBotModel\WinLoadWait.py", line 42, in StarLoadWait
    response = self._Send(data)
  File "G:\tools\anaconda1\.venv\lib\site-packages\PyAibote\WindowsBotModel\WinLoadWait.py", line 21, in _Send
    self.request.sendall(data)
OSError: [WinError 10038] 在一个非套接字上尝试了一个操作。

2025-05-26 22:29:56.198022 - ERROR : send/read tcp data error: Traceback (most recent call last):
  File "G:\tools\anaconda1\.venv\lib\site-packages\PyAibote\Tool\SendTcpData.py", line 25, in SendData
    response = self.StarLoadWait(data)
  File "G:\tools\anaconda1\.venv\lib\site-packages\PyAibote\WindowsBotModel\WinLoadWait.py", line 42, in StarLoadWait
    response = self._Send(data)
  File "G:\tools\anaconda1\.venv\lib\site-packages\PyAibote\WindowsBotModel\WinLoadWait.py", line 21, in _Send
    self.request.sendall(data)
OSError: [WinError 10038] 在一个非套接字上尝试了一个操作。

2025-05-26 22:29:56.201043 - ERROR : send/read tcp data error: Traceback (most recent call last):
  File "G:\tools\anaconda1\.venv\lib\site-packages\PyAibote\Tool\SendTcpData.py", line 25, in SendData
    response = self.StarLoadWait(data)
  File "G:\tools\anaconda1\.venv\lib\site-packages\PyAibote\WindowsBotModel\WinLoadWait.py", line 42, in StarLoadWait
    response = self._Send(data)
  File "G:\tools\anaconda1\.venv\lib\site-packages\PyAibote\WindowsBotModel\WinLoadWait.py", line 21, in _Send
    self.request.sendall(data)
OSError: [WinError 10038] 在一个非套接字上尝试了一个操作。

2025-05-26 22:29:56.203035 - ERROR : send/read tcp data error: Traceback (most recent call last):
  File "G:\tools\anaconda1\.venv\lib\site-packages\PyAibote\Tool\SendTcpData.py", line 25, in SendData
    response = self.StarLoadWait(data)
  File "G:\tools\anaconda1\.venv\lib\site-packages\PyAibote\WindowsBotModel\WinLoadWait.py", line 42, in StarLoadWait
    response = self._Send(data)
  File "G:\tools\anaconda1\.venv\lib\site-packages\PyAibote\WindowsBotModel\WinLoadWait.py", line 21, in _Send
    self.request.sendall(data)
OSError: [WinError 10038] 在一个非套接字上尝试了一个操作。

2025-05-26 22:29:56.206027 - ERROR : send/read tcp data error: Traceback (most recent call last):
  File "G:\tools\anaconda1\.venv\lib\site-packages\PyAibote\Tool\SendTcpData.py", line 25, in SendData
    response = self.StarLoadWait(data)
  File "G:\tools\anaconda1\.venv\lib\site-packages\PyAibote\WindowsBotModel\WinLoadWait.py", line 42, in StarLoadWait
    response = self._Send(data)
  File "G:\tools\anaconda1\.venv\lib\site-packages\PyAibote\WindowsBotModel\WinLoadWait.py", line 21, in _Send
    self.request.sendall(data)
OSError: [WinError 10038] 在一个非套接字上尝试了一个操作。

2025-05-26 22:29:56.208023 - ERROR : send/read tcp data error: Traceback (most recent call last):
  File "G:\tools\anaconda1\.venv\lib\site-packages\PyAibote\Tool\SendTcpData.py", line 25, in SendData
    response = self.StarLoadWait(data)
  File "G:\tools\anaconda1\.venv\lib\site-packages\PyAibote\WindowsBotModel\WinLoadWait.py", line 42, in StarLoadWait
    response = self._Send(data)
  File "G:\tools\anaconda1\.venv\lib\site-packages\PyAibote\WindowsBotModel\WinLoadWait.py", line 21, in _Send
    self.request.sendall(data)
OSError: [WinError 10038] 在一个非套接字上尝试了一个操作。

2025-05-26 22:29:56.212043 - ERROR : send/read tcp data error: Traceback (most recent call last):
  File "G:\tools\anaconda1\.venv\lib\site-packages\PyAibote\Tool\SendTcpData.py", line 25, in SendData
    response = self.StarLoadWait(data)
  File "G:\tools\anaconda1\.venv\lib\site-packages\PyAibote\WindowsBotModel\WinLoadWait.py", line 42, in StarLoadWait
    response = self._Send(data)
  File "G:\tools\anaconda1\.venv\lib\site-packages\PyAibote\WindowsBotModel\WinLoadWait.py", line 21, in _Send
    self.request.sendall(data)
OSError: [WinError 10038] 在一个非套接字上尝试了一个操作。

2025-05-26 22:29:56.214039 - ERROR : send/read tcp data error: Traceback (most recent call last):
  File "G:\tools\anaconda1\.venv\lib\site-packages\PyAibote\Tool\SendTcpData.py", line 25, in SendData
    response = self.StarLoadWait(data)
  File "G:\tools\anaconda1\.venv\lib\site-packages\PyAibote\WindowsBotModel\WinLoadWait.py", line 42, in StarLoadWait
    response = self._Send(data)
  File "G:\tools\anaconda1\.venv\lib\site-packages\PyAibote\WindowsBotModel\WinLoadWait.py", line 21, in _Send
    self.request.sendall(data)
OSError: [WinError 10038] 在一个非套接字上尝试了一个操作。

2025-05-26 22:29:56.217031 - ERROR : send/read tcp data error: Traceback (most recent call last):
  File "G:\tools\anaconda1\.venv\lib\site-packages\PyAibote\Tool\SendTcpData.py", line 25, in SendData
    response = self.StarLoadWait(data)
  File "G:\tools\anaconda1\.venv\lib\site-packages\PyAibote\WindowsBotModel\WinLoadWait.py", line 42, in StarLoadWait
    response = self._Send(data)
  File "G:\tools\anaconda1\.venv\lib\site-packages\PyAibote\WindowsBotModel\WinLoadWait.py", line 21, in _Send
    self.request.sendall(data)
OSError: [WinError 10038] 在一个非套接字上尝试了一个操作。

2025-05-26 22:29:56.219025 - ERROR : send/read tcp data error: Traceback (most recent call last):
  File "G:\tools\anaconda1\.venv\lib\site-packages\PyAibote\Tool\SendTcpData.py", line 25, in SendData
    response = self.StarLoadWait(data)
  File "G:\tools\anaconda1\.venv\lib\site-packages\PyAibote\WindowsBotModel\WinLoadWait.py", line 42, in StarLoadWait
    response = self._Send(data)
  File "G:\tools\anaconda1\.venv\lib\site-packages\PyAibote\WindowsBotModel\WinLoadWait.py", line 21, in _Send
    self.request.sendall(data)
OSError: [WinError 10038] 在一个非套接字上尝试了一个操作。

2025-05-26 22:29:56.221529 - ERROR : send/read tcp data error: Traceback (most recent call last):
  File "G:\tools\anaconda1\.venv\lib\site-packages\PyAibote\Tool\SendTcpData.py", line 25, in SendData
    response = self.StarLoadWait(data)
  File "G:\tools\anaconda1\.venv\lib\site-packages\PyAibote\WindowsBotModel\WinLoadWait.py", line 42, in StarLoadWait
    response = self._Send(data)
  File "G:\tools\anaconda1\.venv\lib\site-packages\PyAibote\WindowsBotModel\WinLoadWait.py", line 21, in _Send
    self.request.sendall(data)
OSError: [WinError 10038] 在一个非套接字上尝试了一个操作。

2025-05-26 22:29:56.223524 - ERROR : send/read tcp data error: Traceback (most recent call last):
  File "G:\tools\anaconda1\.venv\lib\site-packages\PyAibote\Tool\SendTcpData.py", line 25, in SendData
    response = self.StarLoadWait(data)
  File "G:\tools\anaconda1\.venv\lib\site-packages\PyAibote\WindowsBotModel\WinLoadWait.py", line 42, in StarLoadWait
    response = self._Send(data)
  File "G:\tools\anaconda1\.venv\lib\site-packages\PyAibote\WindowsBotModel\WinLoadWait.py", line 21, in _Send
    self.request.sendall(data)
OSError: [WinError 10038] 在一个非套接字上尝试了一个操作。

2025-05-26 22:29:56.231504 - ERROR : send/read tcp data error: Traceback (most recent call last):
  File "G:\tools\anaconda1\.venv\lib\site-packages\PyAibote\Tool\SendTcpData.py", line 25, in SendData
    response = self.StarLoadWait(data)
  File "G:\tools\anaconda1\.venv\lib\site-packages\PyAibote\WindowsBotModel\WinLoadWait.py", line 42, in StarLoadWait
    response = self._Send(data)
  File "G:\tools\anaconda1\.venv\lib\site-packages\PyAibote\WindowsBotModel\WinLoadWait.py", line 21, in _Send
    self.request.sendall(data)
OSError: [WinError 10038] 在一个非套接字上尝试了一个操作。

2025-05-26 22:29:56.233498 - ERROR : send/read tcp data error: Traceback (most recent call last):
  File "G:\tools\anaconda1\.venv\lib\site-packages\PyAibote\Tool\SendTcpData.py", line 25, in SendData
    response = self.StarLoadWait(data)
  File "G:\tools\anaconda1\.venv\lib\site-packages\PyAibote\WindowsBotModel\WinLoadWait.py", line 42, in StarLoadWait
    response = self._Send(data)
  File "G:\tools\anaconda1\.venv\lib\site-packages\PyAibote\WindowsBotModel\WinLoadWait.py", line 21, in _Send
    self.request.sendall(data)
OSError: [WinError 10038] 在一个非套接字上尝试了一个操作。

2025-05-26 22:29:56.236490 - ERROR : send/read tcp data error: Traceback (most recent call last):
  File "G:\tools\anaconda1\.venv\lib\site-packages\PyAibote\Tool\SendTcpData.py", line 25, in SendData
    response = self.StarLoadWait(data)
  File "G:\tools\anaconda1\.venv\lib\site-packages\PyAibote\WindowsBotModel\WinLoadWait.py", line 42, in StarLoadWait
    response = self._Send(data)
  File "G:\tools\anaconda1\.venv\lib\site-packages\PyAibote\WindowsBotModel\WinLoadWait.py", line 21, in _Send
    self.request.sendall(data)
OSError: [WinError 10038] 在一个非套接字上尝试了一个操作。

2025-05-26 22:29:56.238486 - ERROR : send/read tcp data error: Traceback (most recent call last):
  File "G:\tools\anaconda1\.venv\lib\site-packages\PyAibote\Tool\SendTcpData.py", line 25, in SendData
    response = self.StarLoadWait(data)
  File "G:\tools\anaconda1\.venv\lib\site-packages\PyAibote\WindowsBotModel\WinLoadWait.py", line 42, in StarLoadWait
    response = self._Send(data)
  File "G:\tools\anaconda1\.venv\lib\site-packages\PyAibote\WindowsBotModel\WinLoadWait.py", line 21, in _Send
    self.request.sendall(data)
OSError: [WinError 10038] 在一个非套接字上尝试了一个操作。

2025-05-26 22:29:56.240481 - ERROR : send/read tcp data error: Traceback (most recent call last):
  File "G:\tools\anaconda1\.venv\lib\site-packages\PyAibote\Tool\SendTcpData.py", line 25, in SendData
    response = self.StarLoadWait(data)
  File "G:\tools\anaconda1\.venv\lib\site-packages\PyAibote\WindowsBotModel\WinLoadWait.py", line 42, in StarLoadWait
    response = self._Send(data)
  File "G:\tools\anaconda1\.venv\lib\site-packages\PyAibote\WindowsBotModel\WinLoadWait.py", line 21, in _Send
    self.request.sendall(data)
OSError: [WinError 10038] 在一个非套接字上尝试了一个操作。

2025-05-26 22:29:56.242475 - ERROR : send/read tcp data error: Traceback (most recent call last):
  File "G:\tools\anaconda1\.venv\lib\site-packages\PyAibote\Tool\SendTcpData.py", line 25, in SendData
    response = self.StarLoadWait(data)
  File "G:\tools\anaconda1\.venv\lib\site-packages\PyAibote\WindowsBotModel\WinLoadWait.py", line 42, in StarLoadWait
    response = self._Send(data)
  File "G:\tools\anaconda1\.venv\lib\site-packages\PyAibote\WindowsBotModel\WinLoadWait.py", line 21, in _Send
    self.request.sendall(data)
OSError: [WinError 10038] 在一个非套接字上尝试了一个操作。

2025-05-26 22:29:56.244471 - ERROR : send/read tcp data error: Traceback (most recent call last):
  File "G:\tools\anaconda1\.venv\lib\site-packages\PyAibote\Tool\SendTcpData.py", line 25, in SendData
    response = self.StarLoadWait(data)
  File "G:\tools\anaconda1\.venv\lib\site-packages\PyAibote\WindowsBotModel\WinLoadWait.py", line 42, in StarLoadWait
    response = self._Send(data)
  File "G:\tools\anaconda1\.venv\lib\site-packages\PyAibote\WindowsBotModel\WinLoadWait.py", line 21, in _Send
    self.request.sendall(data)
OSError: [WinError 10038] 在一个非套接字上尝试了一个操作。

2025-05-26 22:29:56.261427 - ERROR : send/read tcp data error: Traceback (most recent call last):
  File "G:\tools\anaconda1\.venv\lib\site-packages\PyAibote\Tool\SendTcpData.py", line 25, in SendData
    response = self.StarLoadWait(data)
  File "G:\tools\anaconda1\.venv\lib\site-packages\PyAibote\WindowsBotModel\WinLoadWait.py", line 42, in StarLoadWait
    response = self._Send(data)
  File "G:\tools\anaconda1\.venv\lib\site-packages\PyAibote\WindowsBotModel\WinLoadWait.py", line 21, in _Send
    self.request.sendall(data)
OSError: [WinError 10038] 在一个非套接字上尝试了一个操作。

2025-05-26 22:29:56.263423 - ERROR : send/read tcp data error: Traceback (most recent call last):
  File "G:\tools\anaconda1\.venv\lib\site-packages\PyAibote\Tool\SendTcpData.py", line 25, in SendData
    response = self.StarLoadWait(data)
  File "G:\tools\anaconda1\.venv\lib\site-packages\PyAibote\WindowsBotModel\WinLoadWait.py", line 42, in StarLoadWait
    response = self._Send(data)
  File "G:\tools\anaconda1\.venv\lib\site-packages\PyAibote\WindowsBotModel\WinLoadWait.py", line 21, in _Send
    self.request.sendall(data)
OSError: [WinError 10038] 在一个非套接字上尝试了一个操作。

2025-05-26 22:29:56.266415 - ERROR : send/read tcp data error: Traceback (most recent call last):
  File "G:\tools\anaconda1\.venv\lib\site-packages\PyAibote\Tool\SendTcpData.py", line 25, in SendData
    response = self.StarLoadWait(data)
  File "G:\tools\anaconda1\.venv\lib\site-packages\PyAibote\WindowsBotModel\WinLoadWait.py", line 42, in StarLoadWait
    response = self._Send(data)
  File "G:\tools\anaconda1\.venv\lib\site-packages\PyAibote\WindowsBotModel\WinLoadWait.py", line 21, in _Send
    self.request.sendall(data)
OSError: [WinError 10038] 在一个非套接字上尝试了一个操作。

2025-05-26 22:29:56.268409 - ERROR : send/read tcp data error: Traceback (most recent call last):
  File "G:\tools\anaconda1\.venv\lib\site-packages\PyAibote\Tool\SendTcpData.py", line 25, in SendData
    response = self.StarLoadWait(data)
  File "G:\tools\anaconda1\.venv\lib\site-packages\PyAibote\WindowsBotModel\WinLoadWait.py", line 42, in StarLoadWait
    response = self._Send(data)
  File "G:\tools\anaconda1\.venv\lib\site-packages\PyAibote\WindowsBotModel\WinLoadWait.py", line 21, in _Send
    self.request.sendall(data)
OSError: [WinError 10038] 在一个非套接字上尝试了一个操作。

2025-05-26 22:29:56.270404 - ERROR : send/read tcp data error: Traceback (most recent call last):
  File "G:\tools\anaconda1\.venv\lib\site-packages\PyAibote\Tool\SendTcpData.py", line 25, in SendData
    response = self.StarLoadWait(data)
  File "G:\tools\anaconda1\.venv\lib\site-packages\PyAibote\WindowsBotModel\WinLoadWait.py", line 42, in StarLoadWait
    response = self._Send(data)
  File "G:\tools\anaconda1\.venv\lib\site-packages\PyAibote\WindowsBotModel\WinLoadWait.py", line 21, in _Send
    self.request.sendall(data)
OSError: [WinError 10038] 在一个非套接字上尝试了一个操作。

2025-05-26 22:29:56.272399 - ERROR : send/read tcp data error: Traceback (most recent call last):
  File "G:\tools\anaconda1\.venv\lib\site-packages\PyAibote\Tool\SendTcpData.py", line 25, in SendData
    response = self.StarLoadWait(data)
  File "G:\tools\anaconda1\.venv\lib\site-packages\PyAibote\WindowsBotModel\WinLoadWait.py", line 42, in StarLoadWait
    response = self._Send(data)
  File "G:\tools\anaconda1\.venv\lib\site-packages\PyAibote\WindowsBotModel\WinLoadWait.py", line 21, in _Send
    self.request.sendall(data)
OSError: [WinError 10038] 在一个非套接字上尝试了一个操作。

2025-05-26 22:29:56.274394 - ERROR : send/read tcp data error: Traceback (most recent call last):
  File "G:\tools\anaconda1\.venv\lib\site-packages\PyAibote\Tool\SendTcpData.py", line 25, in SendData
    response = self.StarLoadWait(data)
  File "G:\tools\anaconda1\.venv\lib\site-packages\PyAibote\WindowsBotModel\WinLoadWait.py", line 42, in StarLoadWait
    response = self._Send(data)
  File "G:\tools\anaconda1\.venv\lib\site-packages\PyAibote\WindowsBotModel\WinLoadWait.py", line 21, in _Send
    self.request.sendall(data)
OSError: [WinError 10038] 在一个非套接字上尝试了一个操作。

2025-05-26 22:29:56.276388 - ERROR : send/read tcp data error: Traceback (most recent call last):
  File "G:\tools\anaconda1\.venv\lib\site-packages\PyAibote\Tool\SendTcpData.py", line 25, in SendData
    response = self.StarLoadWait(data)
  File "G:\tools\anaconda1\.venv\lib\site-packages\PyAibote\WindowsBotModel\WinLoadWait.py", line 42, in StarLoadWait
    response = self._Send(data)
  File "G:\tools\anaconda1\.venv\lib\site-packages\PyAibote\WindowsBotModel\WinLoadWait.py", line 21, in _Send
    self.request.sendall(data)
OSError: [WinError 10038] 在一个非套接字上尝试了一个操作。

2025-05-26 22:29:56.278383 - ERROR : send/read tcp data error: Traceback (most recent call last):
  File "G:\tools\anaconda1\.venv\lib\site-packages\PyAibote\Tool\SendTcpData.py", line 25, in SendData
    response = self.StarLoadWait(data)
  File "G:\tools\anaconda1\.venv\lib\site-packages\PyAibote\WindowsBotModel\WinLoadWait.py", line 42, in StarLoadWait
    response = self._Send(data)
  File "G:\tools\anaconda1\.venv\lib\site-packages\PyAibote\WindowsBotModel\WinLoadWait.py", line 21, in _Send
    self.request.sendall(data)
OSError: [WinError 10038] 在一个非套接字上尝试了一个操作。

2025-05-26 22:29:56.280378 - ERROR : send/read tcp data error: Traceback (most recent call last):
  File "G:\tools\anaconda1\.venv\lib\site-packages\PyAibote\Tool\SendTcpData.py", line 25, in SendData
    response = self.StarLoadWait(data)
  File "G:\tools\anaconda1\.venv\lib\site-packages\PyAibote\WindowsBotModel\WinLoadWait.py", line 42, in StarLoadWait
    response = self._Send(data)
  File "G:\tools\anaconda1\.venv\lib\site-packages\PyAibote\WindowsBotModel\WinLoadWait.py", line 21, in _Send
    self.request.sendall(data)
OSError: [WinError 10038] 在一个非套接字上尝试了一个操作。

2025-05-26 22:29:56.282373 - ERROR : send/read tcp data error: Traceback (most recent call last):
  File "G:\tools\anaconda1\.venv\lib\site-packages\PyAibote\Tool\SendTcpData.py", line 25, in SendData
    response = self.StarLoadWait(data)
  File "G:\tools\anaconda1\.venv\lib\site-packages\PyAibote\WindowsBotModel\WinLoadWait.py", line 42, in StarLoadWait
    response = self._Send(data)
  File "G:\tools\anaconda1\.venv\lib\site-packages\PyAibote\WindowsBotModel\WinLoadWait.py", line 21, in _Send
    self.request.sendall(data)
OSError: [WinError 10038] 在一个非套接字上尝试了一个操作。

2025-05-26 22:29:56.284368 - ERROR : send/read tcp data error: Traceback (most recent call last):
  File "G:\tools\anaconda1\.venv\lib\site-packages\PyAibote\Tool\SendTcpData.py", line 25, in SendData
    response = self.StarLoadWait(data)
  File "G:\tools\anaconda1\.venv\lib\site-packages\PyAibote\WindowsBotModel\WinLoadWait.py", line 42, in StarLoadWait
    response = self._Send(data)
  File "G:\tools\anaconda1\.venv\lib\site-packages\PyAibote\WindowsBotModel\WinLoadWait.py", line 21, in _Send
    self.request.sendall(data)
OSError: [WinError 10038] 在一个非套接字上尝试了一个操作。

2025-05-26 22:29:56.286363 - ERROR : send/read tcp data error: Traceback (most recent call last):
  File "G:\tools\anaconda1\.venv\lib\site-packages\PyAibote\Tool\SendTcpData.py", line 25, in SendData
    response = self.StarLoadWait(data)
  File "G:\tools\anaconda1\.venv\lib\site-packages\PyAibote\WindowsBotModel\WinLoadWait.py", line 42, in StarLoadWait
    response = self._Send(data)
  File "G:\tools\anaconda1\.venv\lib\site-packages\PyAibote\WindowsBotModel\WinLoadWait.py", line 21, in _Send
    self.request.sendall(data)
OSError: [WinError 10038] 在一个非套接字上尝试了一个操作。

2025-05-26 22:29:56.304317 - ERROR : send/read tcp data error: Traceback (most recent call last):
  File "G:\tools\anaconda1\.venv\lib\site-packages\PyAibote\Tool\SendTcpData.py", line 25, in SendData
    response = self.StarLoadWait(data)
  File "G:\tools\anaconda1\.venv\lib\site-packages\PyAibote\WindowsBotModel\WinLoadWait.py", line 42, in StarLoadWait
    response = self._Send(data)
  File "G:\tools\anaconda1\.venv\lib\site-packages\PyAibote\WindowsBotModel\WinLoadWait.py", line 21, in _Send
    self.request.sendall(data)
OSError: [WinError 10038] 在一个非套接字上尝试了一个操作。

2025-05-26 22:29:56.306312 - ERROR : send/read tcp data error: Traceback (most recent call last):
  File "G:\tools\anaconda1\.venv\lib\site-packages\PyAibote\Tool\SendTcpData.py", line 25, in SendData
    response = self.StarLoadWait(data)
  File "G:\tools\anaconda1\.venv\lib\site-packages\PyAibote\WindowsBotModel\WinLoadWait.py", line 42, in StarLoadWait
    response = self._Send(data)
  File "G:\tools\anaconda1\.venv\lib\site-packages\PyAibote\WindowsBotModel\WinLoadWait.py", line 21, in _Send
    self.request.sendall(data)
OSError: [WinError 10038] 在一个非套接字上尝试了一个操作。

2025-05-26 22:29:56.309304 - ERROR : send/read tcp data error: Traceback (most recent call last):
  File "G:\tools\anaconda1\.venv\lib\site-packages\PyAibote\Tool\SendTcpData.py", line 25, in SendData
    response = self.StarLoadWait(data)
  File "G:\tools\anaconda1\.venv\lib\site-packages\PyAibote\WindowsBotModel\WinLoadWait.py", line 42, in StarLoadWait
    response = self._Send(data)
  File "G:\tools\anaconda1\.venv\lib\site-packages\PyAibote\WindowsBotModel\WinLoadWait.py", line 21, in _Send
    self.request.sendall(data)
OSError: [WinError 10038] 在一个非套接字上尝试了一个操作。

2025-05-26 22:29:56.311299 - ERROR : send/read tcp data error: Traceback (most recent call last):
  File "G:\tools\anaconda1\.venv\lib\site-packages\PyAibote\Tool\SendTcpData.py", line 25, in SendData
    response = self.StarLoadWait(data)
  File "G:\tools\anaconda1\.venv\lib\site-packages\PyAibote\WindowsBotModel\WinLoadWait.py", line 42, in StarLoadWait
    response = self._Send(data)
  File "G:\tools\anaconda1\.venv\lib\site-packages\PyAibote\WindowsBotModel\WinLoadWait.py", line 21, in _Send
    self.request.sendall(data)
OSError: [WinError 10038] 在一个非套接字上尝试了一个操作。

2025-05-26 22:29:56.313294 - ERROR : send/read tcp data error: Traceback (most recent call last):
  File "G:\tools\anaconda1\.venv\lib\site-packages\PyAibote\Tool\SendTcpData.py", line 25, in SendData
    response = self.StarLoadWait(data)
  File "G:\tools\anaconda1\.venv\lib\site-packages\PyAibote\WindowsBotModel\WinLoadWait.py", line 42, in StarLoadWait
    response = self._Send(data)
  File "G:\tools\anaconda1\.venv\lib\site-packages\PyAibote\WindowsBotModel\WinLoadWait.py", line 21, in _Send
    self.request.sendall(data)
OSError: [WinError 10038] 在一个非套接字上尝试了一个操作。

2025-05-26 22:29:56.315289 - ERROR : send/read tcp data error: Traceback (most recent call last):
  File "G:\tools\anaconda1\.venv\lib\site-packages\PyAibote\Tool\SendTcpData.py", line 25, in SendData
    response = self.StarLoadWait(data)
  File "G:\tools\anaconda1\.venv\lib\site-packages\PyAibote\WindowsBotModel\WinLoadWait.py", line 42, in StarLoadWait
    response = self._Send(data)
  File "G:\tools\anaconda1\.venv\lib\site-packages\PyAibote\WindowsBotModel\WinLoadWait.py", line 21, in _Send
    self.request.sendall(data)
OSError: [WinError 10038] 在一个非套接字上尝试了一个操作。

2025-05-26 22:29:56.317283 - ERROR : send/read tcp data error: Traceback (most recent call last):
  File "G:\tools\anaconda1\.venv\lib\site-packages\PyAibote\Tool\SendTcpData.py", line 25, in SendData
    response = self.StarLoadWait(data)
  File "G:\tools\anaconda1\.venv\lib\site-packages\PyAibote\WindowsBotModel\WinLoadWait.py", line 42, in StarLoadWait
    response = self._Send(data)
  File "G:\tools\anaconda1\.venv\lib\site-packages\PyAibote\WindowsBotModel\WinLoadWait.py", line 21, in _Send
    self.request.sendall(data)
OSError: [WinError 10038] 在一个非套接字上尝试了一个操作。

2025-05-26 22:29:56.319279 - ERROR : send/read tcp data error: Traceback (most recent call last):
  File "G:\tools\anaconda1\.venv\lib\site-packages\PyAibote\Tool\SendTcpData.py", line 25, in SendData
    response = self.StarLoadWait(data)
  File "G:\tools\anaconda1\.venv\lib\site-packages\PyAibote\WindowsBotModel\WinLoadWait.py", line 42, in StarLoadWait
    response = self._Send(data)
  File "G:\tools\anaconda1\.venv\lib\site-packages\PyAibote\WindowsBotModel\WinLoadWait.py", line 21, in _Send
    self.request.sendall(data)
OSError: [WinError 10038] 在一个非套接字上尝试了一个操作。

2025-05-26 22:29:56.321274 - ERROR : send/read tcp data error: Traceback (most recent call last):
  File "G:\tools\anaconda1\.venv\lib\site-packages\PyAibote\Tool\SendTcpData.py", line 25, in SendData
    response = self.StarLoadWait(data)
  File "G:\tools\anaconda1\.venv\lib\site-packages\PyAibote\WindowsBotModel\WinLoadWait.py", line 42, in StarLoadWait
    response = self._Send(data)
  File "G:\tools\anaconda1\.venv\lib\site-packages\PyAibote\WindowsBotModel\WinLoadWait.py", line 21, in _Send
    self.request.sendall(data)
OSError: [WinError 10038] 在一个非套接字上尝试了一个操作。

2025-05-26 22:29:56.323268 - ERROR : send/read tcp data error: Traceback (most recent call last):
  File "G:\tools\anaconda1\.venv\lib\site-packages\PyAibote\Tool\SendTcpData.py", line 25, in SendData
    response = self.StarLoadWait(data)
  File "G:\tools\anaconda1\.venv\lib\site-packages\PyAibote\WindowsBotModel\WinLoadWait.py", line 42, in StarLoadWait
    response = self._Send(data)
  File "G:\tools\anaconda1\.venv\lib\site-packages\PyAibote\WindowsBotModel\WinLoadWait.py", line 21, in _Send
    self.request.sendall(data)
OSError: [WinError 10038] 在一个非套接字上尝试了一个操作。

2025-05-26 22:29:56.330250 - ERROR : send/read tcp data error: Traceback (most recent call last):
  File "G:\tools\anaconda1\.venv\lib\site-packages\PyAibote\Tool\SendTcpData.py", line 25, in SendData
    response = self.StarLoadWait(data)
  File "G:\tools\anaconda1\.venv\lib\site-packages\PyAibote\WindowsBotModel\WinLoadWait.py", line 42, in StarLoadWait
    response = self._Send(data)
  File "G:\tools\anaconda1\.venv\lib\site-packages\PyAibote\WindowsBotModel\WinLoadWait.py", line 21, in _Send
    self.request.sendall(data)
OSError: [WinError 10038] 在一个非套接字上尝试了一个操作。

2025-05-26 22:29:56.332245 - ERROR : send/read tcp data error: Traceback (most recent call last):
  File "G:\tools\anaconda1\.venv\lib\site-packages\PyAibote\Tool\SendTcpData.py", line 25, in SendData
    response = self.StarLoadWait(data)
  File "G:\tools\anaconda1\.venv\lib\site-packages\PyAibote\WindowsBotModel\WinLoadWait.py", line 42, in StarLoadWait
    response = self._Send(data)
  File "G:\tools\anaconda1\.venv\lib\site-packages\PyAibote\WindowsBotModel\WinLoadWait.py", line 21, in _Send
    self.request.sendall(data)
OSError: [WinError 10038] 在一个非套接字上尝试了一个操作。

2025-05-26 22:29:56.334240 - ERROR : send/read tcp data error: Traceback (most recent call last):
  File "G:\tools\anaconda1\.venv\lib\site-packages\PyAibote\Tool\SendTcpData.py", line 25, in SendData
    response = self.StarLoadWait(data)
  File "G:\tools\anaconda1\.venv\lib\site-packages\PyAibote\WindowsBotModel\WinLoadWait.py", line 42, in StarLoadWait
    response = self._Send(data)
  File "G:\tools\anaconda1\.venv\lib\site-packages\PyAibote\WindowsBotModel\WinLoadWait.py", line 21, in _Send
    self.request.sendall(data)
OSError: [WinError 10038] 在一个非套接字上尝试了一个操作。

2025-05-26 22:29:56.336234 - ERROR : send/read tcp data error: Traceback (most recent call last):
  File "G:\tools\anaconda1\.venv\lib\site-packages\PyAibote\Tool\SendTcpData.py", line 25, in SendData
    response = self.StarLoadWait(data)
  File "G:\tools\anaconda1\.venv\lib\site-packages\PyAibote\WindowsBotModel\WinLoadWait.py", line 42, in StarLoadWait
    response = self._Send(data)
  File "G:\tools\anaconda1\.venv\lib\site-packages\PyAibote\WindowsBotModel\WinLoadWait.py", line 21, in _Send
    self.request.sendall(data)
OSError: [WinError 10038] 在一个非套接字上尝试了一个操作。

2025-05-26 22:29:56.338229 - ERROR : send/read tcp data error: Traceback (most recent call last):
  File "G:\tools\anaconda1\.venv\lib\site-packages\PyAibote\Tool\SendTcpData.py", line 25, in SendData
    response = self.StarLoadWait(data)
  File "G:\tools\anaconda1\.venv\lib\site-packages\PyAibote\WindowsBotModel\WinLoadWait.py", line 42, in StarLoadWait
    response = self._Send(data)
  File "G:\tools\anaconda1\.venv\lib\site-packages\PyAibote\WindowsBotModel\WinLoadWait.py", line 21, in _Send
    self.request.sendall(data)
OSError: [WinError 10038] 在一个非套接字上尝试了一个操作。

2025-05-26 22:29:56.340225 - ERROR : send/read tcp data error: Traceback (most recent call last):
  File "G:\tools\anaconda1\.venv\lib\site-packages\PyAibote\Tool\SendTcpData.py", line 25, in SendData
    response = self.StarLoadWait(data)
  File "G:\tools\anaconda1\.venv\lib\site-packages\PyAibote\WindowsBotModel\WinLoadWait.py", line 42, in StarLoadWait
    response = self._Send(data)
  File "G:\tools\anaconda1\.venv\lib\site-packages\PyAibote\WindowsBotModel\WinLoadWait.py", line 21, in _Send
    self.request.sendall(data)
OSError: [WinError 10038] 在一个非套接字上尝试了一个操作。

2025-05-26 22:29:56.342219 - ERROR : send/read tcp data error: Traceback (most recent call last):
  File "G:\tools\anaconda1\.venv\lib\site-packages\PyAibote\Tool\SendTcpData.py", line 25, in SendData
    response = self.StarLoadWait(data)
  File "G:\tools\anaconda1\.venv\lib\site-packages\PyAibote\WindowsBotModel\WinLoadWait.py", line 42, in StarLoadWait
    response = self._Send(data)
  File "G:\tools\anaconda1\.venv\lib\site-packages\PyAibote\WindowsBotModel\WinLoadWait.py", line 21, in _Send
    self.request.sendall(data)
OSError: [WinError 10038] 在一个非套接字上尝试了一个操作。

2025-05-26 22:29:56.344214 - ERROR : send/read tcp data error: Traceback (most recent call last):
  File "G:\tools\anaconda1\.venv\lib\site-packages\PyAibote\Tool\SendTcpData.py", line 25, in SendData
    response = self.StarLoadWait(data)
  File "G:\tools\anaconda1\.venv\lib\site-packages\PyAibote\WindowsBotModel\WinLoadWait.py", line 42, in StarLoadWait
    response = self._Send(data)
  File "G:\tools\anaconda1\.venv\lib\site-packages\PyAibote\WindowsBotModel\WinLoadWait.py", line 21, in _Send
    self.request.sendall(data)
OSError: [WinError 10038] 在一个非套接字上尝试了一个操作。

2025-05-26 22:29:56.346209 - ERROR : send/read tcp data error: Traceback (most recent call last):
  File "G:\tools\anaconda1\.venv\lib\site-packages\PyAibote\Tool\SendTcpData.py", line 25, in SendData
    response = self.StarLoadWait(data)
  File "G:\tools\anaconda1\.venv\lib\site-packages\PyAibote\WindowsBotModel\WinLoadWait.py", line 42, in StarLoadWait
    response = self._Send(data)
  File "G:\tools\anaconda1\.venv\lib\site-packages\PyAibote\WindowsBotModel\WinLoadWait.py", line 21, in _Send
    self.request.sendall(data)
OSError: [WinError 10038] 在一个非套接字上尝试了一个操作。

2025-05-26 22:29:56.348204 - ERROR : send/read tcp data error: Traceback (most recent call last):
  File "G:\tools\anaconda1\.venv\lib\site-packages\PyAibote\Tool\SendTcpData.py", line 25, in SendData
    response = self.StarLoadWait(data)
  File "G:\tools\anaconda1\.venv\lib\site-packages\PyAibote\WindowsBotModel\WinLoadWait.py", line 42, in StarLoadWait
    response = self._Send(data)
  File "G:\tools\anaconda1\.venv\lib\site-packages\PyAibote\WindowsBotModel\WinLoadWait.py", line 21, in _Send
    self.request.sendall(data)
OSError: [WinError 10038] 在一个非套接字上尝试了一个操作。

2025-05-26 22:29:56.350199 - ERROR : send/read tcp data error: Traceback (most recent call last):
  File "G:\tools\anaconda1\.venv\lib\site-packages\PyAibote\Tool\SendTcpData.py", line 25, in SendData
    response = self.StarLoadWait(data)
  File "G:\tools\anaconda1\.venv\lib\site-packages\PyAibote\WindowsBotModel\WinLoadWait.py", line 42, in StarLoadWait
    response = self._Send(data)
  File "G:\tools\anaconda1\.venv\lib\site-packages\PyAibote\WindowsBotModel\WinLoadWait.py", line 21, in _Send
    self.request.sendall(data)
OSError: [WinError 10038] 在一个非套接字上尝试了一个操作。

2025-05-26 22:29:56.352194 - ERROR : send/read tcp data error: Traceback (most recent call last):
  File "G:\tools\anaconda1\.venv\lib\site-packages\PyAibote\Tool\SendTcpData.py", line 25, in SendData
    response = self.StarLoadWait(data)
  File "G:\tools\anaconda1\.venv\lib\site-packages\PyAibote\WindowsBotModel\WinLoadWait.py", line 42, in StarLoadWait
    response = self._Send(data)
  File "G:\tools\anaconda1\.venv\lib\site-packages\PyAibote\WindowsBotModel\WinLoadWait.py", line 21, in _Send
    self.request.sendall(data)
OSError: [WinError 10038] 在一个非套接字上尝试了一个操作。

2025-05-26 22:29:56.354188 - ERROR : send/read tcp data error: Traceback (most recent call last):
  File "G:\tools\anaconda1\.venv\lib\site-packages\PyAibote\Tool\SendTcpData.py", line 25, in SendData
    response = self.StarLoadWait(data)
  File "G:\tools\anaconda1\.venv\lib\site-packages\PyAibote\WindowsBotModel\WinLoadWait.py", line 42, in StarLoadWait
    response = self._Send(data)
  File "G:\tools\anaconda1\.venv\lib\site-packages\PyAibote\WindowsBotModel\WinLoadWait.py", line 21, in _Send
    self.request.sendall(data)
OSError: [WinError 10038] 在一个非套接字上尝试了一个操作。

2025-05-26 22:29:56.356184 - ERROR : send/read tcp data error: Traceback (most recent call last):
  File "G:\tools\anaconda1\.venv\lib\site-packages\PyAibote\Tool\SendTcpData.py", line 25, in SendData
    response = self.StarLoadWait(data)
  File "G:\tools\anaconda1\.venv\lib\site-packages\PyAibote\WindowsBotModel\WinLoadWait.py", line 42, in StarLoadWait
    response = self._Send(data)
  File "G:\tools\anaconda1\.venv\lib\site-packages\PyAibote\WindowsBotModel\WinLoadWait.py", line 21, in _Send
    self.request.sendall(data)
OSError: [WinError 10038] 在一个非套接字上尝试了一个操作。

2025-05-26 22:29:56.376160 - ERROR : send/read tcp data error: Traceback (most recent call last):
  File "G:\tools\anaconda1\.venv\lib\site-packages\PyAibote\Tool\SendTcpData.py", line 25, in SendData
    response = self.StarLoadWait(data)
  File "G:\tools\anaconda1\.venv\lib\site-packages\PyAibote\WindowsBotModel\WinLoadWait.py", line 42, in StarLoadWait
    response = self._Send(data)
  File "G:\tools\anaconda1\.venv\lib\site-packages\PyAibote\WindowsBotModel\WinLoadWait.py", line 21, in _Send
    self.request.sendall(data)
OSError: [WinError 10038] 在一个非套接字上尝试了一个操作。

2025-05-26 22:29:56.378155 - ERROR : send/read tcp data error: Traceback (most recent call last):
  File "G:\tools\anaconda1\.venv\lib\site-packages\PyAibote\Tool\SendTcpData.py", line 25, in SendData
    response = self.StarLoadWait(data)
  File "G:\tools\anaconda1\.venv\lib\site-packages\PyAibote\WindowsBotModel\WinLoadWait.py", line 42, in StarLoadWait
    response = self._Send(data)
  File "G:\tools\anaconda1\.venv\lib\site-packages\PyAibote\WindowsBotModel\WinLoadWait.py", line 21, in _Send
    self.request.sendall(data)
OSError: [WinError 10038] 在一个非套接字上尝试了一个操作。

2025-05-26 22:29:56.380179 - ERROR : send/read tcp data error: Traceback (most recent call last):
  File "G:\tools\anaconda1\.venv\lib\site-packages\PyAibote\Tool\SendTcpData.py", line 25, in SendData
    response = self.StarLoadWait(data)
  File "G:\tools\anaconda1\.venv\lib\site-packages\PyAibote\WindowsBotModel\WinLoadWait.py", line 42, in StarLoadWait
    response = self._Send(data)
  File "G:\tools\anaconda1\.venv\lib\site-packages\PyAibote\WindowsBotModel\WinLoadWait.py", line 21, in _Send
    self.request.sendall(data)
OSError: [WinError 10038] 在一个非套接字上尝试了一个操作。

2025-05-26 22:29:56.382167 - ERROR : send/read tcp data error: Traceback (most recent call last):
  File "G:\tools\anaconda1\.venv\lib\site-packages\PyAibote\Tool\SendTcpData.py", line 25, in SendData
    response = self.StarLoadWait(data)
  File "G:\tools\anaconda1\.venv\lib\site-packages\PyAibote\WindowsBotModel\WinLoadWait.py", line 42, in StarLoadWait
    response = self._Send(data)
  File "G:\tools\anaconda1\.venv\lib\site-packages\PyAibote\WindowsBotModel\WinLoadWait.py", line 21, in _Send
    self.request.sendall(data)
OSError: [WinError 10038] 在一个非套接字上尝试了一个操作。

2025-05-26 22:29:56.384162 - ERROR : send/read tcp data error: Traceback (most recent call last):
  File "G:\tools\anaconda1\.venv\lib\site-packages\PyAibote\Tool\SendTcpData.py", line 25, in SendData
    response = self.StarLoadWait(data)
  File "G:\tools\anaconda1\.venv\lib\site-packages\PyAibote\WindowsBotModel\WinLoadWait.py", line 42, in StarLoadWait
    response = self._Send(data)
  File "G:\tools\anaconda1\.venv\lib\site-packages\PyAibote\WindowsBotModel\WinLoadWait.py", line 21, in _Send
    self.request.sendall(data)
OSError: [WinError 10038] 在一个非套接字上尝试了一个操作。

2025-05-26 22:29:56.387155 - ERROR : send/read tcp data error: Traceback (most recent call last):
  File "G:\tools\anaconda1\.venv\lib\site-packages\PyAibote\Tool\SendTcpData.py", line 25, in SendData
    response = self.StarLoadWait(data)
  File "G:\tools\anaconda1\.venv\lib\site-packages\PyAibote\WindowsBotModel\WinLoadWait.py", line 42, in StarLoadWait
    response = self._Send(data)
  File "G:\tools\anaconda1\.venv\lib\site-packages\PyAibote\WindowsBotModel\WinLoadWait.py", line 21, in _Send
    self.request.sendall(data)
OSError: [WinError 10038] 在一个非套接字上尝试了一个操作。

2025-05-26 22:29:56.389668 - ERROR : send/read tcp data error: Traceback (most recent call last):
  File "G:\tools\anaconda1\.venv\lib\site-packages\PyAibote\Tool\SendTcpData.py", line 25, in SendData
    response = self.StarLoadWait(data)
  File "G:\tools\anaconda1\.venv\lib\site-packages\PyAibote\WindowsBotModel\WinLoadWait.py", line 42, in StarLoadWait
    response = self._Send(data)
  File "G:\tools\anaconda1\.venv\lib\site-packages\PyAibote\WindowsBotModel\WinLoadWait.py", line 21, in _Send
    self.request.sendall(data)
OSError: [WinError 10038] 在一个非套接字上尝试了一个操作。

2025-05-26 22:29:56.391173 - ERROR : send/read tcp data error: Traceback (most recent call last):
  File "G:\tools\anaconda1\.venv\lib\site-packages\PyAibote\Tool\SendTcpData.py", line 25, in SendData
    response = self.StarLoadWait(data)
  File "G:\tools\anaconda1\.venv\lib\site-packages\PyAibote\WindowsBotModel\WinLoadWait.py", line 42, in StarLoadWait
    response = self._Send(data)
  File "G:\tools\anaconda1\.venv\lib\site-packages\PyAibote\WindowsBotModel\WinLoadWait.py", line 21, in _Send
    self.request.sendall(data)
OSError: [WinError 10038] 在一个非套接字上尝试了一个操作。

2025-05-26 22:29:56.393168 - ERROR : send/read tcp data error: Traceback (most recent call last):
  File "G:\tools\anaconda1\.venv\lib\site-packages\PyAibote\Tool\SendTcpData.py", line 25, in SendData
    response = self.StarLoadWait(data)
  File "G:\tools\anaconda1\.venv\lib\site-packages\PyAibote\WindowsBotModel\WinLoadWait.py", line 42, in StarLoadWait
    response = self._Send(data)
  File "G:\tools\anaconda1\.venv\lib\site-packages\PyAibote\WindowsBotModel\WinLoadWait.py", line 21, in _Send
    self.request.sendall(data)
OSError: [WinError 10038] 在一个非套接字上尝试了一个操作。

2025-05-26 22:29:56.395162 - ERROR : send/read tcp data error: Traceback (most recent call last):
  File "G:\tools\anaconda1\.venv\lib\site-packages\PyAibote\Tool\SendTcpData.py", line 25, in SendData
    response = self.StarLoadWait(data)
  File "G:\tools\anaconda1\.venv\lib\site-packages\PyAibote\WindowsBotModel\WinLoadWait.py", line 42, in StarLoadWait
    response = self._Send(data)
  File "G:\tools\anaconda1\.venv\lib\site-packages\PyAibote\WindowsBotModel\WinLoadWait.py", line 21, in _Send
    self.request.sendall(data)
OSError: [WinError 10038] 在一个非套接字上尝试了一个操作。

2025-05-26 22:29:56.415181 - ERROR : send/read tcp data error: Traceback (most recent call last):
  File "G:\tools\anaconda1\.venv\lib\site-packages\PyAibote\Tool\SendTcpData.py", line 25, in SendData
    response = self.StarLoadWait(data)
  File "G:\tools\anaconda1\.venv\lib\site-packages\PyAibote\WindowsBotModel\WinLoadWait.py", line 42, in StarLoadWait
    response = self._Send(data)
  File "G:\tools\anaconda1\.venv\lib\site-packages\PyAibote\WindowsBotModel\WinLoadWait.py", line 21, in _Send
    self.request.sendall(data)
OSError: [WinError 10038] 在一个非套接字上尝试了一个操作。

2025-05-26 22:29:56.418175 - ERROR : send/read tcp data error: Traceback (most recent call last):
  File "G:\tools\anaconda1\.venv\lib\site-packages\PyAibote\Tool\SendTcpData.py", line 25, in SendData
    response = self.StarLoadWait(data)
  File "G:\tools\anaconda1\.venv\lib\site-packages\PyAibote\WindowsBotModel\WinLoadWait.py", line 42, in StarLoadWait
    response = self._Send(data)
  File "G:\tools\anaconda1\.venv\lib\site-packages\PyAibote\WindowsBotModel\WinLoadWait.py", line 21, in _Send
    self.request.sendall(data)
OSError: [WinError 10038] 在一个非套接字上尝试了一个操作。

2025-05-26 22:29:56.421207 - ERROR : send/read tcp data error: Traceback (most recent call last):
  File "G:\tools\anaconda1\.venv\lib\site-packages\PyAibote\Tool\SendTcpData.py", line 25, in SendData
    response = self.StarLoadWait(data)
  File "G:\tools\anaconda1\.venv\lib\site-packages\PyAibote\WindowsBotModel\WinLoadWait.py", line 42, in StarLoadWait
    response = self._Send(data)
  File "G:\tools\anaconda1\.venv\lib\site-packages\PyAibote\WindowsBotModel\WinLoadWait.py", line 21, in _Send
    self.request.sendall(data)
OSError: [WinError 10038] 在一个非套接字上尝试了一个操作。

2025-05-26 22:29:56.423202 - ERROR : send/read tcp data error: Traceback (most recent call last):
  File "G:\tools\anaconda1\.venv\lib\site-packages\PyAibote\Tool\SendTcpData.py", line 25, in SendData
    response = self.StarLoadWait(data)
  File "G:\tools\anaconda1\.venv\lib\site-packages\PyAibote\WindowsBotModel\WinLoadWait.py", line 42, in StarLoadWait
    response = self._Send(data)
  File "G:\tools\anaconda1\.venv\lib\site-packages\PyAibote\WindowsBotModel\WinLoadWait.py", line 21, in _Send
    self.request.sendall(data)
OSError: [WinError 10038] 在一个非套接字上尝试了一个操作。

2025-05-26 22:29:56.425197 - ERROR : send/read tcp data error: Traceback (most recent call last):
  File "G:\tools\anaconda1\.venv\lib\site-packages\PyAibote\Tool\SendTcpData.py", line 25, in SendData
    response = self.StarLoadWait(data)
  File "G:\tools\anaconda1\.venv\lib\site-packages\PyAibote\WindowsBotModel\WinLoadWait.py", line 42, in StarLoadWait
    response = self._Send(data)
  File "G:\tools\anaconda1\.venv\lib\site-packages\PyAibote\WindowsBotModel\WinLoadWait.py", line 21, in _Send
    self.request.sendall(data)
OSError: [WinError 10038] 在一个非套接字上尝试了一个操作。

2025-05-26 22:29:56.427191 - ERROR : send/read tcp data error: Traceback (most recent call last):
  File "G:\tools\anaconda1\.venv\lib\site-packages\PyAibote\Tool\SendTcpData.py", line 25, in SendData
    response = self.StarLoadWait(data)
  File "G:\tools\anaconda1\.venv\lib\site-packages\PyAibote\WindowsBotModel\WinLoadWait.py", line 42, in StarLoadWait
    response = self._Send(data)
  File "G:\tools\anaconda1\.venv\lib\site-packages\PyAibote\WindowsBotModel\WinLoadWait.py", line 21, in _Send
    self.request.sendall(data)
OSError: [WinError 10038] 在一个非套接字上尝试了一个操作。

2025-05-26 22:29:56.429186 - ERROR : send/read tcp data error: Traceback (most recent call last):
  File "G:\tools\anaconda1\.venv\lib\site-packages\PyAibote\Tool\SendTcpData.py", line 25, in SendData
    response = self.StarLoadWait(data)
  File "G:\tools\anaconda1\.venv\lib\site-packages\PyAibote\WindowsBotModel\WinLoadWait.py", line 42, in StarLoadWait
    response = self._Send(data)
  File "G:\tools\anaconda1\.venv\lib\site-packages\PyAibote\WindowsBotModel\WinLoadWait.py", line 21, in _Send
    self.request.sendall(data)
OSError: [WinError 10038] 在一个非套接字上尝试了一个操作。

2025-05-26 22:29:56.431182 - ERROR : send/read tcp data error: Traceback (most recent call last):
  File "G:\tools\anaconda1\.venv\lib\site-packages\PyAibote\Tool\SendTcpData.py", line 25, in SendData
    response = self.StarLoadWait(data)
  File "G:\tools\anaconda1\.venv\lib\site-packages\PyAibote\WindowsBotModel\WinLoadWait.py", line 42, in StarLoadWait
    response = self._Send(data)
  File "G:\tools\anaconda1\.venv\lib\site-packages\PyAibote\WindowsBotModel\WinLoadWait.py", line 21, in _Send
    self.request.sendall(data)
OSError: [WinError 10038] 在一个非套接字上尝试了一个操作。

2025-05-26 22:29:56.433177 - ERROR : send/read tcp data error: Traceback (most recent call last):
  File "G:\tools\anaconda1\.venv\lib\site-packages\PyAibote\Tool\SendTcpData.py", line 25, in SendData
    response = self.StarLoadWait(data)
  File "G:\tools\anaconda1\.venv\lib\site-packages\PyAibote\WindowsBotModel\WinLoadWait.py", line 42, in StarLoadWait
    response = self._Send(data)
  File "G:\tools\anaconda1\.venv\lib\site-packages\PyAibote\WindowsBotModel\WinLoadWait.py", line 21, in _Send
    self.request.sendall(data)
OSError: [WinError 10038] 在一个非套接字上尝试了一个操作。

2025-05-26 22:29:56.444175 - ERROR : send/read tcp data error: Traceback (most recent call last):
  File "G:\tools\anaconda1\.venv\lib\site-packages\PyAibote\Tool\SendTcpData.py", line 25, in SendData
    response = self.StarLoadWait(data)
  File "G:\tools\anaconda1\.venv\lib\site-packages\PyAibote\WindowsBotModel\WinLoadWait.py", line 42, in StarLoadWait
    response = self._Send(data)
  File "G:\tools\anaconda1\.venv\lib\site-packages\PyAibote\WindowsBotModel\WinLoadWait.py", line 21, in _Send
    self.request.sendall(data)
OSError: [WinError 10038] 在一个非套接字上尝试了一个操作。

2025-05-26 22:29:56.446170 - ERROR : send/read tcp data error: Traceback (most recent call last):
  File "G:\tools\anaconda1\.venv\lib\site-packages\PyAibote\Tool\SendTcpData.py", line 25, in SendData
    response = self.StarLoadWait(data)
  File "G:\tools\anaconda1\.venv\lib\site-packages\PyAibote\WindowsBotModel\WinLoadWait.py", line 42, in StarLoadWait
    response = self._Send(data)
  File "G:\tools\anaconda1\.venv\lib\site-packages\PyAibote\WindowsBotModel\WinLoadWait.py", line 21, in _Send
    self.request.sendall(data)
OSError: [WinError 10038] 在一个非套接字上尝试了一个操作。

2025-05-26 22:29:56.448166 - ERROR : send/read tcp data error: Traceback (most recent call last):
  File "G:\tools\anaconda1\.venv\lib\site-packages\PyAibote\Tool\SendTcpData.py", line 25, in SendData
    response = self.StarLoadWait(data)
  File "G:\tools\anaconda1\.venv\lib\site-packages\PyAibote\WindowsBotModel\WinLoadWait.py", line 42, in StarLoadWait
    response = self._Send(data)
  File "G:\tools\anaconda1\.venv\lib\site-packages\PyAibote\WindowsBotModel\WinLoadWait.py", line 21, in _Send
    self.request.sendall(data)
OSError: [WinError 10038] 在一个非套接字上尝试了一个操作。

2025-05-26 22:29:56.450201 - ERROR : send/read tcp data error: Traceback (most recent call last):
  File "G:\tools\anaconda1\.venv\lib\site-packages\PyAibote\Tool\SendTcpData.py", line 25, in SendData
    response = self.StarLoadWait(data)
  File "G:\tools\anaconda1\.venv\lib\site-packages\PyAibote\WindowsBotModel\WinLoadWait.py", line 42, in StarLoadWait
    response = self._Send(data)
  File "G:\tools\anaconda1\.venv\lib\site-packages\PyAibote\WindowsBotModel\WinLoadWait.py", line 21, in _Send
    self.request.sendall(data)
OSError: [WinError 10038] 在一个非套接字上尝试了一个操作。

2025-05-26 22:29:56.453183 - ERROR : send/read tcp data error: Traceback (most recent call last):
  File "G:\tools\anaconda1\.venv\lib\site-packages\PyAibote\Tool\SendTcpData.py", line 25, in SendData
    response = self.StarLoadWait(data)
  File "G:\tools\anaconda1\.venv\lib\site-packages\PyAibote\WindowsBotModel\WinLoadWait.py", line 42, in StarLoadWait
    response = self._Send(data)
  File "G:\tools\anaconda1\.venv\lib\site-packages\PyAibote\WindowsBotModel\WinLoadWait.py", line 21, in _Send
    self.request.sendall(data)
OSError: [WinError 10038] 在一个非套接字上尝试了一个操作。

2025-05-26 22:29:56.455182 - ERROR : send/read tcp data error: Traceback (most recent call last):
  File "G:\tools\anaconda1\.venv\lib\site-packages\PyAibote\Tool\SendTcpData.py", line 25, in SendData
    response = self.StarLoadWait(data)
  File "G:\tools\anaconda1\.venv\lib\site-packages\PyAibote\WindowsBotModel\WinLoadWait.py", line 42, in StarLoadWait
    response = self._Send(data)
  File "G:\tools\anaconda1\.venv\lib\site-packages\PyAibote\WindowsBotModel\WinLoadWait.py", line 21, in _Send
    self.request.sendall(data)
OSError: [WinError 10038] 在一个非套接字上尝试了一个操作。

2025-05-26 22:29:56.458170 - ERROR : send/read tcp data error: Traceback (most recent call last):
  File "G:\tools\anaconda1\.venv\lib\site-packages\PyAibote\Tool\SendTcpData.py", line 25, in SendData
    response = self.StarLoadWait(data)
  File "G:\tools\anaconda1\.venv\lib\site-packages\PyAibote\WindowsBotModel\WinLoadWait.py", line 42, in StarLoadWait
    response = self._Send(data)
  File "G:\tools\anaconda1\.venv\lib\site-packages\PyAibote\WindowsBotModel\WinLoadWait.py", line 21, in _Send
    self.request.sendall(data)
OSError: [WinError 10038] 在一个非套接字上尝试了一个操作。

2025-05-26 22:29:56.460198 - ERROR : send/read tcp data error: Traceback (most recent call last):
  File "G:\tools\anaconda1\.venv\lib\site-packages\PyAibote\Tool\SendTcpData.py", line 25, in SendData
    response = self.StarLoadWait(data)
  File "G:\tools\anaconda1\.venv\lib\site-packages\PyAibote\WindowsBotModel\WinLoadWait.py", line 42, in StarLoadWait
    response = self._Send(data)
  File "G:\tools\anaconda1\.venv\lib\site-packages\PyAibote\WindowsBotModel\WinLoadWait.py", line 21, in _Send
    self.request.sendall(data)
OSError: [WinError 10038] 在一个非套接字上尝试了一个操作。

2025-05-26 22:29:56.462184 - ERROR : send/read tcp data error: Traceback (most recent call last):
  File "G:\tools\anaconda1\.venv\lib\site-packages\PyAibote\Tool\SendTcpData.py", line 25, in SendData
    response = self.StarLoadWait(data)
  File "G:\tools\anaconda1\.venv\lib\site-packages\PyAibote\WindowsBotModel\WinLoadWait.py", line 42, in StarLoadWait
    response = self._Send(data)
  File "G:\tools\anaconda1\.venv\lib\site-packages\PyAibote\WindowsBotModel\WinLoadWait.py", line 21, in _Send
    self.request.sendall(data)
OSError: [WinError 10038] 在一个非套接字上尝试了一个操作。

2025-05-26 22:29:56.464179 - ERROR : send/read tcp data error: Traceback (most recent call last):
  File "G:\tools\anaconda1\.venv\lib\site-packages\PyAibote\Tool\SendTcpData.py", line 25, in SendData
    response = self.StarLoadWait(data)
  File "G:\tools\anaconda1\.venv\lib\site-packages\PyAibote\WindowsBotModel\WinLoadWait.py", line 42, in StarLoadWait
    response = self._Send(data)
  File "G:\tools\anaconda1\.venv\lib\site-packages\PyAibote\WindowsBotModel\WinLoadWait.py", line 21, in _Send
    self.request.sendall(data)
OSError: [WinError 10038] 在一个非套接字上尝试了一个操作。

2025-05-26 22:29:56.466175 - ERROR : send/read tcp data error: Traceback (most recent call last):
  File "G:\tools\anaconda1\.venv\lib\site-packages\PyAibote\Tool\SendTcpData.py", line 25, in SendData
    response = self.StarLoadWait(data)
  File "G:\tools\anaconda1\.venv\lib\site-packages\PyAibote\WindowsBotModel\WinLoadWait.py", line 42, in StarLoadWait
    response = self._Send(data)
  File "G:\tools\anaconda1\.venv\lib\site-packages\PyAibote\WindowsBotModel\WinLoadWait.py", line 21, in _Send
    self.request.sendall(data)
OSError: [WinError 10038] 在一个非套接字上尝试了一个操作。

2025-05-26 22:29:56.469167 - ERROR : send/read tcp data error: Traceback (most recent call last):
  File "G:\tools\anaconda1\.venv\lib\site-packages\PyAibote\Tool\SendTcpData.py", line 25, in SendData
    response = self.StarLoadWait(data)
  File "G:\tools\anaconda1\.venv\lib\site-packages\PyAibote\WindowsBotModel\WinLoadWait.py", line 42, in StarLoadWait
    response = self._Send(data)
  File "G:\tools\anaconda1\.venv\lib\site-packages\PyAibote\WindowsBotModel\WinLoadWait.py", line 21, in _Send
    self.request.sendall(data)
OSError: [WinError 10038] 在一个非套接字上尝试了一个操作。

2025-05-26 22:29:56.471189 - ERROR : send/read tcp data error: Traceback (most recent call last):
  File "G:\tools\anaconda1\.venv\lib\site-packages\PyAibote\Tool\SendTcpData.py", line 25, in SendData
    response = self.StarLoadWait(data)
  File "G:\tools\anaconda1\.venv\lib\site-packages\PyAibote\WindowsBotModel\WinLoadWait.py", line 42, in StarLoadWait
    response = self._Send(data)
  File "G:\tools\anaconda1\.venv\lib\site-packages\PyAibote\WindowsBotModel\WinLoadWait.py", line 21, in _Send
    self.request.sendall(data)
OSError: [WinError 10038] 在一个非套接字上尝试了一个操作。

2025-05-26 22:29:56.473184 - ERROR : send/read tcp data error: Traceback (most recent call last):
  File "G:\tools\anaconda1\.venv\lib\site-packages\PyAibote\Tool\SendTcpData.py", line 25, in SendData
    response = self.StarLoadWait(data)
  File "G:\tools\anaconda1\.venv\lib\site-packages\PyAibote\WindowsBotModel\WinLoadWait.py", line 42, in StarLoadWait
    response = self._Send(data)
  File "G:\tools\anaconda1\.venv\lib\site-packages\PyAibote\WindowsBotModel\WinLoadWait.py", line 21, in _Send
    self.request.sendall(data)
OSError: [WinError 10038] 在一个非套接字上尝试了一个操作。

2025-05-26 22:29:56.485178 - ERROR : send/read tcp data error: Traceback (most recent call last):
  File "G:\tools\anaconda1\.venv\lib\site-packages\PyAibote\Tool\SendTcpData.py", line 25, in SendData
    response = self.StarLoadWait(data)
  File "G:\tools\anaconda1\.venv\lib\site-packages\PyAibote\WindowsBotModel\WinLoadWait.py", line 42, in StarLoadWait
    response = self._Send(data)
  File "G:\tools\anaconda1\.venv\lib\site-packages\PyAibote\WindowsBotModel\WinLoadWait.py", line 21, in _Send
    self.request.sendall(data)
OSError: [WinError 10038] 在一个非套接字上尝试了一个操作。

2025-05-26 22:29:56.487173 - ERROR : send/read tcp data error: Traceback (most recent call last):
  File "G:\tools\anaconda1\.venv\lib\site-packages\PyAibote\Tool\SendTcpData.py", line 25, in SendData
    response = self.StarLoadWait(data)
  File "G:\tools\anaconda1\.venv\lib\site-packages\PyAibote\WindowsBotModel\WinLoadWait.py", line 42, in StarLoadWait
    response = self._Send(data)
  File "G:\tools\anaconda1\.venv\lib\site-packages\PyAibote\WindowsBotModel\WinLoadWait.py", line 21, in _Send
    self.request.sendall(data)
OSError: [WinError 10038] 在一个非套接字上尝试了一个操作。

2025-05-26 22:29:56.489168 - ERROR : send/read tcp data error: Traceback (most recent call last):
  File "G:\tools\anaconda1\.venv\lib\site-packages\PyAibote\Tool\SendTcpData.py", line 25, in SendData
    response = self.StarLoadWait(data)
  File "G:\tools\anaconda1\.venv\lib\site-packages\PyAibote\WindowsBotModel\WinLoadWait.py", line 42, in StarLoadWait
    response = self._Send(data)
  File "G:\tools\anaconda1\.venv\lib\site-packages\PyAibote\WindowsBotModel\WinLoadWait.py", line 21, in _Send
    self.request.sendall(data)
OSError: [WinError 10038] 在一个非套接字上尝试了一个操作。

2025-05-26 22:29:56.491186 - ERROR : send/read tcp data error: Traceback (most recent call last):
  File "G:\tools\anaconda1\.venv\lib\site-packages\PyAibote\Tool\SendTcpData.py", line 25, in SendData
    response = self.StarLoadWait(data)
  File "G:\tools\anaconda1\.venv\lib\site-packages\PyAibote\WindowsBotModel\WinLoadWait.py", line 42, in StarLoadWait
    response = self._Send(data)
  File "G:\tools\anaconda1\.venv\lib\site-packages\PyAibote\WindowsBotModel\WinLoadWait.py", line 21, in _Send
    self.request.sendall(data)
OSError: [WinError 10038] 在一个非套接字上尝试了一个操作。

2025-05-26 22:29:56.494178 - ERROR : send/read tcp data error: Traceback (most recent call last):
  File "G:\tools\anaconda1\.venv\lib\site-packages\PyAibote\Tool\SendTcpData.py", line 25, in SendData
    response = self.StarLoadWait(data)
  File "G:\tools\anaconda1\.venv\lib\site-packages\PyAibote\WindowsBotModel\WinLoadWait.py", line 42, in StarLoadWait
    response = self._Send(data)
  File "G:\tools\anaconda1\.venv\lib\site-packages\PyAibote\WindowsBotModel\WinLoadWait.py", line 21, in _Send
    self.request.sendall(data)
OSError: [WinError 10038] 在一个非套接字上尝试了一个操作。

2025-05-26 22:29:56.496173 - ERROR : send/read tcp data error: Traceback (most recent call last):
  File "G:\tools\anaconda1\.venv\lib\site-packages\PyAibote\Tool\SendTcpData.py", line 25, in SendData
    response = self.StarLoadWait(data)
  File "G:\tools\anaconda1\.venv\lib\site-packages\PyAibote\WindowsBotModel\WinLoadWait.py", line 42, in StarLoadWait
    response = self._Send(data)
  File "G:\tools\anaconda1\.venv\lib\site-packages\PyAibote\WindowsBotModel\WinLoadWait.py", line 21, in _Send
    self.request.sendall(data)
OSError: [WinError 10038] 在一个非套接字上尝试了一个操作。

2025-05-26 22:29:56.498169 - ERROR : send/read tcp data error: Traceback (most recent call last):
  File "G:\tools\anaconda1\.venv\lib\site-packages\PyAibote\Tool\SendTcpData.py", line 25, in SendData
    response = self.StarLoadWait(data)
  File "G:\tools\anaconda1\.venv\lib\site-packages\PyAibote\WindowsBotModel\WinLoadWait.py", line 42, in StarLoadWait
    response = self._Send(data)
  File "G:\tools\anaconda1\.venv\lib\site-packages\PyAibote\WindowsBotModel\WinLoadWait.py", line 21, in _Send
    self.request.sendall(data)
OSError: [WinError 10038] 在一个非套接字上尝试了一个操作。

2025-05-26 22:29:56.501187 - ERROR : send/read tcp data error: Traceback (most recent call last):
  File "G:\tools\anaconda1\.venv\lib\site-packages\PyAibote\Tool\SendTcpData.py", line 25, in SendData
    response = self.StarLoadWait(data)
  File "G:\tools\anaconda1\.venv\lib\site-packages\PyAibote\WindowsBotModel\WinLoadWait.py", line 42, in StarLoadWait
    response = self._Send(data)
  File "G:\tools\anaconda1\.venv\lib\site-packages\PyAibote\WindowsBotModel\WinLoadWait.py", line 21, in _Send
    self.request.sendall(data)
OSError: [WinError 10038] 在一个非套接字上尝试了一个操作。

2025-05-26 22:29:56.503181 - ERROR : send/read tcp data error: Traceback (most recent call last):
  File "G:\tools\anaconda1\.venv\lib\site-packages\PyAibote\Tool\SendTcpData.py", line 25, in SendData
    response = self.StarLoadWait(data)
  File "G:\tools\anaconda1\.venv\lib\site-packages\PyAibote\WindowsBotModel\WinLoadWait.py", line 42, in StarLoadWait
    response = self._Send(data)
  File "G:\tools\anaconda1\.venv\lib\site-packages\PyAibote\WindowsBotModel\WinLoadWait.py", line 21, in _Send
    self.request.sendall(data)
OSError: [WinError 10038] 在一个非套接字上尝试了一个操作。

2025-05-26 22:29:56.505177 - ERROR : send/read tcp data error: Traceback (most recent call last):
  File "G:\tools\anaconda1\.venv\lib\site-packages\PyAibote\Tool\SendTcpData.py", line 25, in SendData
    response = self.StarLoadWait(data)
  File "G:\tools\anaconda1\.venv\lib\site-packages\PyAibote\WindowsBotModel\WinLoadWait.py", line 42, in StarLoadWait
    response = self._Send(data)
  File "G:\tools\anaconda1\.venv\lib\site-packages\PyAibote\WindowsBotModel\WinLoadWait.py", line 21, in _Send
    self.request.sendall(data)
OSError: [WinError 10038] 在一个非套接字上尝试了一个操作。

2025-05-26 22:29:56.507177 - ERROR : send/read tcp data error: Traceback (most recent call last):
  File "G:\tools\anaconda1\.venv\lib\site-packages\PyAibote\Tool\SendTcpData.py", line 25, in SendData
    response = self.StarLoadWait(data)
  File "G:\tools\anaconda1\.venv\lib\site-packages\PyAibote\WindowsBotModel\WinLoadWait.py", line 42, in StarLoadWait
    response = self._Send(data)
  File "G:\tools\anaconda1\.venv\lib\site-packages\PyAibote\WindowsBotModel\WinLoadWait.py", line 21, in _Send
    self.request.sendall(data)
OSError: [WinError 10038] 在一个非套接字上尝试了一个操作。

2025-05-26 22:29:56.520221 - ERROR : send/read tcp data error: Traceback (most recent call last):
  File "G:\tools\anaconda1\.venv\lib\site-packages\PyAibote\Tool\SendTcpData.py", line 25, in SendData
    response = self.StarLoadWait(data)
  File "G:\tools\anaconda1\.venv\lib\site-packages\PyAibote\WindowsBotModel\WinLoadWait.py", line 42, in StarLoadWait
    response = self._Send(data)
  File "G:\tools\anaconda1\.venv\lib\site-packages\PyAibote\WindowsBotModel\WinLoadWait.py", line 21, in _Send
    self.request.sendall(data)
OSError: [WinError 10038] 在一个非套接字上尝试了一个操作。

2025-05-26 22:29:56.523179 - ERROR : send/read tcp data error: Traceback (most recent call last):
  File "G:\tools\anaconda1\.venv\lib\site-packages\PyAibote\Tool\SendTcpData.py", line 25, in SendData
    response = self.StarLoadWait(data)
  File "G:\tools\anaconda1\.venv\lib\site-packages\PyAibote\WindowsBotModel\WinLoadWait.py", line 42, in StarLoadWait
    response = self._Send(data)
  File "G:\tools\anaconda1\.venv\lib\site-packages\PyAibote\WindowsBotModel\WinLoadWait.py", line 21, in _Send
    self.request.sendall(data)
OSError: [WinError 10038] 在一个非套接字上尝试了一个操作。

2025-05-26 22:29:56.525174 - ERROR : send/read tcp data error: Traceback (most recent call last):
  File "G:\tools\anaconda1\.venv\lib\site-packages\PyAibote\Tool\SendTcpData.py", line 25, in SendData
    response = self.StarLoadWait(data)
  File "G:\tools\anaconda1\.venv\lib\site-packages\PyAibote\WindowsBotModel\WinLoadWait.py", line 42, in StarLoadWait
    response = self._Send(data)
  File "G:\tools\anaconda1\.venv\lib\site-packages\PyAibote\WindowsBotModel\WinLoadWait.py", line 21, in _Send
    self.request.sendall(data)
OSError: [WinError 10038] 在一个非套接字上尝试了一个操作。

2025-05-26 22:29:56.527169 - ERROR : send/read tcp data error: Traceback (most recent call last):
  File "G:\tools\anaconda1\.venv\lib\site-packages\PyAibote\Tool\SendTcpData.py", line 25, in SendData
    response = self.StarLoadWait(data)
  File "G:\tools\anaconda1\.venv\lib\site-packages\PyAibote\WindowsBotModel\WinLoadWait.py", line 42, in StarLoadWait
    response = self._Send(data)
  File "G:\tools\anaconda1\.venv\lib\site-packages\PyAibote\WindowsBotModel\WinLoadWait.py", line 21, in _Send
    self.request.sendall(data)
OSError: [WinError 10038] 在一个非套接字上尝试了一个操作。

2025-05-26 22:29:56.529678 - ERROR : send/read tcp data error: Traceback (most recent call last):
  File "G:\tools\anaconda1\.venv\lib\site-packages\PyAibote\Tool\SendTcpData.py", line 25, in SendData
    response = self.StarLoadWait(data)
  File "G:\tools\anaconda1\.venv\lib\site-packages\PyAibote\WindowsBotModel\WinLoadWait.py", line 42, in StarLoadWait
    response = self._Send(data)
  File "G:\tools\anaconda1\.venv\lib\site-packages\PyAibote\WindowsBotModel\WinLoadWait.py", line 21, in _Send
    self.request.sendall(data)
OSError: [WinError 10038] 在一个非套接字上尝试了一个操作。

2025-05-26 22:29:56.531183 - ERROR : send/read tcp data error: Traceback (most recent call last):
  File "G:\tools\anaconda1\.venv\lib\site-packages\PyAibote\Tool\SendTcpData.py", line 25, in SendData
    response = self.StarLoadWait(data)
  File "G:\tools\anaconda1\.venv\lib\site-packages\PyAibote\WindowsBotModel\WinLoadWait.py", line 42, in StarLoadWait
    response = self._Send(data)
  File "G:\tools\anaconda1\.venv\lib\site-packages\PyAibote\WindowsBotModel\WinLoadWait.py", line 21, in _Send
    self.request.sendall(data)
OSError: [WinError 10038] 在一个非套接字上尝试了一个操作。

2025-05-26 22:29:56.533178 - ERROR : send/read tcp data error: Traceback (most recent call last):
  File "G:\tools\anaconda1\.venv\lib\site-packages\PyAibote\Tool\SendTcpData.py", line 25, in SendData
    response = self.StarLoadWait(data)
  File "G:\tools\anaconda1\.venv\lib\site-packages\PyAibote\WindowsBotModel\WinLoadWait.py", line 42, in StarLoadWait
    response = self._Send(data)
  File "G:\tools\anaconda1\.venv\lib\site-packages\PyAibote\WindowsBotModel\WinLoadWait.py", line 21, in _Send
    self.request.sendall(data)
OSError: [WinError 10038] 在一个非套接字上尝试了一个操作。

2025-05-26 22:29:56.535173 - ERROR : send/read tcp data error: Traceback (most recent call last):
  File "G:\tools\anaconda1\.venv\lib\site-packages\PyAibote\Tool\SendTcpData.py", line 25, in SendData
    response = self.StarLoadWait(data)
  File "G:\tools\anaconda1\.venv\lib\site-packages\PyAibote\WindowsBotModel\WinLoadWait.py", line 42, in StarLoadWait
    response = self._Send(data)
  File "G:\tools\anaconda1\.venv\lib\site-packages\PyAibote\WindowsBotModel\WinLoadWait.py", line 21, in _Send
    self.request.sendall(data)
OSError: [WinError 10038] 在一个非套接字上尝试了一个操作。

2025-05-26 22:29:56.537169 - ERROR : send/read tcp data error: Traceback (most recent call last):
  File "G:\tools\anaconda1\.venv\lib\site-packages\PyAibote\Tool\SendTcpData.py", line 25, in SendData
    response = self.StarLoadWait(data)
  File "G:\tools\anaconda1\.venv\lib\site-packages\PyAibote\WindowsBotModel\WinLoadWait.py", line 42, in StarLoadWait
    response = self._Send(data)
  File "G:\tools\anaconda1\.venv\lib\site-packages\PyAibote\WindowsBotModel\WinLoadWait.py", line 21, in _Send
    self.request.sendall(data)
OSError: [WinError 10038] 在一个非套接字上尝试了一个操作。

2025-05-26 22:29:56.540160 - ERROR : send/read tcp data error: Traceback (most recent call last):
  File "G:\tools\anaconda1\.venv\lib\site-packages\PyAibote\Tool\SendTcpData.py", line 25, in SendData
    response = self.StarLoadWait(data)
  File "G:\tools\anaconda1\.venv\lib\site-packages\PyAibote\WindowsBotModel\WinLoadWait.py", line 42, in StarLoadWait
    response = self._Send(data)
  File "G:\tools\anaconda1\.venv\lib\site-packages\PyAibote\WindowsBotModel\WinLoadWait.py", line 21, in _Send
    self.request.sendall(data)
OSError: [WinError 10038] 在一个非套接字上尝试了一个操作。

2025-05-26 22:29:56.556145 - ERROR : send/read tcp data error: Traceback (most recent call last):
  File "G:\tools\anaconda1\.venv\lib\site-packages\PyAibote\Tool\SendTcpData.py", line 25, in SendData
    response = self.StarLoadWait(data)
  File "G:\tools\anaconda1\.venv\lib\site-packages\PyAibote\WindowsBotModel\WinLoadWait.py", line 42, in StarLoadWait
    response = self._Send(data)
  File "G:\tools\anaconda1\.venv\lib\site-packages\PyAibote\WindowsBotModel\WinLoadWait.py", line 21, in _Send
    self.request.sendall(data)
OSError: [WinError 10038] 在一个非套接字上尝试了一个操作。

2025-05-26 22:29:56.558140 - ERROR : send/read tcp data error: Traceback (most recent call last):
  File "G:\tools\anaconda1\.venv\lib\site-packages\PyAibote\Tool\SendTcpData.py", line 25, in SendData
    response = self.StarLoadWait(data)
  File "G:\tools\anaconda1\.venv\lib\site-packages\PyAibote\WindowsBotModel\WinLoadWait.py", line 42, in StarLoadWait
    response = self._Send(data)
  File "G:\tools\anaconda1\.venv\lib\site-packages\PyAibote\WindowsBotModel\WinLoadWait.py", line 21, in _Send
    self.request.sendall(data)
OSError: [WinError 10038] 在一个非套接字上尝试了一个操作。

2025-05-26 22:29:56.560187 - ERROR : send/read tcp data error: Traceback (most recent call last):
  File "G:\tools\anaconda1\.venv\lib\site-packages\PyAibote\Tool\SendTcpData.py", line 25, in SendData
    response = self.StarLoadWait(data)
  File "G:\tools\anaconda1\.venv\lib\site-packages\PyAibote\WindowsBotModel\WinLoadWait.py", line 42, in StarLoadWait
    response = self._Send(data)
  File "G:\tools\anaconda1\.venv\lib\site-packages\PyAibote\WindowsBotModel\WinLoadWait.py", line 21, in _Send
    self.request.sendall(data)
OSError: [WinError 10038] 在一个非套接字上尝试了一个操作。

2025-05-26 22:29:56.562170 - ERROR : send/read tcp data error: Traceback (most recent call last):
  File "G:\tools\anaconda1\.venv\lib\site-packages\PyAibote\Tool\SendTcpData.py", line 25, in SendData
    response = self.StarLoadWait(data)
  File "G:\tools\anaconda1\.venv\lib\site-packages\PyAibote\WindowsBotModel\WinLoadWait.py", line 42, in StarLoadWait
    response = self._Send(data)
  File "G:\tools\anaconda1\.venv\lib\site-packages\PyAibote\WindowsBotModel\WinLoadWait.py", line 21, in _Send
    self.request.sendall(data)
OSError: [WinError 10038] 在一个非套接字上尝试了一个操作。

2025-05-26 22:29:56.564165 - ERROR : send/read tcp data error: Traceback (most recent call last):
  File "G:\tools\anaconda1\.venv\lib\site-packages\PyAibote\Tool\SendTcpData.py", line 25, in SendData
    response = self.StarLoadWait(data)
  File "G:\tools\anaconda1\.venv\lib\site-packages\PyAibote\WindowsBotModel\WinLoadWait.py", line 42, in StarLoadWait
    response = self._Send(data)
  File "G:\tools\anaconda1\.venv\lib\site-packages\PyAibote\WindowsBotModel\WinLoadWait.py", line 21, in _Send
    self.request.sendall(data)
OSError: [WinError 10038] 在一个非套接字上尝试了一个操作。

2025-05-26 22:29:56.567158 - ERROR : send/read tcp data error: Traceback (most recent call last):
  File "G:\tools\anaconda1\.venv\lib\site-packages\PyAibote\Tool\SendTcpData.py", line 25, in SendData
    response = self.StarLoadWait(data)
  File "G:\tools\anaconda1\.venv\lib\site-packages\PyAibote\WindowsBotModel\WinLoadWait.py", line 42, in StarLoadWait
    response = self._Send(data)
  File "G:\tools\anaconda1\.venv\lib\site-packages\PyAibote\WindowsBotModel\WinLoadWait.py", line 21, in _Send
    self.request.sendall(data)
OSError: [WinError 10038] 在一个非套接字上尝试了一个操作。

2025-05-26 22:29:56.569153 - ERROR : send/read tcp data error: Traceback (most recent call last):
  File "G:\tools\anaconda1\.venv\lib\site-packages\PyAibote\Tool\SendTcpData.py", line 25, in SendData
    response = self.StarLoadWait(data)
  File "G:\tools\anaconda1\.venv\lib\site-packages\PyAibote\WindowsBotModel\WinLoadWait.py", line 42, in StarLoadWait
    response = self._Send(data)
  File "G:\tools\anaconda1\.venv\lib\site-packages\PyAibote\WindowsBotModel\WinLoadWait.py", line 21, in _Send
    self.request.sendall(data)
OSError: [WinError 10038] 在一个非套接字上尝试了一个操作。

2025-05-26 22:29:56.571326 - ERROR : send/read tcp data error: Traceback (most recent call last):
  File "G:\tools\anaconda1\.venv\lib\site-packages\PyAibote\Tool\SendTcpData.py", line 25, in SendData
    response = self.StarLoadWait(data)
  File "G:\tools\anaconda1\.venv\lib\site-packages\PyAibote\WindowsBotModel\WinLoadWait.py", line 42, in StarLoadWait
    response = self._Send(data)
  File "G:\tools\anaconda1\.venv\lib\site-packages\PyAibote\WindowsBotModel\WinLoadWait.py", line 21, in _Send
    self.request.sendall(data)
OSError: [WinError 10038] 在一个非套接字上尝试了一个操作。

2025-05-26 22:29:56.574169 - ERROR : send/read tcp data error: Traceback (most recent call last):
  File "G:\tools\anaconda1\.venv\lib\site-packages\PyAibote\Tool\SendTcpData.py", line 25, in SendData
    response = self.StarLoadWait(data)
  File "G:\tools\anaconda1\.venv\lib\site-packages\PyAibote\WindowsBotModel\WinLoadWait.py", line 42, in StarLoadWait
    response = self._Send(data)
  File "G:\tools\anaconda1\.venv\lib\site-packages\PyAibote\WindowsBotModel\WinLoadWait.py", line 21, in _Send
    self.request.sendall(data)
OSError: [WinError 10038] 在一个非套接字上尝试了一个操作。

2025-05-26 22:29:56.576164 - ERROR : send/read tcp data error: Traceback (most recent call last):
  File "G:\tools\anaconda1\.venv\lib\site-packages\PyAibote\Tool\SendTcpData.py", line 25, in SendData
    response = self.StarLoadWait(data)
  File "G:\tools\anaconda1\.venv\lib\site-packages\PyAibote\WindowsBotModel\WinLoadWait.py", line 42, in StarLoadWait
    response = self._Send(data)
  File "G:\tools\anaconda1\.venv\lib\site-packages\PyAibote\WindowsBotModel\WinLoadWait.py", line 21, in _Send
    self.request.sendall(data)
OSError: [WinError 10038] 在一个非套接字上尝试了一个操作。

2025-05-26 22:29:56.615173 - ERROR : send/read tcp data error: Traceback (most recent call last):
  File "G:\tools\anaconda1\.venv\lib\site-packages\PyAibote\Tool\SendTcpData.py", line 25, in SendData
    response = self.StarLoadWait(data)
  File "G:\tools\anaconda1\.venv\lib\site-packages\PyAibote\WindowsBotModel\WinLoadWait.py", line 42, in StarLoadWait
    response = self._Send(data)
  File "G:\tools\anaconda1\.venv\lib\site-packages\PyAibote\WindowsBotModel\WinLoadWait.py", line 21, in _Send
    self.request.sendall(data)
OSError: [WinError 10038] 在一个非套接字上尝试了一个操作。

2025-05-26 22:29:56.617168 - ERROR : send/read tcp data error: Traceback (most recent call last):
  File "G:\tools\anaconda1\.venv\lib\site-packages\PyAibote\Tool\SendTcpData.py", line 25, in SendData
    response = self.StarLoadWait(data)
  File "G:\tools\anaconda1\.venv\lib\site-packages\PyAibote\WindowsBotModel\WinLoadWait.py", line 42, in StarLoadWait
    response = self._Send(data)
  File "G:\tools\anaconda1\.venv\lib\site-packages\PyAibote\WindowsBotModel\WinLoadWait.py", line 21, in _Send
    self.request.sendall(data)
OSError: [WinError 10038] 在一个非套接字上尝试了一个操作。

2025-05-26 22:29:56.619162 - ERROR : send/read tcp data error: Traceback (most recent call last):
  File "G:\tools\anaconda1\.venv\lib\site-packages\PyAibote\Tool\SendTcpData.py", line 25, in SendData
    response = self.StarLoadWait(data)
  File "G:\tools\anaconda1\.venv\lib\site-packages\PyAibote\WindowsBotModel\WinLoadWait.py", line 42, in StarLoadWait
    response = self._Send(data)
  File "G:\tools\anaconda1\.venv\lib\site-packages\PyAibote\WindowsBotModel\WinLoadWait.py", line 21, in _Send
    self.request.sendall(data)
OSError: [WinError 10038] 在一个非套接字上尝试了一个操作。

2025-05-26 22:29:56.621182 - ERROR : send/read tcp data error: Traceback (most recent call last):
  File "G:\tools\anaconda1\.venv\lib\site-packages\PyAibote\Tool\SendTcpData.py", line 25, in SendData
    response = self.StarLoadWait(data)
  File "G:\tools\anaconda1\.venv\lib\site-packages\PyAibote\WindowsBotModel\WinLoadWait.py", line 42, in StarLoadWait
    response = self._Send(data)
  File "G:\tools\anaconda1\.venv\lib\site-packages\PyAibote\WindowsBotModel\WinLoadWait.py", line 21, in _Send
    self.request.sendall(data)
OSError: [WinError 10038] 在一个非套接字上尝试了一个操作。

2025-05-26 22:29:56.623177 - ERROR : send/read tcp data error: Traceback (most recent call last):
  File "G:\tools\anaconda1\.venv\lib\site-packages\PyAibote\Tool\SendTcpData.py", line 25, in SendData
    response = self.StarLoadWait(data)
  File "G:\tools\anaconda1\.venv\lib\site-packages\PyAibote\WindowsBotModel\WinLoadWait.py", line 42, in StarLoadWait
    response = self._Send(data)
  File "G:\tools\anaconda1\.venv\lib\site-packages\PyAibote\WindowsBotModel\WinLoadWait.py", line 21, in _Send
    self.request.sendall(data)
OSError: [WinError 10038] 在一个非套接字上尝试了一个操作。

2025-05-26 22:29:56.632178 - ERROR : send/read tcp data error: Traceback (most recent call last):
  File "G:\tools\anaconda1\.venv\lib\site-packages\PyAibote\Tool\SendTcpData.py", line 25, in SendData
    response = self.StarLoadWait(data)
  File "G:\tools\anaconda1\.venv\lib\site-packages\PyAibote\WindowsBotModel\WinLoadWait.py", line 42, in StarLoadWait
    response = self._Send(data)
  File "G:\tools\anaconda1\.venv\lib\site-packages\PyAibote\WindowsBotModel\WinLoadWait.py", line 21, in _Send
    self.request.sendall(data)
OSError: [WinError 10038] 在一个非套接字上尝试了一个操作。

2025-05-26 22:29:56.634173 - ERROR : send/read tcp data error: Traceback (most recent call last):
  File "G:\tools\anaconda1\.venv\lib\site-packages\PyAibote\Tool\SendTcpData.py", line 25, in SendData
    response = self.StarLoadWait(data)
  File "G:\tools\anaconda1\.venv\lib\site-packages\PyAibote\WindowsBotModel\WinLoadWait.py", line 42, in StarLoadWait
    response = self._Send(data)
  File "G:\tools\anaconda1\.venv\lib\site-packages\PyAibote\WindowsBotModel\WinLoadWait.py", line 21, in _Send
    self.request.sendall(data)
OSError: [WinError 10038] 在一个非套接字上尝试了一个操作。

2025-05-26 22:29:56.637166 - ERROR : send/read tcp data error: Traceback (most recent call last):
  File "G:\tools\anaconda1\.venv\lib\site-packages\PyAibote\Tool\SendTcpData.py", line 25, in SendData
    response = self.StarLoadWait(data)
  File "G:\tools\anaconda1\.venv\lib\site-packages\PyAibote\WindowsBotModel\WinLoadWait.py", line 42, in StarLoadWait
    response = self._Send(data)
  File "G:\tools\anaconda1\.venv\lib\site-packages\PyAibote\WindowsBotModel\WinLoadWait.py", line 21, in _Send
    self.request.sendall(data)
OSError: [WinError 10038] 在一个非套接字上尝试了一个操作。

2025-05-26 22:29:56.639678 - ERROR : send/read tcp data error: Traceback (most recent call last):
  File "G:\tools\anaconda1\.venv\lib\site-packages\PyAibote\Tool\SendTcpData.py", line 25, in SendData
    response = self.StarLoadWait(data)
  File "G:\tools\anaconda1\.venv\lib\site-packages\PyAibote\WindowsBotModel\WinLoadWait.py", line 42, in StarLoadWait
    response = self._Send(data)
  File "G:\tools\anaconda1\.venv\lib\site-packages\PyAibote\WindowsBotModel\WinLoadWait.py", line 21, in _Send
    self.request.sendall(data)
OSError: [WinError 10038] 在一个非套接字上尝试了一个操作。

2025-05-26 22:29:56.642180 - ERROR : send/read tcp data error: Traceback (most recent call last):
  File "G:\tools\anaconda1\.venv\lib\site-packages\PyAibote\Tool\SendTcpData.py", line 25, in SendData
    response = self.StarLoadWait(data)
  File "G:\tools\anaconda1\.venv\lib\site-packages\PyAibote\WindowsBotModel\WinLoadWait.py", line 42, in StarLoadWait
    response = self._Send(data)
  File "G:\tools\anaconda1\.venv\lib\site-packages\PyAibote\WindowsBotModel\WinLoadWait.py", line 21, in _Send
    self.request.sendall(data)
OSError: [WinError 10038] 在一个非套接字上尝试了一个操作。

2025-05-26 22:29:56.644176 - ERROR : send/read tcp data error: Traceback (most recent call last):
  File "G:\tools\anaconda1\.venv\lib\site-packages\PyAibote\Tool\SendTcpData.py", line 25, in SendData
    response = self.StarLoadWait(data)
  File "G:\tools\anaconda1\.venv\lib\site-packages\PyAibote\WindowsBotModel\WinLoadWait.py", line 42, in StarLoadWait
    response = self._Send(data)
  File "G:\tools\anaconda1\.venv\lib\site-packages\PyAibote\WindowsBotModel\WinLoadWait.py", line 21, in _Send
    self.request.sendall(data)
OSError: [WinError 10038] 在一个非套接字上尝试了一个操作。

2025-05-26 22:29:56.646170 - ERROR : send/read tcp data error: Traceback (most recent call last):
  File "G:\tools\anaconda1\.venv\lib\site-packages\PyAibote\Tool\SendTcpData.py", line 25, in SendData
    response = self.StarLoadWait(data)
  File "G:\tools\anaconda1\.venv\lib\site-packages\PyAibote\WindowsBotModel\WinLoadWait.py", line 42, in StarLoadWait
    response = self._Send(data)
  File "G:\tools\anaconda1\.venv\lib\site-packages\PyAibote\WindowsBotModel\WinLoadWait.py", line 21, in _Send
    self.request.sendall(data)
OSError: [WinError 10038] 在一个非套接字上尝试了一个操作。

2025-05-26 22:29:56.648165 - ERROR : send/read tcp data error: Traceback (most recent call last):
  File "G:\tools\anaconda1\.venv\lib\site-packages\PyAibote\Tool\SendTcpData.py", line 25, in SendData
    response = self.StarLoadWait(data)
  File "G:\tools\anaconda1\.venv\lib\site-packages\PyAibote\WindowsBotModel\WinLoadWait.py", line 42, in StarLoadWait
    response = self._Send(data)
  File "G:\tools\anaconda1\.venv\lib\site-packages\PyAibote\WindowsBotModel\WinLoadWait.py", line 21, in _Send
    self.request.sendall(data)
OSError: [WinError 10038] 在一个非套接字上尝试了一个操作。

2025-05-26 22:29:56.650268 - ERROR : send/read tcp data error: Traceback (most recent call last):
  File "G:\tools\anaconda1\.venv\lib\site-packages\PyAibote\Tool\SendTcpData.py", line 25, in SendData
    response = self.StarLoadWait(data)
  File "G:\tools\anaconda1\.venv\lib\site-packages\PyAibote\WindowsBotModel\WinLoadWait.py", line 42, in StarLoadWait
    response = self._Send(data)
  File "G:\tools\anaconda1\.venv\lib\site-packages\PyAibote\WindowsBotModel\WinLoadWait.py", line 21, in _Send
    self.request.sendall(data)
OSError: [WinError 10038] 在一个非套接字上尝试了一个操作。

2025-05-26 22:29:56.652240 - ERROR : send/read tcp data error: Traceback (most recent call last):
  File "G:\tools\anaconda1\.venv\lib\site-packages\PyAibote\Tool\SendTcpData.py", line 25, in SendData
    response = self.StarLoadWait(data)
  File "G:\tools\anaconda1\.venv\lib\site-packages\PyAibote\WindowsBotModel\WinLoadWait.py", line 42, in StarLoadWait
    response = self._Send(data)
  File "G:\tools\anaconda1\.venv\lib\site-packages\PyAibote\WindowsBotModel\WinLoadWait.py", line 21, in _Send
    self.request.sendall(data)
OSError: [WinError 10038] 在一个非套接字上尝试了一个操作。

2025-05-26 22:29:56.672215 - ERROR : send/read tcp data error: Traceback (most recent call last):
  File "G:\tools\anaconda1\.venv\lib\site-packages\PyAibote\Tool\SendTcpData.py", line 25, in SendData
    response = self.StarLoadWait(data)
  File "G:\tools\anaconda1\.venv\lib\site-packages\PyAibote\WindowsBotModel\WinLoadWait.py", line 42, in StarLoadWait
    response = self._Send(data)
  File "G:\tools\anaconda1\.venv\lib\site-packages\PyAibote\WindowsBotModel\WinLoadWait.py", line 21, in _Send
    self.request.sendall(data)
OSError: [WinError 10038] 在一个非套接字上尝试了一个操作。

2025-05-26 22:29:56.674210 - ERROR : send/read tcp data error: Traceback (most recent call last):
  File "G:\tools\anaconda1\.venv\lib\site-packages\PyAibote\Tool\SendTcpData.py", line 25, in SendData
    response = self.StarLoadWait(data)
  File "G:\tools\anaconda1\.venv\lib\site-packages\PyAibote\WindowsBotModel\WinLoadWait.py", line 42, in StarLoadWait
    response = self._Send(data)
  File "G:\tools\anaconda1\.venv\lib\site-packages\PyAibote\WindowsBotModel\WinLoadWait.py", line 21, in _Send
    self.request.sendall(data)
OSError: [WinError 10038] 在一个非套接字上尝试了一个操作。

2025-05-26 22:29:56.677202 - ERROR : send/read tcp data error: Traceback (most recent call last):
  File "G:\tools\anaconda1\.venv\lib\site-packages\PyAibote\Tool\SendTcpData.py", line 25, in SendData
    response = self.StarLoadWait(data)
  File "G:\tools\anaconda1\.venv\lib\site-packages\PyAibote\WindowsBotModel\WinLoadWait.py", line 42, in StarLoadWait
    response = self._Send(data)
  File "G:\tools\anaconda1\.venv\lib\site-packages\PyAibote\WindowsBotModel\WinLoadWait.py", line 21, in _Send
    self.request.sendall(data)
OSError: [WinError 10038] 在一个非套接字上尝试了一个操作。

2025-05-26 22:29:56.679714 - ERROR : send/read tcp data error: Traceback (most recent call last):
  File "G:\tools\anaconda1\.venv\lib\site-packages\PyAibote\Tool\SendTcpData.py", line 25, in SendData
    response = self.StarLoadWait(data)
  File "G:\tools\anaconda1\.venv\lib\site-packages\PyAibote\WindowsBotModel\WinLoadWait.py", line 42, in StarLoadWait
    response = self._Send(data)
  File "G:\tools\anaconda1\.venv\lib\site-packages\PyAibote\WindowsBotModel\WinLoadWait.py", line 21, in _Send
    self.request.sendall(data)
OSError: [WinError 10038] 在一个非套接字上尝试了一个操作。

2025-05-26 22:29:56.681217 - ERROR : send/read tcp data error: Traceback (most recent call last):
  File "G:\tools\anaconda1\.venv\lib\site-packages\PyAibote\Tool\SendTcpData.py", line 25, in SendData
    response = self.StarLoadWait(data)
  File "G:\tools\anaconda1\.venv\lib\site-packages\PyAibote\WindowsBotModel\WinLoadWait.py", line 42, in StarLoadWait
    response = self._Send(data)
  File "G:\tools\anaconda1\.venv\lib\site-packages\PyAibote\WindowsBotModel\WinLoadWait.py", line 21, in _Send
    self.request.sendall(data)
OSError: [WinError 10038] 在一个非套接字上尝试了一个操作。

2025-05-26 22:29:56.683212 - ERROR : send/read tcp data error: Traceback (most recent call last):
  File "G:\tools\anaconda1\.venv\lib\site-packages\PyAibote\Tool\SendTcpData.py", line 25, in SendData
    response = self.StarLoadWait(data)
  File "G:\tools\anaconda1\.venv\lib\site-packages\PyAibote\WindowsBotModel\WinLoadWait.py", line 42, in StarLoadWait
    response = self._Send(data)
  File "G:\tools\anaconda1\.venv\lib\site-packages\PyAibote\WindowsBotModel\WinLoadWait.py", line 21, in _Send
    self.request.sendall(data)
OSError: [WinError 10038] 在一个非套接字上尝试了一个操作。

2025-05-26 22:29:56.686204 - ERROR : send/read tcp data error: Traceback (most recent call last):
  File "G:\tools\anaconda1\.venv\lib\site-packages\PyAibote\Tool\SendTcpData.py", line 25, in SendData
    response = self.StarLoadWait(data)
  File "G:\tools\anaconda1\.venv\lib\site-packages\PyAibote\WindowsBotModel\WinLoadWait.py", line 42, in StarLoadWait
    response = self._Send(data)
  File "G:\tools\anaconda1\.venv\lib\site-packages\PyAibote\WindowsBotModel\WinLoadWait.py", line 21, in _Send
    self.request.sendall(data)
OSError: [WinError 10038] 在一个非套接字上尝试了一个操作。

2025-05-26 22:29:56.693214 - ERROR : send/read tcp data error: Traceback (most recent call last):
  File "G:\tools\anaconda1\.venv\lib\site-packages\PyAibote\Tool\SendTcpData.py", line 25, in SendData
    response = self.StarLoadWait(data)
  File "G:\tools\anaconda1\.venv\lib\site-packages\PyAibote\WindowsBotModel\WinLoadWait.py", line 42, in StarLoadWait
    response = self._Send(data)
  File "G:\tools\anaconda1\.venv\lib\site-packages\PyAibote\WindowsBotModel\WinLoadWait.py", line 21, in _Send
    self.request.sendall(data)
OSError: [WinError 10038] 在一个非套接字上尝试了一个操作。

2025-05-26 22:29:56.696208 - ERROR : send/read tcp data error: Traceback (most recent call last):
  File "G:\tools\anaconda1\.venv\lib\site-packages\PyAibote\Tool\SendTcpData.py", line 25, in SendData
    response = self.StarLoadWait(data)
  File "G:\tools\anaconda1\.venv\lib\site-packages\PyAibote\WindowsBotModel\WinLoadWait.py", line 42, in StarLoadWait
    response = self._Send(data)
  File "G:\tools\anaconda1\.venv\lib\site-packages\PyAibote\WindowsBotModel\WinLoadWait.py", line 21, in _Send
    self.request.sendall(data)
OSError: [WinError 10038] 在一个非套接字上尝试了一个操作。

2025-05-26 22:29:56.698201 - ERROR : send/read tcp data error: Traceback (most recent call last):
  File "G:\tools\anaconda1\.venv\lib\site-packages\PyAibote\Tool\SendTcpData.py", line 25, in SendData
    response = self.StarLoadWait(data)
  File "G:\tools\anaconda1\.venv\lib\site-packages\PyAibote\WindowsBotModel\WinLoadWait.py", line 42, in StarLoadWait
    response = self._Send(data)
  File "G:\tools\anaconda1\.venv\lib\site-packages\PyAibote\WindowsBotModel\WinLoadWait.py", line 21, in _Send
    self.request.sendall(data)
OSError: [WinError 10038] 在一个非套接字上尝试了一个操作。

2025-05-26 22:29:56.700233 - ERROR : send/read tcp data error: Traceback (most recent call last):
  File "G:\tools\anaconda1\.venv\lib\site-packages\PyAibote\Tool\SendTcpData.py", line 25, in SendData
    response = self.StarLoadWait(data)
  File "G:\tools\anaconda1\.venv\lib\site-packages\PyAibote\WindowsBotModel\WinLoadWait.py", line 42, in StarLoadWait
    response = self._Send(data)
  File "G:\tools\anaconda1\.venv\lib\site-packages\PyAibote\WindowsBotModel\WinLoadWait.py", line 21, in _Send
    self.request.sendall(data)
OSError: [WinError 10038] 在一个非套接字上尝试了一个操作。

2025-05-26 22:29:56.702219 - ERROR : send/read tcp data error: Traceback (most recent call last):
  File "G:\tools\anaconda1\.venv\lib\site-packages\PyAibote\Tool\SendTcpData.py", line 25, in SendData
    response = self.StarLoadWait(data)
  File "G:\tools\anaconda1\.venv\lib\site-packages\PyAibote\WindowsBotModel\WinLoadWait.py", line 42, in StarLoadWait
    response = self._Send(data)
  File "G:\tools\anaconda1\.venv\lib\site-packages\PyAibote\WindowsBotModel\WinLoadWait.py", line 21, in _Send
    self.request.sendall(data)
OSError: [WinError 10038] 在一个非套接字上尝试了一个操作。

2025-05-26 22:29:56.705211 - ERROR : send/read tcp data error: Traceback (most recent call last):
  File "G:\tools\anaconda1\.venv\lib\site-packages\PyAibote\Tool\SendTcpData.py", line 25, in SendData
    response = self.StarLoadWait(data)
  File "G:\tools\anaconda1\.venv\lib\site-packages\PyAibote\WindowsBotModel\WinLoadWait.py", line 42, in StarLoadWait
    response = self._Send(data)
  File "G:\tools\anaconda1\.venv\lib\site-packages\PyAibote\WindowsBotModel\WinLoadWait.py", line 21, in _Send
    self.request.sendall(data)
OSError: [WinError 10038] 在一个非套接字上尝试了一个操作。

2025-05-26 22:29:56.707206 - ERROR : send/read tcp data error: Traceback (most recent call last):
  File "G:\tools\anaconda1\.venv\lib\site-packages\PyAibote\Tool\SendTcpData.py", line 25, in SendData
    response = self.StarLoadWait(data)
  File "G:\tools\anaconda1\.venv\lib\site-packages\PyAibote\WindowsBotModel\WinLoadWait.py", line 42, in StarLoadWait
    response = self._Send(data)
  File "G:\tools\anaconda1\.venv\lib\site-packages\PyAibote\WindowsBotModel\WinLoadWait.py", line 21, in _Send
    self.request.sendall(data)
OSError: [WinError 10038] 在一个非套接字上尝试了一个操作。

2025-05-26 22:29:56.709715 - ERROR : send/read tcp data error: Traceback (most recent call last):
  File "G:\tools\anaconda1\.venv\lib\site-packages\PyAibote\Tool\SendTcpData.py", line 25, in SendData
    response = self.StarLoadWait(data)
  File "G:\tools\anaconda1\.venv\lib\site-packages\PyAibote\WindowsBotModel\WinLoadWait.py", line 42, in StarLoadWait
    response = self._Send(data)
  File "G:\tools\anaconda1\.venv\lib\site-packages\PyAibote\WindowsBotModel\WinLoadWait.py", line 21, in _Send
    self.request.sendall(data)
OSError: [WinError 10038] 在一个非套接字上尝试了一个操作。

2025-05-26 22:29:56.711219 - ERROR : send/read tcp data error: Traceback (most recent call last):
  File "G:\tools\anaconda1\.venv\lib\site-packages\PyAibote\Tool\SendTcpData.py", line 25, in SendData
    response = self.StarLoadWait(data)
  File "G:\tools\anaconda1\.venv\lib\site-packages\PyAibote\WindowsBotModel\WinLoadWait.py", line 42, in StarLoadWait
    response = self._Send(data)
  File "G:\tools\anaconda1\.venv\lib\site-packages\PyAibote\WindowsBotModel\WinLoadWait.py", line 21, in _Send
    self.request.sendall(data)
OSError: [WinError 10038] 在一个非套接字上尝试了一个操作。

2025-05-26 22:29:56.713214 - ERROR : send/read tcp data error: Traceback (most recent call last):
  File "G:\tools\anaconda1\.venv\lib\site-packages\PyAibote\Tool\SendTcpData.py", line 25, in SendData
    response = self.StarLoadWait(data)
  File "G:\tools\anaconda1\.venv\lib\site-packages\PyAibote\WindowsBotModel\WinLoadWait.py", line 42, in StarLoadWait
    response = self._Send(data)
  File "G:\tools\anaconda1\.venv\lib\site-packages\PyAibote\WindowsBotModel\WinLoadWait.py", line 21, in _Send
    self.request.sendall(data)
OSError: [WinError 10038] 在一个非套接字上尝试了一个操作。

2025-05-26 22:29:56.715209 - ERROR : send/read tcp data error: Traceback (most recent call last):
  File "G:\tools\anaconda1\.venv\lib\site-packages\PyAibote\Tool\SendTcpData.py", line 25, in SendData
    response = self.StarLoadWait(data)
  File "G:\tools\anaconda1\.venv\lib\site-packages\PyAibote\WindowsBotModel\WinLoadWait.py", line 42, in StarLoadWait
    response = self._Send(data)
  File "G:\tools\anaconda1\.venv\lib\site-packages\PyAibote\WindowsBotModel\WinLoadWait.py", line 21, in _Send
    self.request.sendall(data)
OSError: [WinError 10038] 在一个非套接字上尝试了一个操作。

2025-05-26 22:29:56.717203 - ERROR : send/read tcp data error: Traceback (most recent call last):
  File "G:\tools\anaconda1\.venv\lib\site-packages\PyAibote\Tool\SendTcpData.py", line 25, in SendData
    response = self.StarLoadWait(data)
  File "G:\tools\anaconda1\.venv\lib\site-packages\PyAibote\WindowsBotModel\WinLoadWait.py", line 42, in StarLoadWait
    response = self._Send(data)
  File "G:\tools\anaconda1\.venv\lib\site-packages\PyAibote\WindowsBotModel\WinLoadWait.py", line 21, in _Send
    self.request.sendall(data)
OSError: [WinError 10038] 在一个非套接字上尝试了一个操作。

2025-05-26 22:29:56.720227 - ERROR : send/read tcp data error: Traceback (most recent call last):
  File "G:\tools\anaconda1\.venv\lib\site-packages\PyAibote\Tool\SendTcpData.py", line 25, in SendData
    response = self.StarLoadWait(data)
  File "G:\tools\anaconda1\.venv\lib\site-packages\PyAibote\WindowsBotModel\WinLoadWait.py", line 42, in StarLoadWait
    response = self._Send(data)
  File "G:\tools\anaconda1\.venv\lib\site-packages\PyAibote\WindowsBotModel\WinLoadWait.py", line 21, in _Send
    self.request.sendall(data)
OSError: [WinError 10038] 在一个非套接字上尝试了一个操作。

2025-05-26 22:29:56.722214 - ERROR : send/read tcp data error: Traceback (most recent call last):
  File "G:\tools\anaconda1\.venv\lib\site-packages\PyAibote\Tool\SendTcpData.py", line 25, in SendData
    response = self.StarLoadWait(data)
  File "G:\tools\anaconda1\.venv\lib\site-packages\PyAibote\WindowsBotModel\WinLoadWait.py", line 42, in StarLoadWait
    response = self._Send(data)
  File "G:\tools\anaconda1\.venv\lib\site-packages\PyAibote\WindowsBotModel\WinLoadWait.py", line 21, in _Send
    self.request.sendall(data)
OSError: [WinError 10038] 在一个非套接字上尝试了一个操作。

2025-05-26 22:29:56.739195 - ERROR : send/read tcp data error: Traceback (most recent call last):
  File "G:\tools\anaconda1\.venv\lib\site-packages\PyAibote\Tool\SendTcpData.py", line 25, in SendData
    response = self.StarLoadWait(data)
  File "G:\tools\anaconda1\.venv\lib\site-packages\PyAibote\WindowsBotModel\WinLoadWait.py", line 42, in StarLoadWait
    response = self._Send(data)
  File "G:\tools\anaconda1\.venv\lib\site-packages\PyAibote\WindowsBotModel\WinLoadWait.py", line 21, in _Send
    self.request.sendall(data)
OSError: [WinError 10038] 在一个非套接字上尝试了一个操作。

2025-05-26 22:29:56.741216 - ERROR : send/read tcp data error: Traceback (most recent call last):
  File "G:\tools\anaconda1\.venv\lib\site-packages\PyAibote\Tool\SendTcpData.py", line 25, in SendData
    response = self.StarLoadWait(data)
  File "G:\tools\anaconda1\.venv\lib\site-packages\PyAibote\WindowsBotModel\WinLoadWait.py", line 42, in StarLoadWait
    response = self._Send(data)
  File "G:\tools\anaconda1\.venv\lib\site-packages\PyAibote\WindowsBotModel\WinLoadWait.py", line 21, in _Send
    self.request.sendall(data)
OSError: [WinError 10038] 在一个非套接字上尝试了一个操作。

2025-05-26 22:29:56.744208 - ERROR : send/read tcp data error: Traceback (most recent call last):
  File "G:\tools\anaconda1\.venv\lib\site-packages\PyAibote\Tool\SendTcpData.py", line 25, in SendData
    response = self.StarLoadWait(data)
  File "G:\tools\anaconda1\.venv\lib\site-packages\PyAibote\WindowsBotModel\WinLoadWait.py", line 42, in StarLoadWait
    response = self._Send(data)
  File "G:\tools\anaconda1\.venv\lib\site-packages\PyAibote\WindowsBotModel\WinLoadWait.py", line 21, in _Send
    self.request.sendall(data)
OSError: [WinError 10038] 在一个非套接字上尝试了一个操作。

2025-05-26 22:29:56.746203 - ERROR : send/read tcp data error: Traceback (most recent call last):
  File "G:\tools\anaconda1\.venv\lib\site-packages\PyAibote\Tool\SendTcpData.py", line 25, in SendData
    response = self.StarLoadWait(data)
  File "G:\tools\anaconda1\.venv\lib\site-packages\PyAibote\WindowsBotModel\WinLoadWait.py", line 42, in StarLoadWait
    response = self._Send(data)
  File "G:\tools\anaconda1\.venv\lib\site-packages\PyAibote\WindowsBotModel\WinLoadWait.py", line 21, in _Send
    self.request.sendall(data)
OSError: [WinError 10038] 在一个非套接字上尝试了一个操作。

2025-05-26 22:29:56.748198 - ERROR : send/read tcp data error: Traceback (most recent call last):
  File "G:\tools\anaconda1\.venv\lib\site-packages\PyAibote\Tool\SendTcpData.py", line 25, in SendData
    response = self.StarLoadWait(data)
  File "G:\tools\anaconda1\.venv\lib\site-packages\PyAibote\WindowsBotModel\WinLoadWait.py", line 42, in StarLoadWait
    response = self._Send(data)
  File "G:\tools\anaconda1\.venv\lib\site-packages\PyAibote\WindowsBotModel\WinLoadWait.py", line 21, in _Send
    self.request.sendall(data)
OSError: [WinError 10038] 在一个非套接字上尝试了一个操作。

2025-05-26 22:29:56.751215 - ERROR : send/read tcp data error: Traceback (most recent call last):
  File "G:\tools\anaconda1\.venv\lib\site-packages\PyAibote\Tool\SendTcpData.py", line 25, in SendData
    response = self.StarLoadWait(data)
  File "G:\tools\anaconda1\.venv\lib\site-packages\PyAibote\WindowsBotModel\WinLoadWait.py", line 42, in StarLoadWait
    response = self._Send(data)
  File "G:\tools\anaconda1\.venv\lib\site-packages\PyAibote\WindowsBotModel\WinLoadWait.py", line 21, in _Send
    self.request.sendall(data)
OSError: [WinError 10038] 在一个非套接字上尝试了一个操作。

2025-05-26 22:29:56.753209 - ERROR : send/read tcp data error: Traceback (most recent call last):
  File "G:\tools\anaconda1\.venv\lib\site-packages\PyAibote\Tool\SendTcpData.py", line 25, in SendData
    response = self.StarLoadWait(data)
  File "G:\tools\anaconda1\.venv\lib\site-packages\PyAibote\WindowsBotModel\WinLoadWait.py", line 42, in StarLoadWait
    response = self._Send(data)
  File "G:\tools\anaconda1\.venv\lib\site-packages\PyAibote\WindowsBotModel\WinLoadWait.py", line 21, in _Send
    self.request.sendall(data)
OSError: [WinError 10038] 在一个非套接字上尝试了一个操作。

2025-05-26 22:29:56.755204 - ERROR : send/read tcp data error: Traceback (most recent call last):
  File "G:\tools\anaconda1\.venv\lib\site-packages\PyAibote\Tool\SendTcpData.py", line 25, in SendData
    response = self.StarLoadWait(data)
  File "G:\tools\anaconda1\.venv\lib\site-packages\PyAibote\WindowsBotModel\WinLoadWait.py", line 42, in StarLoadWait
    response = self._Send(data)
  File "G:\tools\anaconda1\.venv\lib\site-packages\PyAibote\WindowsBotModel\WinLoadWait.py", line 21, in _Send
    self.request.sendall(data)
OSError: [WinError 10038] 在一个非套接字上尝试了一个操作。

2025-05-26 22:29:56.757199 - ERROR : send/read tcp data error: Traceback (most recent call last):
  File "G:\tools\anaconda1\.venv\lib\site-packages\PyAibote\Tool\SendTcpData.py", line 25, in SendData
    response = self.StarLoadWait(data)
  File "G:\tools\anaconda1\.venv\lib\site-packages\PyAibote\WindowsBotModel\WinLoadWait.py", line 42, in StarLoadWait
    response = self._Send(data)
  File "G:\tools\anaconda1\.venv\lib\site-packages\PyAibote\WindowsBotModel\WinLoadWait.py", line 21, in _Send
    self.request.sendall(data)
OSError: [WinError 10038] 在一个非套接字上尝试了一个操作。

2025-05-26 22:29:56.759194 - ERROR : send/read tcp data error: Traceback (most recent call last):
  File "G:\tools\anaconda1\.venv\lib\site-packages\PyAibote\Tool\SendTcpData.py", line 25, in SendData
    response = self.StarLoadWait(data)
  File "G:\tools\anaconda1\.venv\lib\site-packages\PyAibote\WindowsBotModel\WinLoadWait.py", line 42, in StarLoadWait
    response = self._Send(data)
  File "G:\tools\anaconda1\.venv\lib\site-packages\PyAibote\WindowsBotModel\WinLoadWait.py", line 21, in _Send
    self.request.sendall(data)
OSError: [WinError 10038] 在一个非套接字上尝试了一个操作。

2025-05-26 22:29:56.770255 - ERROR : send/read tcp data error: Traceback (most recent call last):
  File "G:\tools\anaconda1\.venv\lib\site-packages\PyAibote\Tool\SendTcpData.py", line 25, in SendData
    response = self.StarLoadWait(data)
  File "G:\tools\anaconda1\.venv\lib\site-packages\PyAibote\WindowsBotModel\WinLoadWait.py", line 42, in StarLoadWait
    response = self._Send(data)
  File "G:\tools\anaconda1\.venv\lib\site-packages\PyAibote\WindowsBotModel\WinLoadWait.py", line 21, in _Send
    self.request.sendall(data)
OSError: [WinError 10038] 在一个非套接字上尝试了一个操作。

2025-05-26 22:29:56.772217 - ERROR : send/read tcp data error: Traceback (most recent call last):
  File "G:\tools\anaconda1\.venv\lib\site-packages\PyAibote\Tool\SendTcpData.py", line 25, in SendData
    response = self.StarLoadWait(data)
  File "G:\tools\anaconda1\.venv\lib\site-packages\PyAibote\WindowsBotModel\WinLoadWait.py", line 42, in StarLoadWait
    response = self._Send(data)
  File "G:\tools\anaconda1\.venv\lib\site-packages\PyAibote\WindowsBotModel\WinLoadWait.py", line 21, in _Send
    self.request.sendall(data)
OSError: [WinError 10038] 在一个非套接字上尝试了一个操作。

2025-05-26 22:29:56.774212 - ERROR : send/read tcp data error: Traceback (most recent call last):
  File "G:\tools\anaconda1\.venv\lib\site-packages\PyAibote\Tool\SendTcpData.py", line 25, in SendData
    response = self.StarLoadWait(data)
  File "G:\tools\anaconda1\.venv\lib\site-packages\PyAibote\WindowsBotModel\WinLoadWait.py", line 42, in StarLoadWait
    response = self._Send(data)
  File "G:\tools\anaconda1\.venv\lib\site-packages\PyAibote\WindowsBotModel\WinLoadWait.py", line 21, in _Send
    self.request.sendall(data)
OSError: [WinError 10038] 在一个非套接字上尝试了一个操作。

2025-05-26 22:29:56.776207 - ERROR : send/read tcp data error: Traceback (most recent call last):
  File "G:\tools\anaconda1\.venv\lib\site-packages\PyAibote\Tool\SendTcpData.py", line 25, in SendData
    response = self.StarLoadWait(data)
  File "G:\tools\anaconda1\.venv\lib\site-packages\PyAibote\WindowsBotModel\WinLoadWait.py", line 42, in StarLoadWait
    response = self._Send(data)
  File "G:\tools\anaconda1\.venv\lib\site-packages\PyAibote\WindowsBotModel\WinLoadWait.py", line 21, in _Send
    self.request.sendall(data)
OSError: [WinError 10038] 在一个非套接字上尝试了一个操作。

2025-05-26 22:29:56.778201 - ERROR : send/read tcp data error: Traceback (most recent call last):
  File "G:\tools\anaconda1\.venv\lib\site-packages\PyAibote\Tool\SendTcpData.py", line 25, in SendData
    response = self.StarLoadWait(data)
  File "G:\tools\anaconda1\.venv\lib\site-packages\PyAibote\WindowsBotModel\WinLoadWait.py", line 42, in StarLoadWait
    response = self._Send(data)
  File "G:\tools\anaconda1\.venv\lib\site-packages\PyAibote\WindowsBotModel\WinLoadWait.py", line 21, in _Send
    self.request.sendall(data)
OSError: [WinError 10038] 在一个非套接字上尝试了一个操作。

2025-05-26 22:29:56.784217 - ERROR : send/read tcp data error: Traceback (most recent call last):
  File "G:\tools\anaconda1\.venv\lib\site-packages\PyAibote\Tool\SendTcpData.py", line 25, in SendData
    response = self.StarLoadWait(data)
  File "G:\tools\anaconda1\.venv\lib\site-packages\PyAibote\WindowsBotModel\WinLoadWait.py", line 42, in StarLoadWait
    response = self._Send(data)
  File "G:\tools\anaconda1\.venv\lib\site-packages\PyAibote\WindowsBotModel\WinLoadWait.py", line 21, in _Send
    self.request.sendall(data)
OSError: [WinError 10038] 在一个非套接字上尝试了一个操作。

2025-05-26 22:29:56.786213 - ERROR : send/read tcp data error: Traceback (most recent call last):
  File "G:\tools\anaconda1\.venv\lib\site-packages\PyAibote\Tool\SendTcpData.py", line 25, in SendData
    response = self.StarLoadWait(data)
  File "G:\tools\anaconda1\.venv\lib\site-packages\PyAibote\WindowsBotModel\WinLoadWait.py", line 42, in StarLoadWait
    response = self._Send(data)
  File "G:\tools\anaconda1\.venv\lib\site-packages\PyAibote\WindowsBotModel\WinLoadWait.py", line 21, in _Send
    self.request.sendall(data)
OSError: [WinError 10038] 在一个非套接字上尝试了一个操作。

2025-05-26 22:29:56.789205 - ERROR : send/read tcp data error: Traceback (most recent call last):
  File "G:\tools\anaconda1\.venv\lib\site-packages\PyAibote\Tool\SendTcpData.py", line 25, in SendData
    response = self.StarLoadWait(data)
  File "G:\tools\anaconda1\.venv\lib\site-packages\PyAibote\WindowsBotModel\WinLoadWait.py", line 42, in StarLoadWait
    response = self._Send(data)
  File "G:\tools\anaconda1\.venv\lib\site-packages\PyAibote\WindowsBotModel\WinLoadWait.py", line 21, in _Send
    self.request.sendall(data)
OSError: [WinError 10038] 在一个非套接字上尝试了一个操作。

2025-05-26 22:29:56.791225 - ERROR : send/read tcp data error: Traceback (most recent call last):
  File "G:\tools\anaconda1\.venv\lib\site-packages\PyAibote\Tool\SendTcpData.py", line 25, in SendData
    response = self.StarLoadWait(data)
  File "G:\tools\anaconda1\.venv\lib\site-packages\PyAibote\WindowsBotModel\WinLoadWait.py", line 42, in StarLoadWait
    response = self._Send(data)
  File "G:\tools\anaconda1\.venv\lib\site-packages\PyAibote\WindowsBotModel\WinLoadWait.py", line 21, in _Send
    self.request.sendall(data)
OSError: [WinError 10038] 在一个非套接字上尝试了一个操作。

2025-05-26 22:29:56.793220 - ERROR : send/read tcp data error: Traceback (most recent call last):
  File "G:\tools\anaconda1\.venv\lib\site-packages\PyAibote\Tool\SendTcpData.py", line 25, in SendData
    response = self.StarLoadWait(data)
  File "G:\tools\anaconda1\.venv\lib\site-packages\PyAibote\WindowsBotModel\WinLoadWait.py", line 42, in StarLoadWait
    response = self._Send(data)
  File "G:\tools\anaconda1\.venv\lib\site-packages\PyAibote\WindowsBotModel\WinLoadWait.py", line 21, in _Send
    self.request.sendall(data)
OSError: [WinError 10038] 在一个非套接字上尝试了一个操作。

2025-05-26 22:29:56.810234 - ERROR : send/read tcp data error: Traceback (most recent call last):
  File "G:\tools\anaconda1\.venv\lib\site-packages\PyAibote\Tool\SendTcpData.py", line 25, in SendData
    response = self.StarLoadWait(data)
  File "G:\tools\anaconda1\.venv\lib\site-packages\PyAibote\WindowsBotModel\WinLoadWait.py", line 42, in StarLoadWait
    response = self._Send(data)
  File "G:\tools\anaconda1\.venv\lib\site-packages\PyAibote\WindowsBotModel\WinLoadWait.py", line 21, in _Send
    self.request.sendall(data)
OSError: [WinError 10038] 在一个非套接字上尝试了一个操作。

2025-05-26 22:29:56.812222 - ERROR : send/read tcp data error: Traceback (most recent call last):
  File "G:\tools\anaconda1\.venv\lib\site-packages\PyAibote\Tool\SendTcpData.py", line 25, in SendData
    response = self.StarLoadWait(data)
  File "G:\tools\anaconda1\.venv\lib\site-packages\PyAibote\WindowsBotModel\WinLoadWait.py", line 42, in StarLoadWait
    response = self._Send(data)
  File "G:\tools\anaconda1\.venv\lib\site-packages\PyAibote\WindowsBotModel\WinLoadWait.py", line 21, in _Send
    self.request.sendall(data)
OSError: [WinError 10038] 在一个非套接字上尝试了一个操作。

2025-05-26 22:29:56.815215 - ERROR : send/read tcp data error: Traceback (most recent call last):
  File "G:\tools\anaconda1\.venv\lib\site-packages\PyAibote\Tool\SendTcpData.py", line 25, in SendData
    response = self.StarLoadWait(data)
  File "G:\tools\anaconda1\.venv\lib\site-packages\PyAibote\WindowsBotModel\WinLoadWait.py", line 42, in StarLoadWait
    response = self._Send(data)
  File "G:\tools\anaconda1\.venv\lib\site-packages\PyAibote\WindowsBotModel\WinLoadWait.py", line 21, in _Send
    self.request.sendall(data)
OSError: [WinError 10038] 在一个非套接字上尝试了一个操作。

2025-05-26 22:29:56.817210 - ERROR : send/read tcp data error: Traceback (most recent call last):
  File "G:\tools\anaconda1\.venv\lib\site-packages\PyAibote\Tool\SendTcpData.py", line 25, in SendData
    response = self.StarLoadWait(data)
  File "G:\tools\anaconda1\.venv\lib\site-packages\PyAibote\WindowsBotModel\WinLoadWait.py", line 42, in StarLoadWait
    response = self._Send(data)
  File "G:\tools\anaconda1\.venv\lib\site-packages\PyAibote\WindowsBotModel\WinLoadWait.py", line 21, in _Send
    self.request.sendall(data)
OSError: [WinError 10038] 在一个非套接字上尝试了一个操作。

2025-05-26 22:29:56.820245 - ERROR : send/read tcp data error: Traceback (most recent call last):
  File "G:\tools\anaconda1\.venv\lib\site-packages\PyAibote\Tool\SendTcpData.py", line 25, in SendData
    response = self.StarLoadWait(data)
  File "G:\tools\anaconda1\.venv\lib\site-packages\PyAibote\WindowsBotModel\WinLoadWait.py", line 42, in StarLoadWait
    response = self._Send(data)
  File "G:\tools\anaconda1\.venv\lib\site-packages\PyAibote\WindowsBotModel\WinLoadWait.py", line 21, in _Send
    self.request.sendall(data)
OSError: [WinError 10038] 在一个非套接字上尝试了一个操作。

2025-05-26 22:29:56.822230 - ERROR : send/read tcp data error: Traceback (most recent call last):
  File "G:\tools\anaconda1\.venv\lib\site-packages\PyAibote\Tool\SendTcpData.py", line 25, in SendData
    response = self.StarLoadWait(data)
  File "G:\tools\anaconda1\.venv\lib\site-packages\PyAibote\WindowsBotModel\WinLoadWait.py", line 42, in StarLoadWait
    response = self._Send(data)
  File "G:\tools\anaconda1\.venv\lib\site-packages\PyAibote\WindowsBotModel\WinLoadWait.py", line 21, in _Send
    self.request.sendall(data)
OSError: [WinError 10038] 在一个非套接字上尝试了一个操作。

2025-05-26 22:29:56.824225 - ERROR : send/read tcp data error: Traceback (most recent call last):
  File "G:\tools\anaconda1\.venv\lib\site-packages\PyAibote\Tool\SendTcpData.py", line 25, in SendData
    response = self.StarLoadWait(data)
  File "G:\tools\anaconda1\.venv\lib\site-packages\PyAibote\WindowsBotModel\WinLoadWait.py", line 42, in StarLoadWait
    response = self._Send(data)
  File "G:\tools\anaconda1\.venv\lib\site-packages\PyAibote\WindowsBotModel\WinLoadWait.py", line 21, in _Send
    self.request.sendall(data)
OSError: [WinError 10038] 在一个非套接字上尝试了一个操作。

2025-05-26 22:29:56.827217 - ERROR : send/read tcp data error: Traceback (most recent call last):
  File "G:\tools\anaconda1\.venv\lib\site-packages\PyAibote\Tool\SendTcpData.py", line 25, in SendData
    response = self.StarLoadWait(data)
  File "G:\tools\anaconda1\.venv\lib\site-packages\PyAibote\WindowsBotModel\WinLoadWait.py", line 42, in StarLoadWait
    response = self._Send(data)
  File "G:\tools\anaconda1\.venv\lib\site-packages\PyAibote\WindowsBotModel\WinLoadWait.py", line 21, in _Send
    self.request.sendall(data)
OSError: [WinError 10038] 在一个非套接字上尝试了一个操作。

2025-05-26 22:29:56.829212 - ERROR : send/read tcp data error: Traceback (most recent call last):
  File "G:\tools\anaconda1\.venv\lib\site-packages\PyAibote\Tool\SendTcpData.py", line 25, in SendData
    response = self.StarLoadWait(data)
  File "G:\tools\anaconda1\.venv\lib\site-packages\PyAibote\WindowsBotModel\WinLoadWait.py", line 42, in StarLoadWait
    response = self._Send(data)
  File "G:\tools\anaconda1\.venv\lib\site-packages\PyAibote\WindowsBotModel\WinLoadWait.py", line 21, in _Send
    self.request.sendall(data)
OSError: [WinError 10038] 在一个非套接字上尝试了一个操作。

2025-05-26 22:29:56.831241 - ERROR : send/read tcp data error: Traceback (most recent call last):
  File "G:\tools\anaconda1\.venv\lib\site-packages\PyAibote\Tool\SendTcpData.py", line 25, in SendData
    response = self.StarLoadWait(data)
  File "G:\tools\anaconda1\.venv\lib\site-packages\PyAibote\WindowsBotModel\WinLoadWait.py", line 42, in StarLoadWait
    response = self._Send(data)
  File "G:\tools\anaconda1\.venv\lib\site-packages\PyAibote\WindowsBotModel\WinLoadWait.py", line 21, in _Send
    self.request.sendall(data)
OSError: [WinError 10038] 在一个非套接字上尝试了一个操作。

2025-05-26 22:29:56.833236 - ERROR : send/read tcp data error: Traceback (most recent call last):
  File "G:\tools\anaconda1\.venv\lib\site-packages\PyAibote\Tool\SendTcpData.py", line 25, in SendData
    response = self.StarLoadWait(data)
  File "G:\tools\anaconda1\.venv\lib\site-packages\PyAibote\WindowsBotModel\WinLoadWait.py", line 42, in StarLoadWait
    response = self._Send(data)
  File "G:\tools\anaconda1\.venv\lib\site-packages\PyAibote\WindowsBotModel\WinLoadWait.py", line 21, in _Send
    self.request.sendall(data)
OSError: [WinError 10038] 在一个非套接字上尝试了一个操作。

2025-05-26 22:29:56.835230 - ERROR : send/read tcp data error: Traceback (most recent call last):
  File "G:\tools\anaconda1\.venv\lib\site-packages\PyAibote\Tool\SendTcpData.py", line 25, in SendData
    response = self.StarLoadWait(data)
  File "G:\tools\anaconda1\.venv\lib\site-packages\PyAibote\WindowsBotModel\WinLoadWait.py", line 42, in StarLoadWait
    response = self._Send(data)
  File "G:\tools\anaconda1\.venv\lib\site-packages\PyAibote\WindowsBotModel\WinLoadWait.py", line 21, in _Send
    self.request.sendall(data)
OSError: [WinError 10038] 在一个非套接字上尝试了一个操作。

2025-05-26 22:29:56.838222 - ERROR : send/read tcp data error: Traceback (most recent call last):
  File "G:\tools\anaconda1\.venv\lib\site-packages\PyAibote\Tool\SendTcpData.py", line 25, in SendData
    response = self.StarLoadWait(data)
  File "G:\tools\anaconda1\.venv\lib\site-packages\PyAibote\WindowsBotModel\WinLoadWait.py", line 42, in StarLoadWait
    response = self._Send(data)
  File "G:\tools\anaconda1\.venv\lib\site-packages\PyAibote\WindowsBotModel\WinLoadWait.py", line 21, in _Send
    self.request.sendall(data)
OSError: [WinError 10038] 在一个非套接字上尝试了一个操作。

2025-05-26 22:29:56.840252 - ERROR : send/read tcp data error: Traceback (most recent call last):
  File "G:\tools\anaconda1\.venv\lib\site-packages\PyAibote\Tool\SendTcpData.py", line 25, in SendData
    response = self.StarLoadWait(data)
  File "G:\tools\anaconda1\.venv\lib\site-packages\PyAibote\WindowsBotModel\WinLoadWait.py", line 42, in StarLoadWait
    response = self._Send(data)
  File "G:\tools\anaconda1\.venv\lib\site-packages\PyAibote\WindowsBotModel\WinLoadWait.py", line 21, in _Send
    self.request.sendall(data)
OSError: [WinError 10038] 在一个非套接字上尝试了一个操作。

2025-05-26 22:29:56.842238 - ERROR : send/read tcp data error: Traceback (most recent call last):
  File "G:\tools\anaconda1\.venv\lib\site-packages\PyAibote\Tool\SendTcpData.py", line 25, in SendData
    response = self.StarLoadWait(data)
  File "G:\tools\anaconda1\.venv\lib\site-packages\PyAibote\WindowsBotModel\WinLoadWait.py", line 42, in StarLoadWait
    response = self._Send(data)
  File "G:\tools\anaconda1\.venv\lib\site-packages\PyAibote\WindowsBotModel\WinLoadWait.py", line 21, in _Send
    self.request.sendall(data)
OSError: [WinError 10038] 在一个非套接字上尝试了一个操作。

2025-05-26 22:29:56.844234 - ERROR : send/read tcp data error: Traceback (most recent call last):
  File "G:\tools\anaconda1\.venv\lib\site-packages\PyAibote\Tool\SendTcpData.py", line 25, in SendData
    response = self.StarLoadWait(data)
  File "G:\tools\anaconda1\.venv\lib\site-packages\PyAibote\WindowsBotModel\WinLoadWait.py", line 42, in StarLoadWait
    response = self._Send(data)
  File "G:\tools\anaconda1\.venv\lib\site-packages\PyAibote\WindowsBotModel\WinLoadWait.py", line 21, in _Send
    self.request.sendall(data)
OSError: [WinError 10038] 在一个非套接字上尝试了一个操作。

2025-05-26 22:29:56.846229 - ERROR : send/read tcp data error: Traceback (most recent call last):
  File "G:\tools\anaconda1\.venv\lib\site-packages\PyAibote\Tool\SendTcpData.py", line 25, in SendData
    response = self.StarLoadWait(data)
  File "G:\tools\anaconda1\.venv\lib\site-packages\PyAibote\WindowsBotModel\WinLoadWait.py", line 42, in StarLoadWait
    response = self._Send(data)
  File "G:\tools\anaconda1\.venv\lib\site-packages\PyAibote\WindowsBotModel\WinLoadWait.py", line 21, in _Send
    self.request.sendall(data)
OSError: [WinError 10038] 在一个非套接字上尝试了一个操作。

2025-05-26 22:29:56.848223 - ERROR : send/read tcp data error: Traceback (most recent call last):
  File "G:\tools\anaconda1\.venv\lib\site-packages\PyAibote\Tool\SendTcpData.py", line 25, in SendData
    response = self.StarLoadWait(data)
  File "G:\tools\anaconda1\.venv\lib\site-packages\PyAibote\WindowsBotModel\WinLoadWait.py", line 42, in StarLoadWait
    response = self._Send(data)
  File "G:\tools\anaconda1\.venv\lib\site-packages\PyAibote\WindowsBotModel\WinLoadWait.py", line 21, in _Send
    self.request.sendall(data)
OSError: [WinError 10038] 在一个非套接字上尝试了一个操作。

2025-05-26 22:29:56.851245 - ERROR : send/read tcp data error: Traceback (most recent call last):
  File "G:\tools\anaconda1\.venv\lib\site-packages\PyAibote\Tool\SendTcpData.py", line 25, in SendData
    response = self.StarLoadWait(data)
  File "G:\tools\anaconda1\.venv\lib\site-packages\PyAibote\WindowsBotModel\WinLoadWait.py", line 42, in StarLoadWait
    response = self._Send(data)
  File "G:\tools\anaconda1\.venv\lib\site-packages\PyAibote\WindowsBotModel\WinLoadWait.py", line 21, in _Send
    self.request.sendall(data)
OSError: [WinError 10038] 在一个非套接字上尝试了一个操作。

2025-05-26 22:29:56.853240 - ERROR : send/read tcp data error: Traceback (most recent call last):
  File "G:\tools\anaconda1\.venv\lib\site-packages\PyAibote\Tool\SendTcpData.py", line 25, in SendData
    response = self.StarLoadWait(data)
  File "G:\tools\anaconda1\.venv\lib\site-packages\PyAibote\WindowsBotModel\WinLoadWait.py", line 42, in StarLoadWait
    response = self._Send(data)
  File "G:\tools\anaconda1\.venv\lib\site-packages\PyAibote\WindowsBotModel\WinLoadWait.py", line 21, in _Send
    self.request.sendall(data)
OSError: [WinError 10038] 在一个非套接字上尝试了一个操作。

2025-05-26 22:29:56.855236 - ERROR : send/read tcp data error: Traceback (most recent call last):
  File "G:\tools\anaconda1\.venv\lib\site-packages\PyAibote\Tool\SendTcpData.py", line 25, in SendData
    response = self.StarLoadWait(data)
  File "G:\tools\anaconda1\.venv\lib\site-packages\PyAibote\WindowsBotModel\WinLoadWait.py", line 42, in StarLoadWait
    response = self._Send(data)
  File "G:\tools\anaconda1\.venv\lib\site-packages\PyAibote\WindowsBotModel\WinLoadWait.py", line 21, in _Send
    self.request.sendall(data)
OSError: [WinError 10038] 在一个非套接字上尝试了一个操作。

2025-05-26 22:29:56.857232 - ERROR : send/read tcp data error: Traceback (most recent call last):
  File "G:\tools\anaconda1\.venv\lib\site-packages\PyAibote\Tool\SendTcpData.py", line 25, in SendData
    response = self.StarLoadWait(data)
  File "G:\tools\anaconda1\.venv\lib\site-packages\PyAibote\WindowsBotModel\WinLoadWait.py", line 42, in StarLoadWait
    response = self._Send(data)
  File "G:\tools\anaconda1\.venv\lib\site-packages\PyAibote\WindowsBotModel\WinLoadWait.py", line 21, in _Send
    self.request.sendall(data)
OSError: [WinError 10038] 在一个非套接字上尝试了一个操作。

2025-05-26 22:29:56.859744 - ERROR : send/read tcp data error: Traceback (most recent call last):
  File "G:\tools\anaconda1\.venv\lib\site-packages\PyAibote\Tool\SendTcpData.py", line 25, in SendData
    response = self.StarLoadWait(data)
  File "G:\tools\anaconda1\.venv\lib\site-packages\PyAibote\WindowsBotModel\WinLoadWait.py", line 42, in StarLoadWait
    response = self._Send(data)
  File "G:\tools\anaconda1\.venv\lib\site-packages\PyAibote\WindowsBotModel\WinLoadWait.py", line 21, in _Send
    self.request.sendall(data)
OSError: [WinError 10038] 在一个非套接字上尝试了一个操作。

2025-05-26 22:29:56.862246 - ERROR : send/read tcp data error: Traceback (most recent call last):
  File "G:\tools\anaconda1\.venv\lib\site-packages\PyAibote\Tool\SendTcpData.py", line 25, in SendData
    response = self.StarLoadWait(data)
  File "G:\tools\anaconda1\.venv\lib\site-packages\PyAibote\WindowsBotModel\WinLoadWait.py", line 42, in StarLoadWait
    response = self._Send(data)
  File "G:\tools\anaconda1\.venv\lib\site-packages\PyAibote\WindowsBotModel\WinLoadWait.py", line 21, in _Send
    self.request.sendall(data)
OSError: [WinError 10038] 在一个非套接字上尝试了一个操作。

2025-05-26 22:29:56.863244 - ERROR : send/read tcp data error: Traceback (most recent call last):
  File "G:\tools\anaconda1\.venv\lib\site-packages\PyAibote\Tool\SendTcpData.py", line 25, in SendData
    response = self.StarLoadWait(data)
  File "G:\tools\anaconda1\.venv\lib\site-packages\PyAibote\WindowsBotModel\WinLoadWait.py", line 42, in StarLoadWait
    response = self._Send(data)
  File "G:\tools\anaconda1\.venv\lib\site-packages\PyAibote\WindowsBotModel\WinLoadWait.py", line 21, in _Send
    self.request.sendall(data)
OSError: [WinError 10038] 在一个非套接字上尝试了一个操作。

2025-05-26 22:29:56.866236 - ERROR : send/read tcp data error: Traceback (most recent call last):
  File "G:\tools\anaconda1\.venv\lib\site-packages\PyAibote\Tool\SendTcpData.py", line 25, in SendData
    response = self.StarLoadWait(data)
  File "G:\tools\anaconda1\.venv\lib\site-packages\PyAibote\WindowsBotModel\WinLoadWait.py", line 42, in StarLoadWait
    response = self._Send(data)
  File "G:\tools\anaconda1\.venv\lib\site-packages\PyAibote\WindowsBotModel\WinLoadWait.py", line 21, in _Send
    self.request.sendall(data)
OSError: [WinError 10038] 在一个非套接字上尝试了一个操作。

2025-05-26 22:29:56.882257 - ERROR : send/read tcp data error: Traceback (most recent call last):
  File "G:\tools\anaconda1\.venv\lib\site-packages\PyAibote\Tool\SendTcpData.py", line 25, in SendData
    response = self.StarLoadWait(data)
  File "G:\tools\anaconda1\.venv\lib\site-packages\PyAibote\WindowsBotModel\WinLoadWait.py", line 42, in StarLoadWait
    response = self._Send(data)
  File "G:\tools\anaconda1\.venv\lib\site-packages\PyAibote\WindowsBotModel\WinLoadWait.py", line 21, in _Send
    self.request.sendall(data)
OSError: [WinError 10038] 在一个非套接字上尝试了一个操作。

2025-05-26 22:29:56.884252 - ERROR : send/read tcp data error: Traceback (most recent call last):
  File "G:\tools\anaconda1\.venv\lib\site-packages\PyAibote\Tool\SendTcpData.py", line 25, in SendData
    response = self.StarLoadWait(data)
  File "G:\tools\anaconda1\.venv\lib\site-packages\PyAibote\WindowsBotModel\WinLoadWait.py", line 42, in StarLoadWait
    response = self._Send(data)
  File "G:\tools\anaconda1\.venv\lib\site-packages\PyAibote\WindowsBotModel\WinLoadWait.py", line 21, in _Send
    self.request.sendall(data)
OSError: [WinError 10038] 在一个非套接字上尝试了一个操作。

2025-05-26 22:29:56.886247 - ERROR : send/read tcp data error: Traceback (most recent call last):
  File "G:\tools\anaconda1\.venv\lib\site-packages\PyAibote\Tool\SendTcpData.py", line 25, in SendData
    response = self.StarLoadWait(data)
  File "G:\tools\anaconda1\.venv\lib\site-packages\PyAibote\WindowsBotModel\WinLoadWait.py", line 42, in StarLoadWait
    response = self._Send(data)
  File "G:\tools\anaconda1\.venv\lib\site-packages\PyAibote\WindowsBotModel\WinLoadWait.py", line 21, in _Send
    self.request.sendall(data)
OSError: [WinError 10038] 在一个非套接字上尝试了一个操作。

2025-05-26 22:29:56.888242 - ERROR : send/read tcp data error: Traceback (most recent call last):
  File "G:\tools\anaconda1\.venv\lib\site-packages\PyAibote\Tool\SendTcpData.py", line 25, in SendData
    response = self.StarLoadWait(data)
  File "G:\tools\anaconda1\.venv\lib\site-packages\PyAibote\WindowsBotModel\WinLoadWait.py", line 42, in StarLoadWait
    response = self._Send(data)
  File "G:\tools\anaconda1\.venv\lib\site-packages\PyAibote\WindowsBotModel\WinLoadWait.py", line 21, in _Send
    self.request.sendall(data)
OSError: [WinError 10038] 在一个非套接字上尝试了一个操作。

2025-05-26 22:29:56.890270 - ERROR : send/read tcp data error: Traceback (most recent call last):
  File "G:\tools\anaconda1\.venv\lib\site-packages\PyAibote\Tool\SendTcpData.py", line 25, in SendData
    response = self.StarLoadWait(data)
  File "G:\tools\anaconda1\.venv\lib\site-packages\PyAibote\WindowsBotModel\WinLoadWait.py", line 42, in StarLoadWait
    response = self._Send(data)
  File "G:\tools\anaconda1\.venv\lib\site-packages\PyAibote\WindowsBotModel\WinLoadWait.py", line 21, in _Send
    self.request.sendall(data)
OSError: [WinError 10038] 在一个非套接字上尝试了一个操作。

2025-05-26 22:29:56.892256 - ERROR : send/read tcp data error: Traceback (most recent call last):
  File "G:\tools\anaconda1\.venv\lib\site-packages\PyAibote\Tool\SendTcpData.py", line 25, in SendData
    response = self.StarLoadWait(data)
  File "G:\tools\anaconda1\.venv\lib\site-packages\PyAibote\WindowsBotModel\WinLoadWait.py", line 42, in StarLoadWait
    response = self._Send(data)
  File "G:\tools\anaconda1\.venv\lib\site-packages\PyAibote\WindowsBotModel\WinLoadWait.py", line 21, in _Send
    self.request.sendall(data)
OSError: [WinError 10038] 在一个非套接字上尝试了一个操作。

2025-05-26 22:29:56.899239 - ERROR : send/read tcp data error: Traceback (most recent call last):
  File "G:\tools\anaconda1\.venv\lib\site-packages\PyAibote\Tool\SendTcpData.py", line 25, in SendData
    response = self.StarLoadWait(data)
  File "G:\tools\anaconda1\.venv\lib\site-packages\PyAibote\WindowsBotModel\WinLoadWait.py", line 42, in StarLoadWait
    response = self._Send(data)
  File "G:\tools\anaconda1\.venv\lib\site-packages\PyAibote\WindowsBotModel\WinLoadWait.py", line 21, in _Send
    self.request.sendall(data)
OSError: [WinError 10038] 在一个非套接字上尝试了一个操作。

2025-05-26 22:29:56.901258 - ERROR : send/read tcp data error: Traceback (most recent call last):
  File "G:\tools\anaconda1\.venv\lib\site-packages\PyAibote\Tool\SendTcpData.py", line 25, in SendData
    response = self.StarLoadWait(data)
  File "G:\tools\anaconda1\.venv\lib\site-packages\PyAibote\WindowsBotModel\WinLoadWait.py", line 42, in StarLoadWait
    response = self._Send(data)
  File "G:\tools\anaconda1\.venv\lib\site-packages\PyAibote\WindowsBotModel\WinLoadWait.py", line 21, in _Send
    self.request.sendall(data)
OSError: [WinError 10038] 在一个非套接字上尝试了一个操作。

2025-05-26 22:29:56.903254 - ERROR : send/read tcp data error: Traceback (most recent call last):
  File "G:\tools\anaconda1\.venv\lib\site-packages\PyAibote\Tool\SendTcpData.py", line 25, in SendData
    response = self.StarLoadWait(data)
  File "G:\tools\anaconda1\.venv\lib\site-packages\PyAibote\WindowsBotModel\WinLoadWait.py", line 42, in StarLoadWait
    response = self._Send(data)
  File "G:\tools\anaconda1\.venv\lib\site-packages\PyAibote\WindowsBotModel\WinLoadWait.py", line 21, in _Send
    self.request.sendall(data)
OSError: [WinError 10038] 在一个非套接字上尝试了一个操作。

2025-05-26 22:29:56.905248 - ERROR : send/read tcp data error: Traceback (most recent call last):
  File "G:\tools\anaconda1\.venv\lib\site-packages\PyAibote\Tool\SendTcpData.py", line 25, in SendData
    response = self.StarLoadWait(data)
  File "G:\tools\anaconda1\.venv\lib\site-packages\PyAibote\WindowsBotModel\WinLoadWait.py", line 42, in StarLoadWait
    response = self._Send(data)
  File "G:\tools\anaconda1\.venv\lib\site-packages\PyAibote\WindowsBotModel\WinLoadWait.py", line 21, in _Send
    self.request.sendall(data)
OSError: [WinError 10038] 在一个非套接字上尝试了一个操作。

2025-05-26 22:29:56.907244 - ERROR : send/read tcp data error: Traceback (most recent call last):
  File "G:\tools\anaconda1\.venv\lib\site-packages\PyAibote\Tool\SendTcpData.py", line 25, in SendData
    response = self.StarLoadWait(data)
  File "G:\tools\anaconda1\.venv\lib\site-packages\PyAibote\WindowsBotModel\WinLoadWait.py", line 42, in StarLoadWait
    response = self._Send(data)
  File "G:\tools\anaconda1\.venv\lib\site-packages\PyAibote\WindowsBotModel\WinLoadWait.py", line 21, in _Send
    self.request.sendall(data)
OSError: [WinError 10038] 在一个非套接字上尝试了一个操作。

2025-05-26 22:29:56.909238 - ERROR : send/read tcp data error: Traceback (most recent call last):
  File "G:\tools\anaconda1\.venv\lib\site-packages\PyAibote\Tool\SendTcpData.py", line 25, in SendData
    response = self.StarLoadWait(data)
  File "G:\tools\anaconda1\.venv\lib\site-packages\PyAibote\WindowsBotModel\WinLoadWait.py", line 42, in StarLoadWait
    response = self._Send(data)
  File "G:\tools\anaconda1\.venv\lib\site-packages\PyAibote\WindowsBotModel\WinLoadWait.py", line 21, in _Send
    self.request.sendall(data)
OSError: [WinError 10038] 在一个非套接字上尝试了一个操作。

2025-05-26 22:29:56.911260 - ERROR : send/read tcp data error: Traceback (most recent call last):
  File "G:\tools\anaconda1\.venv\lib\site-packages\PyAibote\Tool\SendTcpData.py", line 25, in SendData
    response = self.StarLoadWait(data)
  File "G:\tools\anaconda1\.venv\lib\site-packages\PyAibote\WindowsBotModel\WinLoadWait.py", line 42, in StarLoadWait
    response = self._Send(data)
  File "G:\tools\anaconda1\.venv\lib\site-packages\PyAibote\WindowsBotModel\WinLoadWait.py", line 21, in _Send
    self.request.sendall(data)
OSError: [WinError 10038] 在一个非套接字上尝试了一个操作。

2025-05-26 22:29:56.913255 - ERROR : send/read tcp data error: Traceback (most recent call last):
  File "G:\tools\anaconda1\.venv\lib\site-packages\PyAibote\Tool\SendTcpData.py", line 25, in SendData
    response = self.StarLoadWait(data)
  File "G:\tools\anaconda1\.venv\lib\site-packages\PyAibote\WindowsBotModel\WinLoadWait.py", line 42, in StarLoadWait
    response = self._Send(data)
  File "G:\tools\anaconda1\.venv\lib\site-packages\PyAibote\WindowsBotModel\WinLoadWait.py", line 21, in _Send
    self.request.sendall(data)
OSError: [WinError 10038] 在一个非套接字上尝试了一个操作。

2025-05-26 22:29:56.915250 - ERROR : send/read tcp data error: Traceback (most recent call last):
  File "G:\tools\anaconda1\.venv\lib\site-packages\PyAibote\Tool\SendTcpData.py", line 25, in SendData
    response = self.StarLoadWait(data)
  File "G:\tools\anaconda1\.venv\lib\site-packages\PyAibote\WindowsBotModel\WinLoadWait.py", line 42, in StarLoadWait
    response = self._Send(data)
  File "G:\tools\anaconda1\.venv\lib\site-packages\PyAibote\WindowsBotModel\WinLoadWait.py", line 21, in _Send
    self.request.sendall(data)
OSError: [WinError 10038] 在一个非套接字上尝试了一个操作。

2025-05-26 22:29:56.917244 - ERROR : send/read tcp data error: Traceback (most recent call last):
  File "G:\tools\anaconda1\.venv\lib\site-packages\PyAibote\Tool\SendTcpData.py", line 25, in SendData
    response = self.StarLoadWait(data)
  File "G:\tools\anaconda1\.venv\lib\site-packages\PyAibote\WindowsBotModel\WinLoadWait.py", line 42, in StarLoadWait
    response = self._Send(data)
  File "G:\tools\anaconda1\.venv\lib\site-packages\PyAibote\WindowsBotModel\WinLoadWait.py", line 21, in _Send
    self.request.sendall(data)
OSError: [WinError 10038] 在一个非套接字上尝试了一个操作。

2025-05-26 22:29:56.921257 - ERROR : send/read tcp data error: Traceback (most recent call last):
  File "G:\tools\anaconda1\.venv\lib\site-packages\PyAibote\Tool\SendTcpData.py", line 25, in SendData
    response = self.StarLoadWait(data)
  File "G:\tools\anaconda1\.venv\lib\site-packages\PyAibote\WindowsBotModel\WinLoadWait.py", line 42, in StarLoadWait
    response = self._Send(data)
  File "G:\tools\anaconda1\.venv\lib\site-packages\PyAibote\WindowsBotModel\WinLoadWait.py", line 21, in _Send
    self.request.sendall(data)
OSError: [WinError 10038] 在一个非套接字上尝试了一个操作。

2025-05-26 22:29:56.923252 - ERROR : send/read tcp data error: Traceback (most recent call last):
  File "G:\tools\anaconda1\.venv\lib\site-packages\PyAibote\Tool\SendTcpData.py", line 25, in SendData
    response = self.StarLoadWait(data)
  File "G:\tools\anaconda1\.venv\lib\site-packages\PyAibote\WindowsBotModel\WinLoadWait.py", line 42, in StarLoadWait
    response = self._Send(data)
  File "G:\tools\anaconda1\.venv\lib\site-packages\PyAibote\WindowsBotModel\WinLoadWait.py", line 21, in _Send
    self.request.sendall(data)
OSError: [WinError 10038] 在一个非套接字上尝试了一个操作。

2025-05-26 22:29:56.925248 - ERROR : send/read tcp data error: Traceback (most recent call last):
  File "G:\tools\anaconda1\.venv\lib\site-packages\PyAibote\Tool\SendTcpData.py", line 25, in SendData
    response = self.StarLoadWait(data)
  File "G:\tools\anaconda1\.venv\lib\site-packages\PyAibote\WindowsBotModel\WinLoadWait.py", line 42, in StarLoadWait
    response = self._Send(data)
  File "G:\tools\anaconda1\.venv\lib\site-packages\PyAibote\WindowsBotModel\WinLoadWait.py", line 21, in _Send
    self.request.sendall(data)
OSError: [WinError 10038] 在一个非套接字上尝试了一个操作。

2025-05-26 22:29:56.928239 - ERROR : send/read tcp data error: Traceback (most recent call last):
  File "G:\tools\anaconda1\.venv\lib\site-packages\PyAibote\Tool\SendTcpData.py", line 25, in SendData
    response = self.StarLoadWait(data)
  File "G:\tools\anaconda1\.venv\lib\site-packages\PyAibote\WindowsBotModel\WinLoadWait.py", line 42, in StarLoadWait
    response = self._Send(data)
  File "G:\tools\anaconda1\.venv\lib\site-packages\PyAibote\WindowsBotModel\WinLoadWait.py", line 21, in _Send
    self.request.sendall(data)
OSError: [WinError 10038] 在一个非套接字上尝试了一个操作。

2025-05-26 22:29:56.930267 - ERROR : send/read tcp data error: Traceback (most recent call last):
  File "G:\tools\anaconda1\.venv\lib\site-packages\PyAibote\Tool\SendTcpData.py", line 25, in SendData
    response = self.StarLoadWait(data)
  File "G:\tools\anaconda1\.venv\lib\site-packages\PyAibote\WindowsBotModel\WinLoadWait.py", line 42, in StarLoadWait
    response = self._Send(data)
  File "G:\tools\anaconda1\.venv\lib\site-packages\PyAibote\WindowsBotModel\WinLoadWait.py", line 21, in _Send
    self.request.sendall(data)
OSError: [WinError 10038] 在一个非套接字上尝试了一个操作。

2025-05-26 22:29:56.932255 - ERROR : send/read tcp data error: Traceback (most recent call last):
  File "G:\tools\anaconda1\.venv\lib\site-packages\PyAibote\Tool\SendTcpData.py", line 25, in SendData
    response = self.StarLoadWait(data)
  File "G:\tools\anaconda1\.venv\lib\site-packages\PyAibote\WindowsBotModel\WinLoadWait.py", line 42, in StarLoadWait
    response = self._Send(data)
  File "G:\tools\anaconda1\.venv\lib\site-packages\PyAibote\WindowsBotModel\WinLoadWait.py", line 21, in _Send
    self.request.sendall(data)
OSError: [WinError 10038] 在一个非套接字上尝试了一个操作。

2025-05-26 22:29:56.934250 - ERROR : send/read tcp data error: Traceback (most recent call last):
  File "G:\tools\anaconda1\.venv\lib\site-packages\PyAibote\Tool\SendTcpData.py", line 25, in SendData
    response = self.StarLoadWait(data)
  File "G:\tools\anaconda1\.venv\lib\site-packages\PyAibote\WindowsBotModel\WinLoadWait.py", line 42, in StarLoadWait
    response = self._Send(data)
  File "G:\tools\anaconda1\.venv\lib\site-packages\PyAibote\WindowsBotModel\WinLoadWait.py", line 21, in _Send
    self.request.sendall(data)
OSError: [WinError 10038] 在一个非套接字上尝试了一个操作。

2025-05-26 22:29:56.936245 - ERROR : send/read tcp data error: Traceback (most recent call last):
  File "G:\tools\anaconda1\.venv\lib\site-packages\PyAibote\Tool\SendTcpData.py", line 25, in SendData
    response = self.StarLoadWait(data)
  File "G:\tools\anaconda1\.venv\lib\site-packages\PyAibote\WindowsBotModel\WinLoadWait.py", line 42, in StarLoadWait
    response = self._Send(data)
  File "G:\tools\anaconda1\.venv\lib\site-packages\PyAibote\WindowsBotModel\WinLoadWait.py", line 21, in _Send
    self.request.sendall(data)
OSError: [WinError 10038] 在一个非套接字上尝试了一个操作。

2025-05-26 22:29:56.937242 - ERROR : send/read tcp data error: Traceback (most recent call last):
  File "G:\tools\anaconda1\.venv\lib\site-packages\PyAibote\Tool\SendTcpData.py", line 25, in SendData
    response = self.StarLoadWait(data)
  File "G:\tools\anaconda1\.venv\lib\site-packages\PyAibote\WindowsBotModel\WinLoadWait.py", line 42, in StarLoadWait
    response = self._Send(data)
  File "G:\tools\anaconda1\.venv\lib\site-packages\PyAibote\WindowsBotModel\WinLoadWait.py", line 21, in _Send
    self.request.sendall(data)
OSError: [WinError 10038] 在一个非套接字上尝试了一个操作。

2025-05-26 22:29:56.940266 - ERROR : send/read tcp data error: Traceback (most recent call last):
  File "G:\tools\anaconda1\.venv\lib\site-packages\PyAibote\Tool\SendTcpData.py", line 25, in SendData
    response = self.StarLoadWait(data)
  File "G:\tools\anaconda1\.venv\lib\site-packages\PyAibote\WindowsBotModel\WinLoadWait.py", line 42, in StarLoadWait
    response = self._Send(data)
  File "G:\tools\anaconda1\.venv\lib\site-packages\PyAibote\WindowsBotModel\WinLoadWait.py", line 21, in _Send
    self.request.sendall(data)
OSError: [WinError 10038] 在一个非套接字上尝试了一个操作。

2025-05-26 22:29:56.941256 - ERROR : send/read tcp data error: Traceback (most recent call last):
  File "G:\tools\anaconda1\.venv\lib\site-packages\PyAibote\Tool\SendTcpData.py", line 25, in SendData
    response = self.StarLoadWait(data)
  File "G:\tools\anaconda1\.venv\lib\site-packages\PyAibote\WindowsBotModel\WinLoadWait.py", line 42, in StarLoadWait
    response = self._Send(data)
  File "G:\tools\anaconda1\.venv\lib\site-packages\PyAibote\WindowsBotModel\WinLoadWait.py", line 21, in _Send
    self.request.sendall(data)
OSError: [WinError 10038] 在一个非套接字上尝试了一个操作。

2025-05-26 22:29:56.943252 - ERROR : send/read tcp data error: Traceback (most recent call last):
  File "G:\tools\anaconda1\.venv\lib\site-packages\PyAibote\Tool\SendTcpData.py", line 25, in SendData
    response = self.StarLoadWait(data)
  File "G:\tools\anaconda1\.venv\lib\site-packages\PyAibote\WindowsBotModel\WinLoadWait.py", line 42, in StarLoadWait
    response = self._Send(data)
  File "G:\tools\anaconda1\.venv\lib\site-packages\PyAibote\WindowsBotModel\WinLoadWait.py", line 21, in _Send
    self.request.sendall(data)
OSError: [WinError 10038] 在一个非套接字上尝试了一个操作。

2025-05-26 22:29:56.945247 - ERROR : send/read tcp data error: Traceback (most recent call last):
  File "G:\tools\anaconda1\.venv\lib\site-packages\PyAibote\Tool\SendTcpData.py", line 25, in SendData
    response = self.StarLoadWait(data)
  File "G:\tools\anaconda1\.venv\lib\site-packages\PyAibote\WindowsBotModel\WinLoadWait.py", line 42, in StarLoadWait
    response = self._Send(data)
  File "G:\tools\anaconda1\.venv\lib\site-packages\PyAibote\WindowsBotModel\WinLoadWait.py", line 21, in _Send
    self.request.sendall(data)
OSError: [WinError 10038] 在一个非套接字上尝试了一个操作。

2025-05-26 22:29:56.947241 - ERROR : send/read tcp data error: Traceback (most recent call last):
  File "G:\tools\anaconda1\.venv\lib\site-packages\PyAibote\Tool\SendTcpData.py", line 25, in SendData
    response = self.StarLoadWait(data)
  File "G:\tools\anaconda1\.venv\lib\site-packages\PyAibote\WindowsBotModel\WinLoadWait.py", line 42, in StarLoadWait
    response = self._Send(data)
  File "G:\tools\anaconda1\.venv\lib\site-packages\PyAibote\WindowsBotModel\WinLoadWait.py", line 21, in _Send
    self.request.sendall(data)
OSError: [WinError 10038] 在一个非套接字上尝试了一个操作。

2025-05-26 22:29:56.949753 - ERROR : send/read tcp data error: Traceback (most recent call last):
  File "G:\tools\anaconda1\.venv\lib\site-packages\PyAibote\Tool\SendTcpData.py", line 25, in SendData
    response = self.StarLoadWait(data)
  File "G:\tools\anaconda1\.venv\lib\site-packages\PyAibote\WindowsBotModel\WinLoadWait.py", line 42, in StarLoadWait
    response = self._Send(data)
  File "G:\tools\anaconda1\.venv\lib\site-packages\PyAibote\WindowsBotModel\WinLoadWait.py", line 21, in _Send
    self.request.sendall(data)
OSError: [WinError 10038] 在一个非套接字上尝试了一个操作。

2025-05-26 22:29:56.951258 - ERROR : send/read tcp data error: Traceback (most recent call last):
  File "G:\tools\anaconda1\.venv\lib\site-packages\PyAibote\Tool\SendTcpData.py", line 25, in SendData
    response = self.StarLoadWait(data)
  File "G:\tools\anaconda1\.venv\lib\site-packages\PyAibote\WindowsBotModel\WinLoadWait.py", line 42, in StarLoadWait
    response = self._Send(data)
  File "G:\tools\anaconda1\.venv\lib\site-packages\PyAibote\WindowsBotModel\WinLoadWait.py", line 21, in _Send
    self.request.sendall(data)
OSError: [WinError 10038] 在一个非套接字上尝试了一个操作。

2025-05-26 22:29:56.953253 - ERROR : send/read tcp data error: Traceback (most recent call last):
  File "G:\tools\anaconda1\.venv\lib\site-packages\PyAibote\Tool\SendTcpData.py", line 25, in SendData
    response = self.StarLoadWait(data)
  File "G:\tools\anaconda1\.venv\lib\site-packages\PyAibote\WindowsBotModel\WinLoadWait.py", line 42, in StarLoadWait
    response = self._Send(data)
  File "G:\tools\anaconda1\.venv\lib\site-packages\PyAibote\WindowsBotModel\WinLoadWait.py", line 21, in _Send
    self.request.sendall(data)
OSError: [WinError 10038] 在一个非套接字上尝试了一个操作。

2025-05-26 22:29:56.955248 - ERROR : send/read tcp data error: Traceback (most recent call last):
  File "G:\tools\anaconda1\.venv\lib\site-packages\PyAibote\Tool\SendTcpData.py", line 25, in SendData
    response = self.StarLoadWait(data)
  File "G:\tools\anaconda1\.venv\lib\site-packages\PyAibote\WindowsBotModel\WinLoadWait.py", line 42, in StarLoadWait
    response = self._Send(data)
  File "G:\tools\anaconda1\.venv\lib\site-packages\PyAibote\WindowsBotModel\WinLoadWait.py", line 21, in _Send
    self.request.sendall(data)
OSError: [WinError 10038] 在一个非套接字上尝试了一个操作。

2025-05-26 22:29:56.961260 - ERROR : send/read tcp data error: Traceback (most recent call last):
  File "G:\tools\anaconda1\.venv\lib\site-packages\PyAibote\Tool\SendTcpData.py", line 25, in SendData
    response = self.StarLoadWait(data)
  File "G:\tools\anaconda1\.venv\lib\site-packages\PyAibote\WindowsBotModel\WinLoadWait.py", line 42, in StarLoadWait
    response = self._Send(data)
  File "G:\tools\anaconda1\.venv\lib\site-packages\PyAibote\WindowsBotModel\WinLoadWait.py", line 21, in _Send
    self.request.sendall(data)
OSError: [WinError 10038] 在一个非套接字上尝试了一个操作。

2025-05-26 22:29:56.963250 - ERROR : send/read tcp data error: Traceback (most recent call last):
  File "G:\tools\anaconda1\.venv\lib\site-packages\PyAibote\Tool\SendTcpData.py", line 25, in SendData
    response = self.StarLoadWait(data)
  File "G:\tools\anaconda1\.venv\lib\site-packages\PyAibote\WindowsBotModel\WinLoadWait.py", line 42, in StarLoadWait
    response = self._Send(data)
  File "G:\tools\anaconda1\.venv\lib\site-packages\PyAibote\WindowsBotModel\WinLoadWait.py", line 21, in _Send
    self.request.sendall(data)
OSError: [WinError 10038] 在一个非套接字上尝试了一个操作。

2025-05-26 22:29:56.965245 - ERROR : send/read tcp data error: Traceback (most recent call last):
  File "G:\tools\anaconda1\.venv\lib\site-packages\PyAibote\Tool\SendTcpData.py", line 25, in SendData
    response = self.StarLoadWait(data)
  File "G:\tools\anaconda1\.venv\lib\site-packages\PyAibote\WindowsBotModel\WinLoadWait.py", line 42, in StarLoadWait
    response = self._Send(data)
  File "G:\tools\anaconda1\.venv\lib\site-packages\PyAibote\WindowsBotModel\WinLoadWait.py", line 21, in _Send
    self.request.sendall(data)
OSError: [WinError 10038] 在一个非套接字上尝试了一个操作。

2025-05-26 22:29:56.967240 - ERROR : send/read tcp data error: Traceback (most recent call last):
  File "G:\tools\anaconda1\.venv\lib\site-packages\PyAibote\Tool\SendTcpData.py", line 25, in SendData
    response = self.StarLoadWait(data)
  File "G:\tools\anaconda1\.venv\lib\site-packages\PyAibote\WindowsBotModel\WinLoadWait.py", line 42, in StarLoadWait
    response = self._Send(data)
  File "G:\tools\anaconda1\.venv\lib\site-packages\PyAibote\WindowsBotModel\WinLoadWait.py", line 21, in _Send
    self.request.sendall(data)
OSError: [WinError 10038] 在一个非套接字上尝试了一个操作。

2025-05-26 22:29:56.969749 - ERROR : send/read tcp data error: Traceback (most recent call last):
  File "G:\tools\anaconda1\.venv\lib\site-packages\PyAibote\Tool\SendTcpData.py", line 25, in SendData
    response = self.StarLoadWait(data)
  File "G:\tools\anaconda1\.venv\lib\site-packages\PyAibote\WindowsBotModel\WinLoadWait.py", line 42, in StarLoadWait
    response = self._Send(data)
  File "G:\tools\anaconda1\.venv\lib\site-packages\PyAibote\WindowsBotModel\WinLoadWait.py", line 21, in _Send
    self.request.sendall(data)
OSError: [WinError 10038] 在一个非套接字上尝试了一个操作。

2025-05-26 22:29:56.971252 - ERROR : send/read tcp data error: Traceback (most recent call last):
  File "G:\tools\anaconda1\.venv\lib\site-packages\PyAibote\Tool\SendTcpData.py", line 25, in SendData
    response = self.StarLoadWait(data)
  File "G:\tools\anaconda1\.venv\lib\site-packages\PyAibote\WindowsBotModel\WinLoadWait.py", line 42, in StarLoadWait
    response = self._Send(data)
  File "G:\tools\anaconda1\.venv\lib\site-packages\PyAibote\WindowsBotModel\WinLoadWait.py", line 21, in _Send
    self.request.sendall(data)
OSError: [WinError 10038] 在一个非套接字上尝试了一个操作。

2025-05-26 22:29:56.973248 - ERROR : send/read tcp data error: Traceback (most recent call last):
  File "G:\tools\anaconda1\.venv\lib\site-packages\PyAibote\Tool\SendTcpData.py", line 25, in SendData
    response = self.StarLoadWait(data)
  File "G:\tools\anaconda1\.venv\lib\site-packages\PyAibote\WindowsBotModel\WinLoadWait.py", line 42, in StarLoadWait
    response = self._Send(data)
  File "G:\tools\anaconda1\.venv\lib\site-packages\PyAibote\WindowsBotModel\WinLoadWait.py", line 21, in _Send
    self.request.sendall(data)
OSError: [WinError 10038] 在一个非套接字上尝试了一个操作。

2025-05-26 22:29:56.975242 - ERROR : send/read tcp data error: Traceback (most recent call last):
  File "G:\tools\anaconda1\.venv\lib\site-packages\PyAibote\Tool\SendTcpData.py", line 25, in SendData
    response = self.StarLoadWait(data)
  File "G:\tools\anaconda1\.venv\lib\site-packages\PyAibote\WindowsBotModel\WinLoadWait.py", line 42, in StarLoadWait
    response = self._Send(data)
  File "G:\tools\anaconda1\.venv\lib\site-packages\PyAibote\WindowsBotModel\WinLoadWait.py", line 21, in _Send
    self.request.sendall(data)
OSError: [WinError 10038] 在一个非套接字上尝试了一个操作。

2025-05-26 22:29:56.977237 - ERROR : send/read tcp data error: Traceback (most recent call last):
  File "G:\tools\anaconda1\.venv\lib\site-packages\PyAibote\Tool\SendTcpData.py", line 25, in SendData
    response = self.StarLoadWait(data)
  File "G:\tools\anaconda1\.venv\lib\site-packages\PyAibote\WindowsBotModel\WinLoadWait.py", line 42, in StarLoadWait
    response = self._Send(data)
  File "G:\tools\anaconda1\.venv\lib\site-packages\PyAibote\WindowsBotModel\WinLoadWait.py", line 21, in _Send
    self.request.sendall(data)
OSError: [WinError 10038] 在一个非套接字上尝试了一个操作。

2025-05-26 22:29:56.979232 - ERROR : send/read tcp data error: Traceback (most recent call last):
  File "G:\tools\anaconda1\.venv\lib\site-packages\PyAibote\Tool\SendTcpData.py", line 25, in SendData
    response = self.StarLoadWait(data)
  File "G:\tools\anaconda1\.venv\lib\site-packages\PyAibote\WindowsBotModel\WinLoadWait.py", line 42, in StarLoadWait
    response = self._Send(data)
  File "G:\tools\anaconda1\.venv\lib\site-packages\PyAibote\WindowsBotModel\WinLoadWait.py", line 21, in _Send
    self.request.sendall(data)
OSError: [WinError 10038] 在一个非套接字上尝试了一个操作。

2025-05-26 22:29:56.995242 - ERROR : send/read tcp data error: Traceback (most recent call last):
  File "G:\tools\anaconda1\.venv\lib\site-packages\PyAibote\Tool\SendTcpData.py", line 25, in SendData
    response = self.StarLoadWait(data)
  File "G:\tools\anaconda1\.venv\lib\site-packages\PyAibote\WindowsBotModel\WinLoadWait.py", line 42, in StarLoadWait
    response = self._Send(data)
  File "G:\tools\anaconda1\.venv\lib\site-packages\PyAibote\WindowsBotModel\WinLoadWait.py", line 21, in _Send
    self.request.sendall(data)
OSError: [WinError 10038] 在一个非套接字上尝试了一个操作。

2025-05-26 22:29:56.998235 - ERROR : send/read tcp data error: Traceback (most recent call last):
  File "G:\tools\anaconda1\.venv\lib\site-packages\PyAibote\Tool\SendTcpData.py", line 25, in SendData
    response = self.StarLoadWait(data)
  File "G:\tools\anaconda1\.venv\lib\site-packages\PyAibote\WindowsBotModel\WinLoadWait.py", line 42, in StarLoadWait
    response = self._Send(data)
  File "G:\tools\anaconda1\.venv\lib\site-packages\PyAibote\WindowsBotModel\WinLoadWait.py", line 21, in _Send
    self.request.sendall(data)
OSError: [WinError 10038] 在一个非套接字上尝试了一个操作。

2025-05-26 22:29:57.000259 - ERROR : send/read tcp data error: Traceback (most recent call last):
  File "G:\tools\anaconda1\.venv\lib\site-packages\PyAibote\Tool\SendTcpData.py", line 25, in SendData
    response = self.StarLoadWait(data)
  File "G:\tools\anaconda1\.venv\lib\site-packages\PyAibote\WindowsBotModel\WinLoadWait.py", line 42, in StarLoadWait
    response = self._Send(data)
  File "G:\tools\anaconda1\.venv\lib\site-packages\PyAibote\WindowsBotModel\WinLoadWait.py", line 21, in _Send
    self.request.sendall(data)
OSError: [WinError 10038] 在一个非套接字上尝试了一个操作。

2025-05-26 22:29:57.002250 - ERROR : send/read tcp data error: Traceback (most recent call last):
  File "G:\tools\anaconda1\.venv\lib\site-packages\PyAibote\Tool\SendTcpData.py", line 25, in SendData
    response = self.StarLoadWait(data)
  File "G:\tools\anaconda1\.venv\lib\site-packages\PyAibote\WindowsBotModel\WinLoadWait.py", line 42, in StarLoadWait
    response = self._Send(data)
  File "G:\tools\anaconda1\.venv\lib\site-packages\PyAibote\WindowsBotModel\WinLoadWait.py", line 21, in _Send
    self.request.sendall(data)
OSError: [WinError 10038] 在一个非套接字上尝试了一个操作。

2025-05-26 22:29:57.004244 - ERROR : send/read tcp data error: Traceback (most recent call last):
  File "G:\tools\anaconda1\.venv\lib\site-packages\PyAibote\Tool\SendTcpData.py", line 25, in SendData
    response = self.StarLoadWait(data)
  File "G:\tools\anaconda1\.venv\lib\site-packages\PyAibote\WindowsBotModel\WinLoadWait.py", line 42, in StarLoadWait
    response = self._Send(data)
  File "G:\tools\anaconda1\.venv\lib\site-packages\PyAibote\WindowsBotModel\WinLoadWait.py", line 21, in _Send
    self.request.sendall(data)
OSError: [WinError 10038] 在一个非套接字上尝试了一个操作。

2025-05-26 22:29:57.007237 - ERROR : send/read tcp data error: Traceback (most recent call last):
  File "G:\tools\anaconda1\.venv\lib\site-packages\PyAibote\Tool\SendTcpData.py", line 25, in SendData
    response = self.StarLoadWait(data)
  File "G:\tools\anaconda1\.venv\lib\site-packages\PyAibote\WindowsBotModel\WinLoadWait.py", line 42, in StarLoadWait
    response = self._Send(data)
  File "G:\tools\anaconda1\.venv\lib\site-packages\PyAibote\WindowsBotModel\WinLoadWait.py", line 21, in _Send
    self.request.sendall(data)
OSError: [WinError 10038] 在一个非套接字上尝试了一个操作。

2025-05-26 22:29:57.009232 - ERROR : send/read tcp data error: Traceback (most recent call last):
  File "G:\tools\anaconda1\.venv\lib\site-packages\PyAibote\Tool\SendTcpData.py", line 25, in SendData
    response = self.StarLoadWait(data)
  File "G:\tools\anaconda1\.venv\lib\site-packages\PyAibote\WindowsBotModel\WinLoadWait.py", line 42, in StarLoadWait
    response = self._Send(data)
  File "G:\tools\anaconda1\.venv\lib\site-packages\PyAibote\WindowsBotModel\WinLoadWait.py", line 21, in _Send
    self.request.sendall(data)
OSError: [WinError 10038] 在一个非套接字上尝试了一个操作。

2025-05-26 22:29:57.011252 - ERROR : send/read tcp data error: Traceback (most recent call last):
  File "G:\tools\anaconda1\.venv\lib\site-packages\PyAibote\Tool\SendTcpData.py", line 25, in SendData
    response = self.StarLoadWait(data)
  File "G:\tools\anaconda1\.venv\lib\site-packages\PyAibote\WindowsBotModel\WinLoadWait.py", line 42, in StarLoadWait
    response = self._Send(data)
  File "G:\tools\anaconda1\.venv\lib\site-packages\PyAibote\WindowsBotModel\WinLoadWait.py", line 21, in _Send
    self.request.sendall(data)
OSError: [WinError 10038] 在一个非套接字上尝试了一个操作。

2025-05-26 22:29:57.013246 - ERROR : send/read tcp data error: Traceback (most recent call last):
  File "G:\tools\anaconda1\.venv\lib\site-packages\PyAibote\Tool\SendTcpData.py", line 25, in SendData
    response = self.StarLoadWait(data)
  File "G:\tools\anaconda1\.venv\lib\site-packages\PyAibote\WindowsBotModel\WinLoadWait.py", line 42, in StarLoadWait
    response = self._Send(data)
  File "G:\tools\anaconda1\.venv\lib\site-packages\PyAibote\WindowsBotModel\WinLoadWait.py", line 21, in _Send
    self.request.sendall(data)
OSError: [WinError 10038] 在一个非套接字上尝试了一个操作。

2025-05-26 22:29:57.015241 - ERROR : send/read tcp data error: Traceback (most recent call last):
  File "G:\tools\anaconda1\.venv\lib\site-packages\PyAibote\Tool\SendTcpData.py", line 25, in SendData
    response = self.StarLoadWait(data)
  File "G:\tools\anaconda1\.venv\lib\site-packages\PyAibote\WindowsBotModel\WinLoadWait.py", line 42, in StarLoadWait
    response = self._Send(data)
  File "G:\tools\anaconda1\.venv\lib\site-packages\PyAibote\WindowsBotModel\WinLoadWait.py", line 21, in _Send
    self.request.sendall(data)
OSError: [WinError 10038] 在一个非套接字上尝试了一个操作。

2025-05-26 22:29:57.018233 - ERROR : send/read tcp data error: Traceback (most recent call last):
  File "G:\tools\anaconda1\.venv\lib\site-packages\PyAibote\Tool\SendTcpData.py", line 25, in SendData
    response = self.StarLoadWait(data)
  File "G:\tools\anaconda1\.venv\lib\site-packages\PyAibote\WindowsBotModel\WinLoadWait.py", line 42, in StarLoadWait
    response = self._Send(data)
  File "G:\tools\anaconda1\.venv\lib\site-packages\PyAibote\WindowsBotModel\WinLoadWait.py", line 21, in _Send
    self.request.sendall(data)
OSError: [WinError 10038] 在一个非套接字上尝试了一个操作。

2025-05-26 22:29:57.020261 - ERROR : send/read tcp data error: Traceback (most recent call last):
  File "G:\tools\anaconda1\.venv\lib\site-packages\PyAibote\Tool\SendTcpData.py", line 25, in SendData
    response = self.StarLoadWait(data)
  File "G:\tools\anaconda1\.venv\lib\site-packages\PyAibote\WindowsBotModel\WinLoadWait.py", line 42, in StarLoadWait
    response = self._Send(data)
  File "G:\tools\anaconda1\.venv\lib\site-packages\PyAibote\WindowsBotModel\WinLoadWait.py", line 21, in _Send
    self.request.sendall(data)
OSError: [WinError 10038] 在一个非套接字上尝试了一个操作。

2025-05-26 22:29:57.022248 - ERROR : send/read tcp data error: Traceback (most recent call last):
  File "G:\tools\anaconda1\.venv\lib\site-packages\PyAibote\Tool\SendTcpData.py", line 25, in SendData
    response = self.StarLoadWait(data)
  File "G:\tools\anaconda1\.venv\lib\site-packages\PyAibote\WindowsBotModel\WinLoadWait.py", line 42, in StarLoadWait
    response = self._Send(data)
  File "G:\tools\anaconda1\.venv\lib\site-packages\PyAibote\WindowsBotModel\WinLoadWait.py", line 21, in _Send
    self.request.sendall(data)
OSError: [WinError 10038] 在一个非套接字上尝试了一个操作。

2025-05-26 22:29:57.024243 - ERROR : send/read tcp data error: Traceback (most recent call last):
  File "G:\tools\anaconda1\.venv\lib\site-packages\PyAibote\Tool\SendTcpData.py", line 25, in SendData
    response = self.StarLoadWait(data)
  File "G:\tools\anaconda1\.venv\lib\site-packages\PyAibote\WindowsBotModel\WinLoadWait.py", line 42, in StarLoadWait
    response = self._Send(data)
  File "G:\tools\anaconda1\.venv\lib\site-packages\PyAibote\WindowsBotModel\WinLoadWait.py", line 21, in _Send
    self.request.sendall(data)
OSError: [WinError 10038] 在一个非套接字上尝试了一个操作。

2025-05-26 22:29:57.026238 - ERROR : send/read tcp data error: Traceback (most recent call last):
  File "G:\tools\anaconda1\.venv\lib\site-packages\PyAibote\Tool\SendTcpData.py", line 25, in SendData
    response = self.StarLoadWait(data)
  File "G:\tools\anaconda1\.venv\lib\site-packages\PyAibote\WindowsBotModel\WinLoadWait.py", line 42, in StarLoadWait
    response = self._Send(data)
  File "G:\tools\anaconda1\.venv\lib\site-packages\PyAibote\WindowsBotModel\WinLoadWait.py", line 21, in _Send
    self.request.sendall(data)
OSError: [WinError 10038] 在一个非套接字上尝试了一个操作。

2025-05-26 22:29:57.029749 - ERROR : send/read tcp data error: Traceback (most recent call last):
  File "G:\tools\anaconda1\.venv\lib\site-packages\PyAibote\Tool\SendTcpData.py", line 25, in SendData
    response = self.StarLoadWait(data)
  File "G:\tools\anaconda1\.venv\lib\site-packages\PyAibote\WindowsBotModel\WinLoadWait.py", line 42, in StarLoadWait
    response = self._Send(data)
  File "G:\tools\anaconda1\.venv\lib\site-packages\PyAibote\WindowsBotModel\WinLoadWait.py", line 21, in _Send
    self.request.sendall(data)
OSError: [WinError 10038] 在一个非套接字上尝试了一个操作。

2025-05-26 22:29:57.031254 - ERROR : send/read tcp data error: Traceback (most recent call last):
  File "G:\tools\anaconda1\.venv\lib\site-packages\PyAibote\Tool\SendTcpData.py", line 25, in SendData
    response = self.StarLoadWait(data)
  File "G:\tools\anaconda1\.venv\lib\site-packages\PyAibote\WindowsBotModel\WinLoadWait.py", line 42, in StarLoadWait
    response = self._Send(data)
  File "G:\tools\anaconda1\.venv\lib\site-packages\PyAibote\WindowsBotModel\WinLoadWait.py", line 21, in _Send
    self.request.sendall(data)
OSError: [WinError 10038] 在一个非套接字上尝试了一个操作。

2025-05-26 22:29:57.033249 - ERROR : send/read tcp data error: Traceback (most recent call last):
  File "G:\tools\anaconda1\.venv\lib\site-packages\PyAibote\Tool\SendTcpData.py", line 25, in SendData
    response = self.StarLoadWait(data)
  File "G:\tools\anaconda1\.venv\lib\site-packages\PyAibote\WindowsBotModel\WinLoadWait.py", line 42, in StarLoadWait
    response = self._Send(data)
  File "G:\tools\anaconda1\.venv\lib\site-packages\PyAibote\WindowsBotModel\WinLoadWait.py", line 21, in _Send
    self.request.sendall(data)
OSError: [WinError 10038] 在一个非套接字上尝试了一个操作。

2025-05-26 22:29:57.035244 - ERROR : send/read tcp data error: Traceback (most recent call last):
  File "G:\tools\anaconda1\.venv\lib\site-packages\PyAibote\Tool\SendTcpData.py", line 25, in SendData
    response = self.StarLoadWait(data)
  File "G:\tools\anaconda1\.venv\lib\site-packages\PyAibote\WindowsBotModel\WinLoadWait.py", line 42, in StarLoadWait
    response = self._Send(data)
  File "G:\tools\anaconda1\.venv\lib\site-packages\PyAibote\WindowsBotModel\WinLoadWait.py", line 21, in _Send
    self.request.sendall(data)
OSError: [WinError 10038] 在一个非套接字上尝试了一个操作。

2025-05-26 22:29:57.038236 - ERROR : send/read tcp data error: Traceback (most recent call last):
  File "G:\tools\anaconda1\.venv\lib\site-packages\PyAibote\Tool\SendTcpData.py", line 25, in SendData
    response = self.StarLoadWait(data)
  File "G:\tools\anaconda1\.venv\lib\site-packages\PyAibote\WindowsBotModel\WinLoadWait.py", line 42, in StarLoadWait
    response = self._Send(data)
  File "G:\tools\anaconda1\.venv\lib\site-packages\PyAibote\WindowsBotModel\WinLoadWait.py", line 21, in _Send
    self.request.sendall(data)
OSError: [WinError 10038] 在一个非套接字上尝试了一个操作。

2025-05-26 22:29:57.040272 - ERROR : send/read tcp data error: Traceback (most recent call last):
  File "G:\tools\anaconda1\.venv\lib\site-packages\PyAibote\Tool\SendTcpData.py", line 25, in SendData
    response = self.StarLoadWait(data)
  File "G:\tools\anaconda1\.venv\lib\site-packages\PyAibote\WindowsBotModel\WinLoadWait.py", line 42, in StarLoadWait
    response = self._Send(data)
  File "G:\tools\anaconda1\.venv\lib\site-packages\PyAibote\WindowsBotModel\WinLoadWait.py", line 21, in _Send
    self.request.sendall(data)
OSError: [WinError 10038] 在一个非套接字上尝试了一个操作。

2025-05-26 22:29:57.042256 - ERROR : send/read tcp data error: Traceback (most recent call last):
  File "G:\tools\anaconda1\.venv\lib\site-packages\PyAibote\Tool\SendTcpData.py", line 25, in SendData
    response = self.StarLoadWait(data)
  File "G:\tools\anaconda1\.venv\lib\site-packages\PyAibote\WindowsBotModel\WinLoadWait.py", line 42, in StarLoadWait
    response = self._Send(data)
  File "G:\tools\anaconda1\.venv\lib\site-packages\PyAibote\WindowsBotModel\WinLoadWait.py", line 21, in _Send
    self.request.sendall(data)
OSError: [WinError 10038] 在一个非套接字上尝试了一个操作。

2025-05-26 22:29:57.045249 - ERROR : send/read tcp data error: Traceback (most recent call last):
  File "G:\tools\anaconda1\.venv\lib\site-packages\PyAibote\Tool\SendTcpData.py", line 25, in SendData
    response = self.StarLoadWait(data)
  File "G:\tools\anaconda1\.venv\lib\site-packages\PyAibote\WindowsBotModel\WinLoadWait.py", line 42, in StarLoadWait
    response = self._Send(data)
  File "G:\tools\anaconda1\.venv\lib\site-packages\PyAibote\WindowsBotModel\WinLoadWait.py", line 21, in _Send
    self.request.sendall(data)
OSError: [WinError 10038] 在一个非套接字上尝试了一个操作。

2025-05-26 22:29:57.047243 - ERROR : send/read tcp data error: Traceback (most recent call last):
  File "G:\tools\anaconda1\.venv\lib\site-packages\PyAibote\Tool\SendTcpData.py", line 25, in SendData
    response = self.StarLoadWait(data)
  File "G:\tools\anaconda1\.venv\lib\site-packages\PyAibote\WindowsBotModel\WinLoadWait.py", line 42, in StarLoadWait
    response = self._Send(data)
  File "G:\tools\anaconda1\.venv\lib\site-packages\PyAibote\WindowsBotModel\WinLoadWait.py", line 21, in _Send
    self.request.sendall(data)
OSError: [WinError 10038] 在一个非套接字上尝试了一个操作。

2025-05-26 22:29:57.050260 - ERROR : send/read tcp data error: Traceback (most recent call last):
  File "G:\tools\anaconda1\.venv\lib\site-packages\PyAibote\Tool\SendTcpData.py", line 25, in SendData
    response = self.StarLoadWait(data)
  File "G:\tools\anaconda1\.venv\lib\site-packages\PyAibote\WindowsBotModel\WinLoadWait.py", line 42, in StarLoadWait
    response = self._Send(data)
  File "G:\tools\anaconda1\.venv\lib\site-packages\PyAibote\WindowsBotModel\WinLoadWait.py", line 21, in _Send
    self.request.sendall(data)
OSError: [WinError 10038] 在一个非套接字上尝试了一个操作。

2025-05-26 22:29:57.052259 - ERROR : send/read tcp data error: Traceback (most recent call last):
  File "G:\tools\anaconda1\.venv\lib\site-packages\PyAibote\Tool\SendTcpData.py", line 25, in SendData
    response = self.StarLoadWait(data)
  File "G:\tools\anaconda1\.venv\lib\site-packages\PyAibote\WindowsBotModel\WinLoadWait.py", line 42, in StarLoadWait
    response = self._Send(data)
  File "G:\tools\anaconda1\.venv\lib\site-packages\PyAibote\WindowsBotModel\WinLoadWait.py", line 21, in _Send
    self.request.sendall(data)
OSError: [WinError 10038] 在一个非套接字上尝试了一个操作。

2025-05-26 22:29:57.054254 - ERROR : send/read tcp data error: Traceback (most recent call last):
  File "G:\tools\anaconda1\.venv\lib\site-packages\PyAibote\Tool\SendTcpData.py", line 25, in SendData
    response = self.StarLoadWait(data)
  File "G:\tools\anaconda1\.venv\lib\site-packages\PyAibote\WindowsBotModel\WinLoadWait.py", line 42, in StarLoadWait
    response = self._Send(data)
  File "G:\tools\anaconda1\.venv\lib\site-packages\PyAibote\WindowsBotModel\WinLoadWait.py", line 21, in _Send
    self.request.sendall(data)
OSError: [WinError 10038] 在一个非套接字上尝试了一个操作。

2025-05-26 22:29:57.056248 - ERROR : send/read tcp data error: Traceback (most recent call last):
  File "G:\tools\anaconda1\.venv\lib\site-packages\PyAibote\Tool\SendTcpData.py", line 25, in SendData
    response = self.StarLoadWait(data)
  File "G:\tools\anaconda1\.venv\lib\site-packages\PyAibote\WindowsBotModel\WinLoadWait.py", line 42, in StarLoadWait
    response = self._Send(data)
  File "G:\tools\anaconda1\.venv\lib\site-packages\PyAibote\WindowsBotModel\WinLoadWait.py", line 21, in _Send
    self.request.sendall(data)
OSError: [WinError 10038] 在一个非套接字上尝试了一个操作。

2025-05-26 22:29:57.059240 - ERROR : send/read tcp data error: Traceback (most recent call last):
  File "G:\tools\anaconda1\.venv\lib\site-packages\PyAibote\Tool\SendTcpData.py", line 25, in SendData
    response = self.StarLoadWait(data)
  File "G:\tools\anaconda1\.venv\lib\site-packages\PyAibote\WindowsBotModel\WinLoadWait.py", line 42, in StarLoadWait
    response = self._Send(data)
  File "G:\tools\anaconda1\.venv\lib\site-packages\PyAibote\WindowsBotModel\WinLoadWait.py", line 21, in _Send
    self.request.sendall(data)
OSError: [WinError 10038] 在一个非套接字上尝试了一个操作。

2025-05-26 22:29:57.061259 - ERROR : send/read tcp data error: Traceback (most recent call last):
  File "G:\tools\anaconda1\.venv\lib\site-packages\PyAibote\Tool\SendTcpData.py", line 25, in SendData
    response = self.StarLoadWait(data)
  File "G:\tools\anaconda1\.venv\lib\site-packages\PyAibote\WindowsBotModel\WinLoadWait.py", line 42, in StarLoadWait
    response = self._Send(data)
  File "G:\tools\anaconda1\.venv\lib\site-packages\PyAibote\WindowsBotModel\WinLoadWait.py", line 21, in _Send
    self.request.sendall(data)
OSError: [WinError 10038] 在一个非套接字上尝试了一个操作。

2025-05-26 22:29:57.063253 - ERROR : send/read tcp data error: Traceback (most recent call last):
  File "G:\tools\anaconda1\.venv\lib\site-packages\PyAibote\Tool\SendTcpData.py", line 25, in SendData
    response = self.StarLoadWait(data)
  File "G:\tools\anaconda1\.venv\lib\site-packages\PyAibote\WindowsBotModel\WinLoadWait.py", line 42, in StarLoadWait
    response = self._Send(data)
  File "G:\tools\anaconda1\.venv\lib\site-packages\PyAibote\WindowsBotModel\WinLoadWait.py", line 21, in _Send
    self.request.sendall(data)
OSError: [WinError 10038] 在一个非套接字上尝试了一个操作。

2025-05-26 22:29:57.066247 - ERROR : send/read tcp data error: Traceback (most recent call last):
  File "G:\tools\anaconda1\.venv\lib\site-packages\PyAibote\Tool\SendTcpData.py", line 25, in SendData
    response = self.StarLoadWait(data)
  File "G:\tools\anaconda1\.venv\lib\site-packages\PyAibote\WindowsBotModel\WinLoadWait.py", line 42, in StarLoadWait
    response = self._Send(data)
  File "G:\tools\anaconda1\.venv\lib\site-packages\PyAibote\WindowsBotModel\WinLoadWait.py", line 21, in _Send
    self.request.sendall(data)
OSError: [WinError 10038] 在一个非套接字上尝试了一个操作。

2025-05-26 22:29:57.068242 - ERROR : send/read tcp data error: Traceback (most recent call last):
  File "G:\tools\anaconda1\.venv\lib\site-packages\PyAibote\Tool\SendTcpData.py", line 25, in SendData
    response = self.StarLoadWait(data)
  File "G:\tools\anaconda1\.venv\lib\site-packages\PyAibote\WindowsBotModel\WinLoadWait.py", line 42, in StarLoadWait
    response = self._Send(data)
  File "G:\tools\anaconda1\.venv\lib\site-packages\PyAibote\WindowsBotModel\WinLoadWait.py", line 21, in _Send
    self.request.sendall(data)
OSError: [WinError 10038] 在一个非套接字上尝试了一个操作。

2025-05-26 22:29:57.070270 - ERROR : send/read tcp data error: Traceback (most recent call last):
  File "G:\tools\anaconda1\.venv\lib\site-packages\PyAibote\Tool\SendTcpData.py", line 25, in SendData
    response = self.StarLoadWait(data)
  File "G:\tools\anaconda1\.venv\lib\site-packages\PyAibote\WindowsBotModel\WinLoadWait.py", line 42, in StarLoadWait
    response = self._Send(data)
  File "G:\tools\anaconda1\.venv\lib\site-packages\PyAibote\WindowsBotModel\WinLoadWait.py", line 21, in _Send
    self.request.sendall(data)
OSError: [WinError 10038] 在一个非套接字上尝试了一个操作。

2025-05-26 22:29:57.073255 - ERROR : send/read tcp data error: Traceback (most recent call last):
  File "G:\tools\anaconda1\.venv\lib\site-packages\PyAibote\Tool\SendTcpData.py", line 25, in SendData
    response = self.StarLoadWait(data)
  File "G:\tools\anaconda1\.venv\lib\site-packages\PyAibote\WindowsBotModel\WinLoadWait.py", line 42, in StarLoadWait
    response = self._Send(data)
  File "G:\tools\anaconda1\.venv\lib\site-packages\PyAibote\WindowsBotModel\WinLoadWait.py", line 21, in _Send
    self.request.sendall(data)
OSError: [WinError 10038] 在一个非套接字上尝试了一个操作。

2025-05-26 22:29:57.076247 - ERROR : send/read tcp data error: Traceback (most recent call last):
  File "G:\tools\anaconda1\.venv\lib\site-packages\PyAibote\Tool\SendTcpData.py", line 25, in SendData
    response = self.StarLoadWait(data)
  File "G:\tools\anaconda1\.venv\lib\site-packages\PyAibote\WindowsBotModel\WinLoadWait.py", line 42, in StarLoadWait
    response = self._Send(data)
  File "G:\tools\anaconda1\.venv\lib\site-packages\PyAibote\WindowsBotModel\WinLoadWait.py", line 21, in _Send
    self.request.sendall(data)
OSError: [WinError 10038] 在一个非套接字上尝试了一个操作。

2025-05-26 22:29:57.078242 - ERROR : send/read tcp data error: Traceback (most recent call last):
  File "G:\tools\anaconda1\.venv\lib\site-packages\PyAibote\Tool\SendTcpData.py", line 25, in SendData
    response = self.StarLoadWait(data)
  File "G:\tools\anaconda1\.venv\lib\site-packages\PyAibote\WindowsBotModel\WinLoadWait.py", line 42, in StarLoadWait
    response = self._Send(data)
  File "G:\tools\anaconda1\.venv\lib\site-packages\PyAibote\WindowsBotModel\WinLoadWait.py", line 21, in _Send
    self.request.sendall(data)
OSError: [WinError 10038] 在一个非套接字上尝试了一个操作。

2025-05-26 22:29:57.080276 - ERROR : send/read tcp data error: Traceback (most recent call last):
  File "G:\tools\anaconda1\.venv\lib\site-packages\PyAibote\Tool\SendTcpData.py", line 25, in SendData
    response = self.StarLoadWait(data)
  File "G:\tools\anaconda1\.venv\lib\site-packages\PyAibote\WindowsBotModel\WinLoadWait.py", line 42, in StarLoadWait
    response = self._Send(data)
  File "G:\tools\anaconda1\.venv\lib\site-packages\PyAibote\WindowsBotModel\WinLoadWait.py", line 21, in _Send
    self.request.sendall(data)
OSError: [WinError 10038] 在一个非套接字上尝试了一个操作。

2025-05-26 22:29:57.082262 - ERROR : send/read tcp data error: Traceback (most recent call last):
  File "G:\tools\anaconda1\.venv\lib\site-packages\PyAibote\Tool\SendTcpData.py", line 25, in SendData
    response = self.StarLoadWait(data)
  File "G:\tools\anaconda1\.venv\lib\site-packages\PyAibote\WindowsBotModel\WinLoadWait.py", line 42, in StarLoadWait
    response = self._Send(data)
  File "G:\tools\anaconda1\.venv\lib\site-packages\PyAibote\WindowsBotModel\WinLoadWait.py", line 21, in _Send
    self.request.sendall(data)
OSError: [WinError 10038] 在一个非套接字上尝试了一个操作。

2025-05-26 22:29:57.084256 - ERROR : send/read tcp data error: Traceback (most recent call last):
  File "G:\tools\anaconda1\.venv\lib\site-packages\PyAibote\Tool\SendTcpData.py", line 25, in SendData
    response = self.StarLoadWait(data)
  File "G:\tools\anaconda1\.venv\lib\site-packages\PyAibote\WindowsBotModel\WinLoadWait.py", line 42, in StarLoadWait
    response = self._Send(data)
  File "G:\tools\anaconda1\.venv\lib\site-packages\PyAibote\WindowsBotModel\WinLoadWait.py", line 21, in _Send
    self.request.sendall(data)
OSError: [WinError 10038] 在一个非套接字上尝试了一个操作。

2025-05-26 22:29:57.086253 - ERROR : send/read tcp data error: Traceback (most recent call last):
  File "G:\tools\anaconda1\.venv\lib\site-packages\PyAibote\Tool\SendTcpData.py", line 25, in SendData
    response = self.StarLoadWait(data)
  File "G:\tools\anaconda1\.venv\lib\site-packages\PyAibote\WindowsBotModel\WinLoadWait.py", line 42, in StarLoadWait
    response = self._Send(data)
  File "G:\tools\anaconda1\.venv\lib\site-packages\PyAibote\WindowsBotModel\WinLoadWait.py", line 21, in _Send
    self.request.sendall(data)
OSError: [WinError 10038] 在一个非套接字上尝试了一个操作。

2025-05-26 22:29:57.089244 - ERROR : send/read tcp data error: Traceback (most recent call last):
  File "G:\tools\anaconda1\.venv\lib\site-packages\PyAibote\Tool\SendTcpData.py", line 25, in SendData
    response = self.StarLoadWait(data)
  File "G:\tools\anaconda1\.venv\lib\site-packages\PyAibote\WindowsBotModel\WinLoadWait.py", line 42, in StarLoadWait
    response = self._Send(data)
  File "G:\tools\anaconda1\.venv\lib\site-packages\PyAibote\WindowsBotModel\WinLoadWait.py", line 21, in _Send
    self.request.sendall(data)
OSError: [WinError 10038] 在一个非套接字上尝试了一个操作。

2025-05-26 22:29:57.091266 - ERROR : send/read tcp data error: Traceback (most recent call last):
  File "G:\tools\anaconda1\.venv\lib\site-packages\PyAibote\Tool\SendTcpData.py", line 25, in SendData
    response = self.StarLoadWait(data)
  File "G:\tools\anaconda1\.venv\lib\site-packages\PyAibote\WindowsBotModel\WinLoadWait.py", line 42, in StarLoadWait
    response = self._Send(data)
  File "G:\tools\anaconda1\.venv\lib\site-packages\PyAibote\WindowsBotModel\WinLoadWait.py", line 21, in _Send
    self.request.sendall(data)
OSError: [WinError 10038] 在一个非套接字上尝试了一个操作。

2025-05-26 22:29:57.093261 - ERROR : send/read tcp data error: Traceback (most recent call last):
  File "G:\tools\anaconda1\.venv\lib\site-packages\PyAibote\Tool\SendTcpData.py", line 25, in SendData
    response = self.StarLoadWait(data)
  File "G:\tools\anaconda1\.venv\lib\site-packages\PyAibote\WindowsBotModel\WinLoadWait.py", line 42, in StarLoadWait
    response = self._Send(data)
  File "G:\tools\anaconda1\.venv\lib\site-packages\PyAibote\WindowsBotModel\WinLoadWait.py", line 21, in _Send
    self.request.sendall(data)
OSError: [WinError 10038] 在一个非套接字上尝试了一个操作。

2025-05-26 22:29:57.095256 - ERROR : send/read tcp data error: Traceback (most recent call last):
  File "G:\tools\anaconda1\.venv\lib\site-packages\PyAibote\Tool\SendTcpData.py", line 25, in SendData
    response = self.StarLoadWait(data)
  File "G:\tools\anaconda1\.venv\lib\site-packages\PyAibote\WindowsBotModel\WinLoadWait.py", line 42, in StarLoadWait
    response = self._Send(data)
  File "G:\tools\anaconda1\.venv\lib\site-packages\PyAibote\WindowsBotModel\WinLoadWait.py", line 21, in _Send
    self.request.sendall(data)
OSError: [WinError 10038] 在一个非套接字上尝试了一个操作。

2025-05-26 22:29:57.097251 - ERROR : send/read tcp data error: Traceback (most recent call last):
  File "G:\tools\anaconda1\.venv\lib\site-packages\PyAibote\Tool\SendTcpData.py", line 25, in SendData
    response = self.StarLoadWait(data)
  File "G:\tools\anaconda1\.venv\lib\site-packages\PyAibote\WindowsBotModel\WinLoadWait.py", line 42, in StarLoadWait
    response = self._Send(data)
  File "G:\tools\anaconda1\.venv\lib\site-packages\PyAibote\WindowsBotModel\WinLoadWait.py", line 21, in _Send
    self.request.sendall(data)
OSError: [WinError 10038] 在一个非套接字上尝试了一个操作。

2025-05-26 22:29:57.100273 - ERROR : send/read tcp data error: Traceback (most recent call last):
  File "G:\tools\anaconda1\.venv\lib\site-packages\PyAibote\Tool\SendTcpData.py", line 25, in SendData
    response = self.StarLoadWait(data)
  File "G:\tools\anaconda1\.venv\lib\site-packages\PyAibote\WindowsBotModel\WinLoadWait.py", line 42, in StarLoadWait
    response = self._Send(data)
  File "G:\tools\anaconda1\.venv\lib\site-packages\PyAibote\WindowsBotModel\WinLoadWait.py", line 21, in _Send
    self.request.sendall(data)
OSError: [WinError 10038] 在一个非套接字上尝试了一个操作。

2025-05-26 22:29:57.102260 - ERROR : send/read tcp data error: Traceback (most recent call last):
  File "G:\tools\anaconda1\.venv\lib\site-packages\PyAibote\Tool\SendTcpData.py", line 25, in SendData
    response = self.StarLoadWait(data)
  File "G:\tools\anaconda1\.venv\lib\site-packages\PyAibote\WindowsBotModel\WinLoadWait.py", line 42, in StarLoadWait
    response = self._Send(data)
  File "G:\tools\anaconda1\.venv\lib\site-packages\PyAibote\WindowsBotModel\WinLoadWait.py", line 21, in _Send
    self.request.sendall(data)
OSError: [WinError 10038] 在一个非套接字上尝试了一个操作。

2025-05-26 22:29:57.104256 - ERROR : send/read tcp data error: Traceback (most recent call last):
  File "G:\tools\anaconda1\.venv\lib\site-packages\PyAibote\Tool\SendTcpData.py", line 25, in SendData
    response = self.StarLoadWait(data)
  File "G:\tools\anaconda1\.venv\lib\site-packages\PyAibote\WindowsBotModel\WinLoadWait.py", line 42, in StarLoadWait
    response = self._Send(data)
  File "G:\tools\anaconda1\.venv\lib\site-packages\PyAibote\WindowsBotModel\WinLoadWait.py", line 21, in _Send
    self.request.sendall(data)
OSError: [WinError 10038] 在一个非套接字上尝试了一个操作。

2025-05-26 22:29:57.108245 - ERROR : send/read tcp data error: Traceback (most recent call last):
  File "G:\tools\anaconda1\.venv\lib\site-packages\PyAibote\Tool\SendTcpData.py", line 25, in SendData
    response = self.StarLoadWait(data)
  File "G:\tools\anaconda1\.venv\lib\site-packages\PyAibote\WindowsBotModel\WinLoadWait.py", line 42, in StarLoadWait
    response = self._Send(data)
  File "G:\tools\anaconda1\.venv\lib\site-packages\PyAibote\WindowsBotModel\WinLoadWait.py", line 21, in _Send
    self.request.sendall(data)
OSError: [WinError 10038] 在一个非套接字上尝试了一个操作。

2025-05-26 22:29:57.111267 - ERROR : send/read tcp data error: Traceback (most recent call last):
  File "G:\tools\anaconda1\.venv\lib\site-packages\PyAibote\Tool\SendTcpData.py", line 25, in SendData
    response = self.StarLoadWait(data)
  File "G:\tools\anaconda1\.venv\lib\site-packages\PyAibote\WindowsBotModel\WinLoadWait.py", line 42, in StarLoadWait
    response = self._Send(data)
  File "G:\tools\anaconda1\.venv\lib\site-packages\PyAibote\WindowsBotModel\WinLoadWait.py", line 21, in _Send
    self.request.sendall(data)
OSError: [WinError 10038] 在一个非套接字上尝试了一个操作。

2025-05-26 22:29:57.113261 - ERROR : send/read tcp data error: Traceback (most recent call last):
  File "G:\tools\anaconda1\.venv\lib\site-packages\PyAibote\Tool\SendTcpData.py", line 25, in SendData
    response = self.StarLoadWait(data)
  File "G:\tools\anaconda1\.venv\lib\site-packages\PyAibote\WindowsBotModel\WinLoadWait.py", line 42, in StarLoadWait
    response = self._Send(data)
  File "G:\tools\anaconda1\.venv\lib\site-packages\PyAibote\WindowsBotModel\WinLoadWait.py", line 21, in _Send
    self.request.sendall(data)
OSError: [WinError 10038] 在一个非套接字上尝试了一个操作。

2025-05-26 22:29:57.115257 - ERROR : send/read tcp data error: Traceback (most recent call last):
  File "G:\tools\anaconda1\.venv\lib\site-packages\PyAibote\Tool\SendTcpData.py", line 25, in SendData
    response = self.StarLoadWait(data)
  File "G:\tools\anaconda1\.venv\lib\site-packages\PyAibote\WindowsBotModel\WinLoadWait.py", line 42, in StarLoadWait
    response = self._Send(data)
  File "G:\tools\anaconda1\.venv\lib\site-packages\PyAibote\WindowsBotModel\WinLoadWait.py", line 21, in _Send
    self.request.sendall(data)
OSError: [WinError 10038] 在一个非套接字上尝试了一个操作。

2025-05-26 22:29:57.117252 - ERROR : send/read tcp data error: Traceback (most recent call last):
  File "G:\tools\anaconda1\.venv\lib\site-packages\PyAibote\Tool\SendTcpData.py", line 25, in SendData
    response = self.StarLoadWait(data)
  File "G:\tools\anaconda1\.venv\lib\site-packages\PyAibote\WindowsBotModel\WinLoadWait.py", line 42, in StarLoadWait
    response = self._Send(data)
  File "G:\tools\anaconda1\.venv\lib\site-packages\PyAibote\WindowsBotModel\WinLoadWait.py", line 21, in _Send
    self.request.sendall(data)
OSError: [WinError 10038] 在一个非套接字上尝试了一个操作。

2025-05-26 22:29:57.119760 - ERROR : send/read tcp data error: Traceback (most recent call last):
  File "G:\tools\anaconda1\.venv\lib\site-packages\PyAibote\Tool\SendTcpData.py", line 25, in SendData
    response = self.StarLoadWait(data)
  File "G:\tools\anaconda1\.venv\lib\site-packages\PyAibote\WindowsBotModel\WinLoadWait.py", line 42, in StarLoadWait
    response = self._Send(data)
  File "G:\tools\anaconda1\.venv\lib\site-packages\PyAibote\WindowsBotModel\WinLoadWait.py", line 21, in _Send
    self.request.sendall(data)
OSError: [WinError 10038] 在一个非套接字上尝试了一个操作。

2025-05-26 22:29:57.121265 - ERROR : send/read tcp data error: Traceback (most recent call last):
  File "G:\tools\anaconda1\.venv\lib\site-packages\PyAibote\Tool\SendTcpData.py", line 25, in SendData
    response = self.StarLoadWait(data)
  File "G:\tools\anaconda1\.venv\lib\site-packages\PyAibote\WindowsBotModel\WinLoadWait.py", line 42, in StarLoadWait
    response = self._Send(data)
  File "G:\tools\anaconda1\.venv\lib\site-packages\PyAibote\WindowsBotModel\WinLoadWait.py", line 21, in _Send
    self.request.sendall(data)
OSError: [WinError 10038] 在一个非套接字上尝试了一个操作。

2025-05-26 22:29:57.123259 - ERROR : send/read tcp data error: Traceback (most recent call last):
  File "G:\tools\anaconda1\.venv\lib\site-packages\PyAibote\Tool\SendTcpData.py", line 25, in SendData
    response = self.StarLoadWait(data)
  File "G:\tools\anaconda1\.venv\lib\site-packages\PyAibote\WindowsBotModel\WinLoadWait.py", line 42, in StarLoadWait
    response = self._Send(data)
  File "G:\tools\anaconda1\.venv\lib\site-packages\PyAibote\WindowsBotModel\WinLoadWait.py", line 21, in _Send
    self.request.sendall(data)
OSError: [WinError 10038] 在一个非套接字上尝试了一个操作。

2025-05-26 22:29:57.125254 - ERROR : send/read tcp data error: Traceback (most recent call last):
  File "G:\tools\anaconda1\.venv\lib\site-packages\PyAibote\Tool\SendTcpData.py", line 25, in SendData
    response = self.StarLoadWait(data)
  File "G:\tools\anaconda1\.venv\lib\site-packages\PyAibote\WindowsBotModel\WinLoadWait.py", line 42, in StarLoadWait
    response = self._Send(data)
  File "G:\tools\anaconda1\.venv\lib\site-packages\PyAibote\WindowsBotModel\WinLoadWait.py", line 21, in _Send
    self.request.sendall(data)
OSError: [WinError 10038] 在一个非套接字上尝试了一个操作。

2025-05-26 22:29:57.134260 - ERROR : send/read tcp data error: Traceback (most recent call last):
  File "G:\tools\anaconda1\.venv\lib\site-packages\PyAibote\Tool\SendTcpData.py", line 25, in SendData
    response = self.StarLoadWait(data)
  File "G:\tools\anaconda1\.venv\lib\site-packages\PyAibote\WindowsBotModel\WinLoadWait.py", line 42, in StarLoadWait
    response = self._Send(data)
  File "G:\tools\anaconda1\.venv\lib\site-packages\PyAibote\WindowsBotModel\WinLoadWait.py", line 21, in _Send
    self.request.sendall(data)
OSError: [WinError 10038] 在一个非套接字上尝试了一个操作。

2025-05-26 22:29:57.136255 - ERROR : send/read tcp data error: Traceback (most recent call last):
  File "G:\tools\anaconda1\.venv\lib\site-packages\PyAibote\Tool\SendTcpData.py", line 25, in SendData
    response = self.StarLoadWait(data)
  File "G:\tools\anaconda1\.venv\lib\site-packages\PyAibote\WindowsBotModel\WinLoadWait.py", line 42, in StarLoadWait
    response = self._Send(data)
  File "G:\tools\anaconda1\.venv\lib\site-packages\PyAibote\WindowsBotModel\WinLoadWait.py", line 21, in _Send
    self.request.sendall(data)
OSError: [WinError 10038] 在一个非套接字上尝试了一个操作。

2025-05-26 22:29:57.138249 - ERROR : send/read tcp data error: Traceback (most recent call last):
  File "G:\tools\anaconda1\.venv\lib\site-packages\PyAibote\Tool\SendTcpData.py", line 25, in SendData
    response = self.StarLoadWait(data)
  File "G:\tools\anaconda1\.venv\lib\site-packages\PyAibote\WindowsBotModel\WinLoadWait.py", line 42, in StarLoadWait
    response = self._Send(data)
  File "G:\tools\anaconda1\.venv\lib\site-packages\PyAibote\WindowsBotModel\WinLoadWait.py", line 21, in _Send
    self.request.sendall(data)
OSError: [WinError 10038] 在一个非套接字上尝试了一个操作。

2025-05-26 22:29:57.140279 - ERROR : send/read tcp data error: Traceback (most recent call last):
  File "G:\tools\anaconda1\.venv\lib\site-packages\PyAibote\Tool\SendTcpData.py", line 25, in SendData
    response = self.StarLoadWait(data)
  File "G:\tools\anaconda1\.venv\lib\site-packages\PyAibote\WindowsBotModel\WinLoadWait.py", line 42, in StarLoadWait
    response = self._Send(data)
  File "G:\tools\anaconda1\.venv\lib\site-packages\PyAibote\WindowsBotModel\WinLoadWait.py", line 21, in _Send
    self.request.sendall(data)
OSError: [WinError 10038] 在一个非套接字上尝试了一个操作。

2025-05-26 22:29:57.142265 - ERROR : send/read tcp data error: Traceback (most recent call last):
  File "G:\tools\anaconda1\.venv\lib\site-packages\PyAibote\Tool\SendTcpData.py", line 25, in SendData
    response = self.StarLoadWait(data)
  File "G:\tools\anaconda1\.venv\lib\site-packages\PyAibote\WindowsBotModel\WinLoadWait.py", line 42, in StarLoadWait
    response = self._Send(data)
  File "G:\tools\anaconda1\.venv\lib\site-packages\PyAibote\WindowsBotModel\WinLoadWait.py", line 21, in _Send
    self.request.sendall(data)
OSError: [WinError 10038] 在一个非套接字上尝试了一个操作。

2025-05-26 22:29:57.145258 - ERROR : send/read tcp data error: Traceback (most recent call last):
  File "G:\tools\anaconda1\.venv\lib\site-packages\PyAibote\Tool\SendTcpData.py", line 25, in SendData
    response = self.StarLoadWait(data)
  File "G:\tools\anaconda1\.venv\lib\site-packages\PyAibote\WindowsBotModel\WinLoadWait.py", line 42, in StarLoadWait
    response = self._Send(data)
  File "G:\tools\anaconda1\.venv\lib\site-packages\PyAibote\WindowsBotModel\WinLoadWait.py", line 21, in _Send
    self.request.sendall(data)
OSError: [WinError 10038] 在一个非套接字上尝试了一个操作。

2025-05-26 22:29:57.147253 - ERROR : send/read tcp data error: Traceback (most recent call last):
  File "G:\tools\anaconda1\.venv\lib\site-packages\PyAibote\Tool\SendTcpData.py", line 25, in SendData
    response = self.StarLoadWait(data)
  File "G:\tools\anaconda1\.venv\lib\site-packages\PyAibote\WindowsBotModel\WinLoadWait.py", line 42, in StarLoadWait
    response = self._Send(data)
  File "G:\tools\anaconda1\.venv\lib\site-packages\PyAibote\WindowsBotModel\WinLoadWait.py", line 21, in _Send
    self.request.sendall(data)
OSError: [WinError 10038] 在一个非套接字上尝试了一个操作。

2025-05-26 22:29:57.149762 - ERROR : send/read tcp data error: Traceback (most recent call last):
  File "G:\tools\anaconda1\.venv\lib\site-packages\PyAibote\Tool\SendTcpData.py", line 25, in SendData
    response = self.StarLoadWait(data)
  File "G:\tools\anaconda1\.venv\lib\site-packages\PyAibote\WindowsBotModel\WinLoadWait.py", line 42, in StarLoadWait
    response = self._Send(data)
  File "G:\tools\anaconda1\.venv\lib\site-packages\PyAibote\WindowsBotModel\WinLoadWait.py", line 21, in _Send
    self.request.sendall(data)
OSError: [WinError 10038] 在一个非套接字上尝试了一个操作。

2025-05-26 22:29:57.151264 - ERROR : send/read tcp data error: Traceback (most recent call last):
  File "G:\tools\anaconda1\.venv\lib\site-packages\PyAibote\Tool\SendTcpData.py", line 25, in SendData
    response = self.StarLoadWait(data)
  File "G:\tools\anaconda1\.venv\lib\site-packages\PyAibote\WindowsBotModel\WinLoadWait.py", line 42, in StarLoadWait
    response = self._Send(data)
  File "G:\tools\anaconda1\.venv\lib\site-packages\PyAibote\WindowsBotModel\WinLoadWait.py", line 21, in _Send
    self.request.sendall(data)
OSError: [WinError 10038] 在一个非套接字上尝试了一个操作。

2025-05-26 22:29:57.153259 - ERROR : send/read tcp data error: Traceback (most recent call last):
  File "G:\tools\anaconda1\.venv\lib\site-packages\PyAibote\Tool\SendTcpData.py", line 25, in SendData
    response = self.StarLoadWait(data)
  File "G:\tools\anaconda1\.venv\lib\site-packages\PyAibote\WindowsBotModel\WinLoadWait.py", line 42, in StarLoadWait
    response = self._Send(data)
  File "G:\tools\anaconda1\.venv\lib\site-packages\PyAibote\WindowsBotModel\WinLoadWait.py", line 21, in _Send
    self.request.sendall(data)
OSError: [WinError 10038] 在一个非套接字上尝试了一个操作。

2025-05-26 22:29:57.155255 - ERROR : send/read tcp data error: Traceback (most recent call last):
  File "G:\tools\anaconda1\.venv\lib\site-packages\PyAibote\Tool\SendTcpData.py", line 25, in SendData
    response = self.StarLoadWait(data)
  File "G:\tools\anaconda1\.venv\lib\site-packages\PyAibote\WindowsBotModel\WinLoadWait.py", line 42, in StarLoadWait
    response = self._Send(data)
  File "G:\tools\anaconda1\.venv\lib\site-packages\PyAibote\WindowsBotModel\WinLoadWait.py", line 21, in _Send
    self.request.sendall(data)
OSError: [WinError 10038] 在一个非套接字上尝试了一个操作。

2025-05-26 22:29:57.157249 - ERROR : send/read tcp data error: Traceback (most recent call last):
  File "G:\tools\anaconda1\.venv\lib\site-packages\PyAibote\Tool\SendTcpData.py", line 25, in SendData
    response = self.StarLoadWait(data)
  File "G:\tools\anaconda1\.venv\lib\site-packages\PyAibote\WindowsBotModel\WinLoadWait.py", line 42, in StarLoadWait
    response = self._Send(data)
  File "G:\tools\anaconda1\.venv\lib\site-packages\PyAibote\WindowsBotModel\WinLoadWait.py", line 21, in _Send
    self.request.sendall(data)
OSError: [WinError 10038] 在一个非套接字上尝试了一个操作。

2025-05-26 22:29:57.159761 - ERROR : send/read tcp data error: Traceback (most recent call last):
  File "G:\tools\anaconda1\.venv\lib\site-packages\PyAibote\Tool\SendTcpData.py", line 25, in SendData
    response = self.StarLoadWait(data)
  File "G:\tools\anaconda1\.venv\lib\site-packages\PyAibote\WindowsBotModel\WinLoadWait.py", line 42, in StarLoadWait
    response = self._Send(data)
  File "G:\tools\anaconda1\.venv\lib\site-packages\PyAibote\WindowsBotModel\WinLoadWait.py", line 21, in _Send
    self.request.sendall(data)
OSError: [WinError 10038] 在一个非套接字上尝试了一个操作。

2025-05-26 22:29:57.161266 - ERROR : send/read tcp data error: Traceback (most recent call last):
  File "G:\tools\anaconda1\.venv\lib\site-packages\PyAibote\Tool\SendTcpData.py", line 25, in SendData
    response = self.StarLoadWait(data)
  File "G:\tools\anaconda1\.venv\lib\site-packages\PyAibote\WindowsBotModel\WinLoadWait.py", line 42, in StarLoadWait
    response = self._Send(data)
  File "G:\tools\anaconda1\.venv\lib\site-packages\PyAibote\WindowsBotModel\WinLoadWait.py", line 21, in _Send
    self.request.sendall(data)
OSError: [WinError 10038] 在一个非套接字上尝试了一个操作。

2025-05-26 22:29:57.163260 - ERROR : send/read tcp data error: Traceback (most recent call last):
  File "G:\tools\anaconda1\.venv\lib\site-packages\PyAibote\Tool\SendTcpData.py", line 25, in SendData
    response = self.StarLoadWait(data)
  File "G:\tools\anaconda1\.venv\lib\site-packages\PyAibote\WindowsBotModel\WinLoadWait.py", line 42, in StarLoadWait
    response = self._Send(data)
  File "G:\tools\anaconda1\.venv\lib\site-packages\PyAibote\WindowsBotModel\WinLoadWait.py", line 21, in _Send
    self.request.sendall(data)
OSError: [WinError 10038] 在一个非套接字上尝试了一个操作。

2025-05-26 22:29:57.165255 - ERROR : send/read tcp data error: Traceback (most recent call last):
  File "G:\tools\anaconda1\.venv\lib\site-packages\PyAibote\Tool\SendTcpData.py", line 25, in SendData
    response = self.StarLoadWait(data)
  File "G:\tools\anaconda1\.venv\lib\site-packages\PyAibote\WindowsBotModel\WinLoadWait.py", line 42, in StarLoadWait
    response = self._Send(data)
  File "G:\tools\anaconda1\.venv\lib\site-packages\PyAibote\WindowsBotModel\WinLoadWait.py", line 21, in _Send
    self.request.sendall(data)
OSError: [WinError 10038] 在一个非套接字上尝试了一个操作。

2025-05-26 22:29:57.168247 - ERROR : send/read tcp data error: Traceback (most recent call last):
  File "G:\tools\anaconda1\.venv\lib\site-packages\PyAibote\Tool\SendTcpData.py", line 25, in SendData
    response = self.StarLoadWait(data)
  File "G:\tools\anaconda1\.venv\lib\site-packages\PyAibote\WindowsBotModel\WinLoadWait.py", line 42, in StarLoadWait
    response = self._Send(data)
  File "G:\tools\anaconda1\.venv\lib\site-packages\PyAibote\WindowsBotModel\WinLoadWait.py", line 21, in _Send
    self.request.sendall(data)
OSError: [WinError 10038] 在一个非套接字上尝试了一个操作。

2025-05-26 22:29:57.170273 - ERROR : send/read tcp data error: Traceback (most recent call last):
  File "G:\tools\anaconda1\.venv\lib\site-packages\PyAibote\Tool\SendTcpData.py", line 25, in SendData
    response = self.StarLoadWait(data)
  File "G:\tools\anaconda1\.venv\lib\site-packages\PyAibote\WindowsBotModel\WinLoadWait.py", line 42, in StarLoadWait
    response = self._Send(data)
  File "G:\tools\anaconda1\.venv\lib\site-packages\PyAibote\WindowsBotModel\WinLoadWait.py", line 21, in _Send
    self.request.sendall(data)
OSError: [WinError 10038] 在一个非套接字上尝试了一个操作。

2025-05-26 22:29:57.172263 - ERROR : send/read tcp data error: Traceback (most recent call last):
  File "G:\tools\anaconda1\.venv\lib\site-packages\PyAibote\Tool\SendTcpData.py", line 25, in SendData
    response = self.StarLoadWait(data)
  File "G:\tools\anaconda1\.venv\lib\site-packages\PyAibote\WindowsBotModel\WinLoadWait.py", line 42, in StarLoadWait
    response = self._Send(data)
  File "G:\tools\anaconda1\.venv\lib\site-packages\PyAibote\WindowsBotModel\WinLoadWait.py", line 21, in _Send
    self.request.sendall(data)
OSError: [WinError 10038] 在一个非套接字上尝试了一个操作。

2025-05-26 22:29:57.174258 - ERROR : send/read tcp data error: Traceback (most recent call last):
  File "G:\tools\anaconda1\.venv\lib\site-packages\PyAibote\Tool\SendTcpData.py", line 25, in SendData
    response = self.StarLoadWait(data)
  File "G:\tools\anaconda1\.venv\lib\site-packages\PyAibote\WindowsBotModel\WinLoadWait.py", line 42, in StarLoadWait
    response = self._Send(data)
  File "G:\tools\anaconda1\.venv\lib\site-packages\PyAibote\WindowsBotModel\WinLoadWait.py", line 21, in _Send
    self.request.sendall(data)
OSError: [WinError 10038] 在一个非套接字上尝试了一个操作。

2025-05-26 22:29:57.176253 - ERROR : send/read tcp data error: Traceback (most recent call last):
  File "G:\tools\anaconda1\.venv\lib\site-packages\PyAibote\Tool\SendTcpData.py", line 25, in SendData
    response = self.StarLoadWait(data)
  File "G:\tools\anaconda1\.venv\lib\site-packages\PyAibote\WindowsBotModel\WinLoadWait.py", line 42, in StarLoadWait
    response = self._Send(data)
  File "G:\tools\anaconda1\.venv\lib\site-packages\PyAibote\WindowsBotModel\WinLoadWait.py", line 21, in _Send
    self.request.sendall(data)
OSError: [WinError 10038] 在一个非套接字上尝试了一个操作。

2025-05-26 22:29:57.178251 - ERROR : send/read tcp data error: Traceback (most recent call last):
  File "G:\tools\anaconda1\.venv\lib\site-packages\PyAibote\Tool\SendTcpData.py", line 25, in SendData
    response = self.StarLoadWait(data)
  File "G:\tools\anaconda1\.venv\lib\site-packages\PyAibote\WindowsBotModel\WinLoadWait.py", line 42, in StarLoadWait
    response = self._Send(data)
  File "G:\tools\anaconda1\.venv\lib\site-packages\PyAibote\WindowsBotModel\WinLoadWait.py", line 21, in _Send
    self.request.sendall(data)
OSError: [WinError 10038] 在一个非套接字上尝试了一个操作。

2025-05-26 22:29:57.180270 - ERROR : send/read tcp data error: Traceback (most recent call last):
  File "G:\tools\anaconda1\.venv\lib\site-packages\PyAibote\Tool\SendTcpData.py", line 25, in SendData
    response = self.StarLoadWait(data)
  File "G:\tools\anaconda1\.venv\lib\site-packages\PyAibote\WindowsBotModel\WinLoadWait.py", line 42, in StarLoadWait
    response = self._Send(data)
  File "G:\tools\anaconda1\.venv\lib\site-packages\PyAibote\WindowsBotModel\WinLoadWait.py", line 21, in _Send
    self.request.sendall(data)
OSError: [WinError 10038] 在一个非套接字上尝试了一个操作。

2025-05-26 22:29:57.182259 - ERROR : send/read tcp data error: Traceback (most recent call last):
  File "G:\tools\anaconda1\.venv\lib\site-packages\PyAibote\Tool\SendTcpData.py", line 25, in SendData
    response = self.StarLoadWait(data)
  File "G:\tools\anaconda1\.venv\lib\site-packages\PyAibote\WindowsBotModel\WinLoadWait.py", line 42, in StarLoadWait
    response = self._Send(data)
  File "G:\tools\anaconda1\.venv\lib\site-packages\PyAibote\WindowsBotModel\WinLoadWait.py", line 21, in _Send
    self.request.sendall(data)
OSError: [WinError 10038] 在一个非套接字上尝试了一个操作。

2025-05-26 22:29:57.184254 - ERROR : send/read tcp data error: Traceback (most recent call last):
  File "G:\tools\anaconda1\.venv\lib\site-packages\PyAibote\Tool\SendTcpData.py", line 25, in SendData
    response = self.StarLoadWait(data)
  File "G:\tools\anaconda1\.venv\lib\site-packages\PyAibote\WindowsBotModel\WinLoadWait.py", line 42, in StarLoadWait
    response = self._Send(data)
  File "G:\tools\anaconda1\.venv\lib\site-packages\PyAibote\WindowsBotModel\WinLoadWait.py", line 21, in _Send
    self.request.sendall(data)
OSError: [WinError 10038] 在一个非套接字上尝试了一个操作。

2025-05-26 22:29:57.186249 - ERROR : send/read tcp data error: Traceback (most recent call last):
  File "G:\tools\anaconda1\.venv\lib\site-packages\PyAibote\Tool\SendTcpData.py", line 25, in SendData
    response = self.StarLoadWait(data)
  File "G:\tools\anaconda1\.venv\lib\site-packages\PyAibote\WindowsBotModel\WinLoadWait.py", line 42, in StarLoadWait
    response = self._Send(data)
  File "G:\tools\anaconda1\.venv\lib\site-packages\PyAibote\WindowsBotModel\WinLoadWait.py", line 21, in _Send
    self.request.sendall(data)
OSError: [WinError 10038] 在一个非套接字上尝试了一个操作。

2025-05-26 22:29:57.188244 - ERROR : send/read tcp data error: Traceback (most recent call last):
  File "G:\tools\anaconda1\.venv\lib\site-packages\PyAibote\Tool\SendTcpData.py", line 25, in SendData
    response = self.StarLoadWait(data)
  File "G:\tools\anaconda1\.venv\lib\site-packages\PyAibote\WindowsBotModel\WinLoadWait.py", line 42, in StarLoadWait
    response = self._Send(data)
  File "G:\tools\anaconda1\.venv\lib\site-packages\PyAibote\WindowsBotModel\WinLoadWait.py", line 21, in _Send
    self.request.sendall(data)
OSError: [WinError 10038] 在一个非套接字上尝试了一个操作。

2025-05-26 22:29:57.190265 - ERROR : send/read tcp data error: Traceback (most recent call last):
  File "G:\tools\anaconda1\.venv\lib\site-packages\PyAibote\Tool\SendTcpData.py", line 25, in SendData
    response = self.StarLoadWait(data)
  File "G:\tools\anaconda1\.venv\lib\site-packages\PyAibote\WindowsBotModel\WinLoadWait.py", line 42, in StarLoadWait
    response = self._Send(data)
  File "G:\tools\anaconda1\.venv\lib\site-packages\PyAibote\WindowsBotModel\WinLoadWait.py", line 21, in _Send
    self.request.sendall(data)
OSError: [WinError 10038] 在一个非套接字上尝试了一个操作。

2025-05-26 22:29:57.192256 - ERROR : send/read tcp data error: Traceback (most recent call last):
  File "G:\tools\anaconda1\.venv\lib\site-packages\PyAibote\Tool\SendTcpData.py", line 25, in SendData
    response = self.StarLoadWait(data)
  File "G:\tools\anaconda1\.venv\lib\site-packages\PyAibote\WindowsBotModel\WinLoadWait.py", line 42, in StarLoadWait
    response = self._Send(data)
  File "G:\tools\anaconda1\.venv\lib\site-packages\PyAibote\WindowsBotModel\WinLoadWait.py", line 21, in _Send
    self.request.sendall(data)
OSError: [WinError 10038] 在一个非套接字上尝试了一个操作。

2025-05-26 22:29:57.194251 - ERROR : send/read tcp data error: Traceback (most recent call last):
  File "G:\tools\anaconda1\.venv\lib\site-packages\PyAibote\Tool\SendTcpData.py", line 25, in SendData
    response = self.StarLoadWait(data)
  File "G:\tools\anaconda1\.venv\lib\site-packages\PyAibote\WindowsBotModel\WinLoadWait.py", line 42, in StarLoadWait
    response = self._Send(data)
  File "G:\tools\anaconda1\.venv\lib\site-packages\PyAibote\WindowsBotModel\WinLoadWait.py", line 21, in _Send
    self.request.sendall(data)
OSError: [WinError 10038] 在一个非套接字上尝试了一个操作。

2025-05-26 22:29:57.196245 - ERROR : send/read tcp data error: Traceback (most recent call last):
  File "G:\tools\anaconda1\.venv\lib\site-packages\PyAibote\Tool\SendTcpData.py", line 25, in SendData
    response = self.StarLoadWait(data)
  File "G:\tools\anaconda1\.venv\lib\site-packages\PyAibote\WindowsBotModel\WinLoadWait.py", line 42, in StarLoadWait
    response = self._Send(data)
  File "G:\tools\anaconda1\.venv\lib\site-packages\PyAibote\WindowsBotModel\WinLoadWait.py", line 21, in _Send
    self.request.sendall(data)
OSError: [WinError 10038] 在一个非套接字上尝试了一个操作。

2025-05-26 22:29:57.198240 - ERROR : send/read tcp data error: Traceback (most recent call last):
  File "G:\tools\anaconda1\.venv\lib\site-packages\PyAibote\Tool\SendTcpData.py", line 25, in SendData
    response = self.StarLoadWait(data)
  File "G:\tools\anaconda1\.venv\lib\site-packages\PyAibote\WindowsBotModel\WinLoadWait.py", line 42, in StarLoadWait
    response = self._Send(data)
  File "G:\tools\anaconda1\.venv\lib\site-packages\PyAibote\WindowsBotModel\WinLoadWait.py", line 21, in _Send
    self.request.sendall(data)
OSError: [WinError 10038] 在一个非套接字上尝试了一个操作。

2025-05-26 22:29:57.200268 - ERROR : send/read tcp data error: Traceback (most recent call last):
  File "G:\tools\anaconda1\.venv\lib\site-packages\PyAibote\Tool\SendTcpData.py", line 25, in SendData
    response = self.StarLoadWait(data)
  File "G:\tools\anaconda1\.venv\lib\site-packages\PyAibote\WindowsBotModel\WinLoadWait.py", line 42, in StarLoadWait
    response = self._Send(data)
  File "G:\tools\anaconda1\.venv\lib\site-packages\PyAibote\WindowsBotModel\WinLoadWait.py", line 21, in _Send
    self.request.sendall(data)
OSError: [WinError 10038] 在一个非套接字上尝试了一个操作。

2025-05-26 22:29:57.202255 - ERROR : send/read tcp data error: Traceback (most recent call last):
  File "G:\tools\anaconda1\.venv\lib\site-packages\PyAibote\Tool\SendTcpData.py", line 25, in SendData
    response = self.StarLoadWait(data)
  File "G:\tools\anaconda1\.venv\lib\site-packages\PyAibote\WindowsBotModel\WinLoadWait.py", line 42, in StarLoadWait
    response = self._Send(data)
  File "G:\tools\anaconda1\.venv\lib\site-packages\PyAibote\WindowsBotModel\WinLoadWait.py", line 21, in _Send
    self.request.sendall(data)
OSError: [WinError 10038] 在一个非套接字上尝试了一个操作。

2025-05-26 22:29:57.204250 - ERROR : send/read tcp data error: Traceback (most recent call last):
  File "G:\tools\anaconda1\.venv\lib\site-packages\PyAibote\Tool\SendTcpData.py", line 25, in SendData
    response = self.StarLoadWait(data)
  File "G:\tools\anaconda1\.venv\lib\site-packages\PyAibote\WindowsBotModel\WinLoadWait.py", line 42, in StarLoadWait
    response = self._Send(data)
  File "G:\tools\anaconda1\.venv\lib\site-packages\PyAibote\WindowsBotModel\WinLoadWait.py", line 21, in _Send
    self.request.sendall(data)
OSError: [WinError 10038] 在一个非套接字上尝试了一个操作。

2025-05-26 22:29:57.206245 - ERROR : send/read tcp data error: Traceback (most recent call last):
  File "G:\tools\anaconda1\.venv\lib\site-packages\PyAibote\Tool\SendTcpData.py", line 25, in SendData
    response = self.StarLoadWait(data)
  File "G:\tools\anaconda1\.venv\lib\site-packages\PyAibote\WindowsBotModel\WinLoadWait.py", line 42, in StarLoadWait
    response = self._Send(data)
  File "G:\tools\anaconda1\.venv\lib\site-packages\PyAibote\WindowsBotModel\WinLoadWait.py", line 21, in _Send
    self.request.sendall(data)
OSError: [WinError 10038] 在一个非套接字上尝试了一个操作。

2025-05-26 22:29:57.208240 - ERROR : send/read tcp data error: Traceback (most recent call last):
  File "G:\tools\anaconda1\.venv\lib\site-packages\PyAibote\Tool\SendTcpData.py", line 25, in SendData
    response = self.StarLoadWait(data)
  File "G:\tools\anaconda1\.venv\lib\site-packages\PyAibote\WindowsBotModel\WinLoadWait.py", line 42, in StarLoadWait
    response = self._Send(data)
  File "G:\tools\anaconda1\.venv\lib\site-packages\PyAibote\WindowsBotModel\WinLoadWait.py", line 21, in _Send
    self.request.sendall(data)
OSError: [WinError 10038] 在一个非套接字上尝试了一个操作。

2025-05-26 22:29:57.210270 - ERROR : send/read tcp data error: Traceback (most recent call last):
  File "G:\tools\anaconda1\.venv\lib\site-packages\PyAibote\Tool\SendTcpData.py", line 25, in SendData
    response = self.StarLoadWait(data)
  File "G:\tools\anaconda1\.venv\lib\site-packages\PyAibote\WindowsBotModel\WinLoadWait.py", line 42, in StarLoadWait
    response = self._Send(data)
  File "G:\tools\anaconda1\.venv\lib\site-packages\PyAibote\WindowsBotModel\WinLoadWait.py", line 21, in _Send
    self.request.sendall(data)
OSError: [WinError 10038] 在一个非套接字上尝试了一个操作。

2025-05-26 22:29:57.212257 - ERROR : send/read tcp data error: Traceback (most recent call last):
  File "G:\tools\anaconda1\.venv\lib\site-packages\PyAibote\Tool\SendTcpData.py", line 25, in SendData
    response = self.StarLoadWait(data)
  File "G:\tools\anaconda1\.venv\lib\site-packages\PyAibote\WindowsBotModel\WinLoadWait.py", line 42, in StarLoadWait
    response = self._Send(data)
  File "G:\tools\anaconda1\.venv\lib\site-packages\PyAibote\WindowsBotModel\WinLoadWait.py", line 21, in _Send
    self.request.sendall(data)
OSError: [WinError 10038] 在一个非套接字上尝试了一个操作。

2025-05-26 22:29:57.214251 - ERROR : send/read tcp data error: Traceback (most recent call last):
  File "G:\tools\anaconda1\.venv\lib\site-packages\PyAibote\Tool\SendTcpData.py", line 25, in SendData
    response = self.StarLoadWait(data)
  File "G:\tools\anaconda1\.venv\lib\site-packages\PyAibote\WindowsBotModel\WinLoadWait.py", line 42, in StarLoadWait
    response = self._Send(data)
  File "G:\tools\anaconda1\.venv\lib\site-packages\PyAibote\WindowsBotModel\WinLoadWait.py", line 21, in _Send
    self.request.sendall(data)
OSError: [WinError 10038] 在一个非套接字上尝试了一个操作。

2025-05-26 22:29:57.216246 - ERROR : send/read tcp data error: Traceback (most recent call last):
  File "G:\tools\anaconda1\.venv\lib\site-packages\PyAibote\Tool\SendTcpData.py", line 25, in SendData
    response = self.StarLoadWait(data)
  File "G:\tools\anaconda1\.venv\lib\site-packages\PyAibote\WindowsBotModel\WinLoadWait.py", line 42, in StarLoadWait
    response = self._Send(data)
  File "G:\tools\anaconda1\.venv\lib\site-packages\PyAibote\WindowsBotModel\WinLoadWait.py", line 21, in _Send
    self.request.sendall(data)
OSError: [WinError 10038] 在一个非套接字上尝试了一个操作。

2025-05-26 22:29:57.218241 - ERROR : send/read tcp data error: Traceback (most recent call last):
  File "G:\tools\anaconda1\.venv\lib\site-packages\PyAibote\Tool\SendTcpData.py", line 25, in SendData
    response = self.StarLoadWait(data)
  File "G:\tools\anaconda1\.venv\lib\site-packages\PyAibote\WindowsBotModel\WinLoadWait.py", line 42, in StarLoadWait
    response = self._Send(data)
  File "G:\tools\anaconda1\.venv\lib\site-packages\PyAibote\WindowsBotModel\WinLoadWait.py", line 21, in _Send
    self.request.sendall(data)
OSError: [WinError 10038] 在一个非套接字上尝试了一个操作。

2025-05-26 22:29:57.220277 - ERROR : send/read tcp data error: Traceback (most recent call last):
  File "G:\tools\anaconda1\.venv\lib\site-packages\PyAibote\Tool\SendTcpData.py", line 25, in SendData
    response = self.StarLoadWait(data)
  File "G:\tools\anaconda1\.venv\lib\site-packages\PyAibote\WindowsBotModel\WinLoadWait.py", line 42, in StarLoadWait
    response = self._Send(data)
  File "G:\tools\anaconda1\.venv\lib\site-packages\PyAibote\WindowsBotModel\WinLoadWait.py", line 21, in _Send
    self.request.sendall(data)
OSError: [WinError 10038] 在一个非套接字上尝试了一个操作。

2025-05-26 22:29:57.222261 - ERROR : send/read tcp data error: Traceback (most recent call last):
  File "G:\tools\anaconda1\.venv\lib\site-packages\PyAibote\Tool\SendTcpData.py", line 25, in SendData
    response = self.StarLoadWait(data)
  File "G:\tools\anaconda1\.venv\lib\site-packages\PyAibote\WindowsBotModel\WinLoadWait.py", line 42, in StarLoadWait
    response = self._Send(data)
  File "G:\tools\anaconda1\.venv\lib\site-packages\PyAibote\WindowsBotModel\WinLoadWait.py", line 21, in _Send
    self.request.sendall(data)
OSError: [WinError 10038] 在一个非套接字上尝试了一个操作。

2025-05-26 22:29:57.225254 - ERROR : send/read tcp data error: Traceback (most recent call last):
  File "G:\tools\anaconda1\.venv\lib\site-packages\PyAibote\Tool\SendTcpData.py", line 25, in SendData
    response = self.StarLoadWait(data)
  File "G:\tools\anaconda1\.venv\lib\site-packages\PyAibote\WindowsBotModel\WinLoadWait.py", line 42, in StarLoadWait
    response = self._Send(data)
  File "G:\tools\anaconda1\.venv\lib\site-packages\PyAibote\WindowsBotModel\WinLoadWait.py", line 21, in _Send
    self.request.sendall(data)
OSError: [WinError 10038] 在一个非套接字上尝试了一个操作。

2025-05-26 22:29:57.227248 - ERROR : send/read tcp data error: Traceback (most recent call last):
  File "G:\tools\anaconda1\.venv\lib\site-packages\PyAibote\Tool\SendTcpData.py", line 25, in SendData
    response = self.StarLoadWait(data)
  File "G:\tools\anaconda1\.venv\lib\site-packages\PyAibote\WindowsBotModel\WinLoadWait.py", line 42, in StarLoadWait
    response = self._Send(data)
  File "G:\tools\anaconda1\.venv\lib\site-packages\PyAibote\WindowsBotModel\WinLoadWait.py", line 21, in _Send
    self.request.sendall(data)
OSError: [WinError 10038] 在一个非套接字上尝试了一个操作。

2025-05-26 22:29:57.229760 - ERROR : send/read tcp data error: Traceback (most recent call last):
  File "G:\tools\anaconda1\.venv\lib\site-packages\PyAibote\Tool\SendTcpData.py", line 25, in SendData
    response = self.StarLoadWait(data)
  File "G:\tools\anaconda1\.venv\lib\site-packages\PyAibote\WindowsBotModel\WinLoadWait.py", line 42, in StarLoadWait
    response = self._Send(data)
  File "G:\tools\anaconda1\.venv\lib\site-packages\PyAibote\WindowsBotModel\WinLoadWait.py", line 21, in _Send
    self.request.sendall(data)
OSError: [WinError 10038] 在一个非套接字上尝试了一个操作。

2025-05-26 22:29:57.231266 - ERROR : send/read tcp data error: Traceback (most recent call last):
  File "G:\tools\anaconda1\.venv\lib\site-packages\PyAibote\Tool\SendTcpData.py", line 25, in SendData
    response = self.StarLoadWait(data)
  File "G:\tools\anaconda1\.venv\lib\site-packages\PyAibote\WindowsBotModel\WinLoadWait.py", line 42, in StarLoadWait
    response = self._Send(data)
  File "G:\tools\anaconda1\.venv\lib\site-packages\PyAibote\WindowsBotModel\WinLoadWait.py", line 21, in _Send
    self.request.sendall(data)
OSError: [WinError 10038] 在一个非套接字上尝试了一个操作。

2025-05-26 22:29:57.233261 - ERROR : send/read tcp data error: Traceback (most recent call last):
  File "G:\tools\anaconda1\.venv\lib\site-packages\PyAibote\Tool\SendTcpData.py", line 25, in SendData
    response = self.StarLoadWait(data)
  File "G:\tools\anaconda1\.venv\lib\site-packages\PyAibote\WindowsBotModel\WinLoadWait.py", line 42, in StarLoadWait
    response = self._Send(data)
  File "G:\tools\anaconda1\.venv\lib\site-packages\PyAibote\WindowsBotModel\WinLoadWait.py", line 21, in _Send
    self.request.sendall(data)
OSError: [WinError 10038] 在一个非套接字上尝试了一个操作。

2025-05-26 22:29:57.235255 - ERROR : send/read tcp data error: Traceback (most recent call last):
  File "G:\tools\anaconda1\.venv\lib\site-packages\PyAibote\Tool\SendTcpData.py", line 25, in SendData
    response = self.StarLoadWait(data)
  File "G:\tools\anaconda1\.venv\lib\site-packages\PyAibote\WindowsBotModel\WinLoadWait.py", line 42, in StarLoadWait
    response = self._Send(data)
  File "G:\tools\anaconda1\.venv\lib\site-packages\PyAibote\WindowsBotModel\WinLoadWait.py", line 21, in _Send
    self.request.sendall(data)
OSError: [WinError 10038] 在一个非套接字上尝试了一个操作。

2025-05-26 22:29:57.237250 - ERROR : send/read tcp data error: Traceback (most recent call last):
  File "G:\tools\anaconda1\.venv\lib\site-packages\PyAibote\Tool\SendTcpData.py", line 25, in SendData
    response = self.StarLoadWait(data)
  File "G:\tools\anaconda1\.venv\lib\site-packages\PyAibote\WindowsBotModel\WinLoadWait.py", line 42, in StarLoadWait
    response = self._Send(data)
  File "G:\tools\anaconda1\.venv\lib\site-packages\PyAibote\WindowsBotModel\WinLoadWait.py", line 21, in _Send
    self.request.sendall(data)
OSError: [WinError 10038] 在一个非套接字上尝试了一个操作。

2025-05-26 22:29:57.239783 - ERROR : send/read tcp data error: Traceback (most recent call last):
  File "G:\tools\anaconda1\.venv\lib\site-packages\PyAibote\Tool\SendTcpData.py", line 25, in SendData
    response = self.StarLoadWait(data)
  File "G:\tools\anaconda1\.venv\lib\site-packages\PyAibote\WindowsBotModel\WinLoadWait.py", line 42, in StarLoadWait
    response = self._Send(data)
  File "G:\tools\anaconda1\.venv\lib\site-packages\PyAibote\WindowsBotModel\WinLoadWait.py", line 21, in _Send
    self.request.sendall(data)
OSError: [WinError 10038] 在一个非套接字上尝试了一个操作。

2025-05-26 22:29:57.241290 - ERROR : send/read tcp data error: Traceback (most recent call last):
  File "G:\tools\anaconda1\.venv\lib\site-packages\PyAibote\Tool\SendTcpData.py", line 25, in SendData
    response = self.StarLoadWait(data)
  File "G:\tools\anaconda1\.venv\lib\site-packages\PyAibote\WindowsBotModel\WinLoadWait.py", line 42, in StarLoadWait
    response = self._Send(data)
  File "G:\tools\anaconda1\.venv\lib\site-packages\PyAibote\WindowsBotModel\WinLoadWait.py", line 21, in _Send
    self.request.sendall(data)
OSError: [WinError 10038] 在一个非套接字上尝试了一个操作。

2025-05-26 22:29:57.260307 - ERROR : send/read tcp data error: Traceback (most recent call last):
  File "G:\tools\anaconda1\.venv\lib\site-packages\PyAibote\Tool\SendTcpData.py", line 25, in SendData
    response = self.StarLoadWait(data)
  File "G:\tools\anaconda1\.venv\lib\site-packages\PyAibote\WindowsBotModel\WinLoadWait.py", line 42, in StarLoadWait
    response = self._Send(data)
  File "G:\tools\anaconda1\.venv\lib\site-packages\PyAibote\WindowsBotModel\WinLoadWait.py", line 21, in _Send
    self.request.sendall(data)
OSError: [WinError 10038] 在一个非套接字上尝试了一个操作。

2025-05-26 22:29:57.262294 - ERROR : send/read tcp data error: Traceback (most recent call last):
  File "G:\tools\anaconda1\.venv\lib\site-packages\PyAibote\Tool\SendTcpData.py", line 25, in SendData
    response = self.StarLoadWait(data)
  File "G:\tools\anaconda1\.venv\lib\site-packages\PyAibote\WindowsBotModel\WinLoadWait.py", line 42, in StarLoadWait
    response = self._Send(data)
  File "G:\tools\anaconda1\.venv\lib\site-packages\PyAibote\WindowsBotModel\WinLoadWait.py", line 21, in _Send
    self.request.sendall(data)
OSError: [WinError 10038] 在一个非套接字上尝试了一个操作。

2025-05-26 22:29:57.264289 - ERROR : send/read tcp data error: Traceback (most recent call last):
  File "G:\tools\anaconda1\.venv\lib\site-packages\PyAibote\Tool\SendTcpData.py", line 25, in SendData
    response = self.StarLoadWait(data)
  File "G:\tools\anaconda1\.venv\lib\site-packages\PyAibote\WindowsBotModel\WinLoadWait.py", line 42, in StarLoadWait
    response = self._Send(data)
  File "G:\tools\anaconda1\.venv\lib\site-packages\PyAibote\WindowsBotModel\WinLoadWait.py", line 21, in _Send
    self.request.sendall(data)
OSError: [WinError 10038] 在一个非套接字上尝试了一个操作。

2025-05-26 22:29:57.266283 - ERROR : send/read tcp data error: Traceback (most recent call last):
  File "G:\tools\anaconda1\.venv\lib\site-packages\PyAibote\Tool\SendTcpData.py", line 25, in SendData
    response = self.StarLoadWait(data)
  File "G:\tools\anaconda1\.venv\lib\site-packages\PyAibote\WindowsBotModel\WinLoadWait.py", line 42, in StarLoadWait
    response = self._Send(data)
  File "G:\tools\anaconda1\.venv\lib\site-packages\PyAibote\WindowsBotModel\WinLoadWait.py", line 21, in _Send
    self.request.sendall(data)
OSError: [WinError 10038] 在一个非套接字上尝试了一个操作。

2025-05-26 22:29:57.268278 - ERROR : send/read tcp data error: Traceback (most recent call last):
  File "G:\tools\anaconda1\.venv\lib\site-packages\PyAibote\Tool\SendTcpData.py", line 25, in SendData
    response = self.StarLoadWait(data)
  File "G:\tools\anaconda1\.venv\lib\site-packages\PyAibote\WindowsBotModel\WinLoadWait.py", line 42, in StarLoadWait
    response = self._Send(data)
  File "G:\tools\anaconda1\.venv\lib\site-packages\PyAibote\WindowsBotModel\WinLoadWait.py", line 21, in _Send
    self.request.sendall(data)
OSError: [WinError 10038] 在一个非套接字上尝试了一个操作。

2025-05-26 22:29:57.272297 - ERROR : send/read tcp data error: Traceback (most recent call last):
  File "G:\tools\anaconda1\.venv\lib\site-packages\PyAibote\Tool\SendTcpData.py", line 25, in SendData
    response = self.StarLoadWait(data)
  File "G:\tools\anaconda1\.venv\lib\site-packages\PyAibote\WindowsBotModel\WinLoadWait.py", line 42, in StarLoadWait
    response = self._Send(data)
  File "G:\tools\anaconda1\.venv\lib\site-packages\PyAibote\WindowsBotModel\WinLoadWait.py", line 21, in _Send
    self.request.sendall(data)
OSError: [WinError 10038] 在一个非套接字上尝试了一个操作。

2025-05-26 22:29:57.274291 - ERROR : send/read tcp data error: Traceback (most recent call last):
  File "G:\tools\anaconda1\.venv\lib\site-packages\PyAibote\Tool\SendTcpData.py", line 25, in SendData
    response = self.StarLoadWait(data)
  File "G:\tools\anaconda1\.venv\lib\site-packages\PyAibote\WindowsBotModel\WinLoadWait.py", line 42, in StarLoadWait
    response = self._Send(data)
  File "G:\tools\anaconda1\.venv\lib\site-packages\PyAibote\WindowsBotModel\WinLoadWait.py", line 21, in _Send
    self.request.sendall(data)
OSError: [WinError 10038] 在一个非套接字上尝试了一个操作。

2025-05-26 22:29:57.277285 - ERROR : send/read tcp data error: Traceback (most recent call last):
  File "G:\tools\anaconda1\.venv\lib\site-packages\PyAibote\Tool\SendTcpData.py", line 25, in SendData
    response = self.StarLoadWait(data)
  File "G:\tools\anaconda1\.venv\lib\site-packages\PyAibote\WindowsBotModel\WinLoadWait.py", line 42, in StarLoadWait
    response = self._Send(data)
  File "G:\tools\anaconda1\.venv\lib\site-packages\PyAibote\WindowsBotModel\WinLoadWait.py", line 21, in _Send
    self.request.sendall(data)
OSError: [WinError 10038] 在一个非套接字上尝试了一个操作。

2025-05-26 22:29:57.279797 - ERROR : send/read tcp data error: Traceback (most recent call last):
  File "G:\tools\anaconda1\.venv\lib\site-packages\PyAibote\Tool\SendTcpData.py", line 25, in SendData
    response = self.StarLoadWait(data)
  File "G:\tools\anaconda1\.venv\lib\site-packages\PyAibote\WindowsBotModel\WinLoadWait.py", line 42, in StarLoadWait
    response = self._Send(data)
  File "G:\tools\anaconda1\.venv\lib\site-packages\PyAibote\WindowsBotModel\WinLoadWait.py", line 21, in _Send
    self.request.sendall(data)
OSError: [WinError 10038] 在一个非套接字上尝试了一个操作。

2025-05-26 22:29:57.281303 - ERROR : send/read tcp data error: Traceback (most recent call last):
  File "G:\tools\anaconda1\.venv\lib\site-packages\PyAibote\Tool\SendTcpData.py", line 25, in SendData
    response = self.StarLoadWait(data)
  File "G:\tools\anaconda1\.venv\lib\site-packages\PyAibote\WindowsBotModel\WinLoadWait.py", line 42, in StarLoadWait
    response = self._Send(data)
  File "G:\tools\anaconda1\.venv\lib\site-packages\PyAibote\WindowsBotModel\WinLoadWait.py", line 21, in _Send
    self.request.sendall(data)
OSError: [WinError 10038] 在一个非套接字上尝试了一个操作。

2025-05-26 22:29:57.284295 - ERROR : send/read tcp data error: Traceback (most recent call last):
  File "G:\tools\anaconda1\.venv\lib\site-packages\PyAibote\Tool\SendTcpData.py", line 25, in SendData
    response = self.StarLoadWait(data)
  File "G:\tools\anaconda1\.venv\lib\site-packages\PyAibote\WindowsBotModel\WinLoadWait.py", line 42, in StarLoadWait
    response = self._Send(data)
  File "G:\tools\anaconda1\.venv\lib\site-packages\PyAibote\WindowsBotModel\WinLoadWait.py", line 21, in _Send
    self.request.sendall(data)
OSError: [WinError 10038] 在一个非套接字上尝试了一个操作。

2025-05-26 22:29:57.286290 - ERROR : send/read tcp data error: Traceback (most recent call last):
  File "G:\tools\anaconda1\.venv\lib\site-packages\PyAibote\Tool\SendTcpData.py", line 25, in SendData
    response = self.StarLoadWait(data)
  File "G:\tools\anaconda1\.venv\lib\site-packages\PyAibote\WindowsBotModel\WinLoadWait.py", line 42, in StarLoadWait
    response = self._Send(data)
  File "G:\tools\anaconda1\.venv\lib\site-packages\PyAibote\WindowsBotModel\WinLoadWait.py", line 21, in _Send
    self.request.sendall(data)
OSError: [WinError 10038] 在一个非套接字上尝试了一个操作。

2025-05-26 22:29:57.289282 - ERROR : send/read tcp data error: Traceback (most recent call last):
  File "G:\tools\anaconda1\.venv\lib\site-packages\PyAibote\Tool\SendTcpData.py", line 25, in SendData
    response = self.StarLoadWait(data)
  File "G:\tools\anaconda1\.venv\lib\site-packages\PyAibote\WindowsBotModel\WinLoadWait.py", line 42, in StarLoadWait
    response = self._Send(data)
  File "G:\tools\anaconda1\.venv\lib\site-packages\PyAibote\WindowsBotModel\WinLoadWait.py", line 21, in _Send
    self.request.sendall(data)
OSError: [WinError 10038] 在一个非套接字上尝试了一个操作。

2025-05-26 22:29:57.309802 - ERROR : send/read tcp data error: Traceback (most recent call last):
  File "G:\tools\anaconda1\.venv\lib\site-packages\PyAibote\Tool\SendTcpData.py", line 25, in SendData
    response = self.StarLoadWait(data)
  File "G:\tools\anaconda1\.venv\lib\site-packages\PyAibote\WindowsBotModel\WinLoadWait.py", line 42, in StarLoadWait
    response = self._Send(data)
  File "G:\tools\anaconda1\.venv\lib\site-packages\PyAibote\WindowsBotModel\WinLoadWait.py", line 21, in _Send
    self.request.sendall(data)
OSError: [WinError 10038] 在一个非套接字上尝试了一个操作。

2025-05-26 22:29:57.311307 - ERROR : send/read tcp data error: Traceback (most recent call last):
  File "G:\tools\anaconda1\.venv\lib\site-packages\PyAibote\Tool\SendTcpData.py", line 25, in SendData
    response = self.StarLoadWait(data)
  File "G:\tools\anaconda1\.venv\lib\site-packages\PyAibote\WindowsBotModel\WinLoadWait.py", line 42, in StarLoadWait
    response = self._Send(data)
  File "G:\tools\anaconda1\.venv\lib\site-packages\PyAibote\WindowsBotModel\WinLoadWait.py", line 21, in _Send
    self.request.sendall(data)
OSError: [WinError 10038] 在一个非套接字上尝试了一个操作。

2025-05-26 22:29:57.313302 - ERROR : send/read tcp data error: Traceback (most recent call last):
  File "G:\tools\anaconda1\.venv\lib\site-packages\PyAibote\Tool\SendTcpData.py", line 25, in SendData
    response = self.StarLoadWait(data)
  File "G:\tools\anaconda1\.venv\lib\site-packages\PyAibote\WindowsBotModel\WinLoadWait.py", line 42, in StarLoadWait
    response = self._Send(data)
  File "G:\tools\anaconda1\.venv\lib\site-packages\PyAibote\WindowsBotModel\WinLoadWait.py", line 21, in _Send
    self.request.sendall(data)
OSError: [WinError 10038] 在一个非套接字上尝试了一个操作。

2025-05-26 22:29:57.316294 - ERROR : send/read tcp data error: Traceback (most recent call last):
  File "G:\tools\anaconda1\.venv\lib\site-packages\PyAibote\Tool\SendTcpData.py", line 25, in SendData
    response = self.StarLoadWait(data)
  File "G:\tools\anaconda1\.venv\lib\site-packages\PyAibote\WindowsBotModel\WinLoadWait.py", line 42, in StarLoadWait
    response = self._Send(data)
  File "G:\tools\anaconda1\.venv\lib\site-packages\PyAibote\WindowsBotModel\WinLoadWait.py", line 21, in _Send
    self.request.sendall(data)
OSError: [WinError 10038] 在一个非套接字上尝试了一个操作。

2025-05-26 22:29:57.318289 - ERROR : send/read tcp data error: Traceback (most recent call last):
  File "G:\tools\anaconda1\.venv\lib\site-packages\PyAibote\Tool\SendTcpData.py", line 25, in SendData
    response = self.StarLoadWait(data)
  File "G:\tools\anaconda1\.venv\lib\site-packages\PyAibote\WindowsBotModel\WinLoadWait.py", line 42, in StarLoadWait
    response = self._Send(data)
  File "G:\tools\anaconda1\.venv\lib\site-packages\PyAibote\WindowsBotModel\WinLoadWait.py", line 21, in _Send
    self.request.sendall(data)
OSError: [WinError 10038] 在一个非套接字上尝试了一个操作。

2025-05-26 22:29:57.320320 - ERROR : send/read tcp data error: Traceback (most recent call last):
  File "G:\tools\anaconda1\.venv\lib\site-packages\PyAibote\Tool\SendTcpData.py", line 25, in SendData
    response = self.StarLoadWait(data)
  File "G:\tools\anaconda1\.venv\lib\site-packages\PyAibote\WindowsBotModel\WinLoadWait.py", line 42, in StarLoadWait
    response = self._Send(data)
  File "G:\tools\anaconda1\.venv\lib\site-packages\PyAibote\WindowsBotModel\WinLoadWait.py", line 21, in _Send
    self.request.sendall(data)
OSError: [WinError 10038] 在一个非套接字上尝试了一个操作。

2025-05-26 22:29:57.322306 - ERROR : send/read tcp data error: Traceback (most recent call last):
  File "G:\tools\anaconda1\.venv\lib\site-packages\PyAibote\Tool\SendTcpData.py", line 25, in SendData
    response = self.StarLoadWait(data)
  File "G:\tools\anaconda1\.venv\lib\site-packages\PyAibote\WindowsBotModel\WinLoadWait.py", line 42, in StarLoadWait
    response = self._Send(data)
  File "G:\tools\anaconda1\.venv\lib\site-packages\PyAibote\WindowsBotModel\WinLoadWait.py", line 21, in _Send
    self.request.sendall(data)
OSError: [WinError 10038] 在一个非套接字上尝试了一个操作。

2025-05-26 22:29:57.324301 - ERROR : send/read tcp data error: Traceback (most recent call last):
  File "G:\tools\anaconda1\.venv\lib\site-packages\PyAibote\Tool\SendTcpData.py", line 25, in SendData
    response = self.StarLoadWait(data)
  File "G:\tools\anaconda1\.venv\lib\site-packages\PyAibote\WindowsBotModel\WinLoadWait.py", line 42, in StarLoadWait
    response = self._Send(data)
  File "G:\tools\anaconda1\.venv\lib\site-packages\PyAibote\WindowsBotModel\WinLoadWait.py", line 21, in _Send
    self.request.sendall(data)
OSError: [WinError 10038] 在一个非套接字上尝试了一个操作。

2025-05-26 22:29:57.326295 - ERROR : send/read tcp data error: Traceback (most recent call last):
  File "G:\tools\anaconda1\.venv\lib\site-packages\PyAibote\Tool\SendTcpData.py", line 25, in SendData
    response = self.StarLoadWait(data)
  File "G:\tools\anaconda1\.venv\lib\site-packages\PyAibote\WindowsBotModel\WinLoadWait.py", line 42, in StarLoadWait
    response = self._Send(data)
  File "G:\tools\anaconda1\.venv\lib\site-packages\PyAibote\WindowsBotModel\WinLoadWait.py", line 21, in _Send
    self.request.sendall(data)
OSError: [WinError 10038] 在一个非套接字上尝试了一个操作。

2025-05-26 22:29:57.329288 - ERROR : send/read tcp data error: Traceback (most recent call last):
  File "G:\tools\anaconda1\.venv\lib\site-packages\PyAibote\Tool\SendTcpData.py", line 25, in SendData
    response = self.StarLoadWait(data)
  File "G:\tools\anaconda1\.venv\lib\site-packages\PyAibote\WindowsBotModel\WinLoadWait.py", line 42, in StarLoadWait
    response = self._Send(data)
  File "G:\tools\anaconda1\.venv\lib\site-packages\PyAibote\WindowsBotModel\WinLoadWait.py", line 21, in _Send
    self.request.sendall(data)
OSError: [WinError 10038] 在一个非套接字上尝试了一个操作。

2025-05-26 22:29:57.331309 - ERROR : send/read tcp data error: Traceback (most recent call last):
  File "G:\tools\anaconda1\.venv\lib\site-packages\PyAibote\Tool\SendTcpData.py", line 25, in SendData
    response = self.StarLoadWait(data)
  File "G:\tools\anaconda1\.venv\lib\site-packages\PyAibote\WindowsBotModel\WinLoadWait.py", line 42, in StarLoadWait
    response = self._Send(data)
  File "G:\tools\anaconda1\.venv\lib\site-packages\PyAibote\WindowsBotModel\WinLoadWait.py", line 21, in _Send
    self.request.sendall(data)
OSError: [WinError 10038] 在一个非套接字上尝试了一个操作。

2025-05-26 22:29:57.333304 - ERROR : send/read tcp data error: Traceback (most recent call last):
  File "G:\tools\anaconda1\.venv\lib\site-packages\PyAibote\Tool\SendTcpData.py", line 25, in SendData
    response = self.StarLoadWait(data)
  File "G:\tools\anaconda1\.venv\lib\site-packages\PyAibote\WindowsBotModel\WinLoadWait.py", line 42, in StarLoadWait
    response = self._Send(data)
  File "G:\tools\anaconda1\.venv\lib\site-packages\PyAibote\WindowsBotModel\WinLoadWait.py", line 21, in _Send
    self.request.sendall(data)
OSError: [WinError 10038] 在一个非套接字上尝试了一个操作。

2025-05-26 22:29:57.335299 - ERROR : send/read tcp data error: Traceback (most recent call last):
  File "G:\tools\anaconda1\.venv\lib\site-packages\PyAibote\Tool\SendTcpData.py", line 25, in SendData
    response = self.StarLoadWait(data)
  File "G:\tools\anaconda1\.venv\lib\site-packages\PyAibote\WindowsBotModel\WinLoadWait.py", line 42, in StarLoadWait
    response = self._Send(data)
  File "G:\tools\anaconda1\.venv\lib\site-packages\PyAibote\WindowsBotModel\WinLoadWait.py", line 21, in _Send
    self.request.sendall(data)
OSError: [WinError 10038] 在一个非套接字上尝试了一个操作。

2025-05-26 22:29:57.337294 - ERROR : send/read tcp data error: Traceback (most recent call last):
  File "G:\tools\anaconda1\.venv\lib\site-packages\PyAibote\Tool\SendTcpData.py", line 25, in SendData
    response = self.StarLoadWait(data)
  File "G:\tools\anaconda1\.venv\lib\site-packages\PyAibote\WindowsBotModel\WinLoadWait.py", line 42, in StarLoadWait
    response = self._Send(data)
  File "G:\tools\anaconda1\.venv\lib\site-packages\PyAibote\WindowsBotModel\WinLoadWait.py", line 21, in _Send
    self.request.sendall(data)
OSError: [WinError 10038] 在一个非套接字上尝试了一个操作。

2025-05-26 22:29:57.339289 - ERROR : send/read tcp data error: Traceback (most recent call last):
  File "G:\tools\anaconda1\.venv\lib\site-packages\PyAibote\Tool\SendTcpData.py", line 25, in SendData
    response = self.StarLoadWait(data)
  File "G:\tools\anaconda1\.venv\lib\site-packages\PyAibote\WindowsBotModel\WinLoadWait.py", line 42, in StarLoadWait
    response = self._Send(data)
  File "G:\tools\anaconda1\.venv\lib\site-packages\PyAibote\WindowsBotModel\WinLoadWait.py", line 21, in _Send
    self.request.sendall(data)
OSError: [WinError 10038] 在一个非套接字上尝试了一个操作。

2025-05-26 22:29:57.341284 - ERROR : send/read tcp data error: Traceback (most recent call last):
  File "G:\tools\anaconda1\.venv\lib\site-packages\PyAibote\Tool\SendTcpData.py", line 25, in SendData
    response = self.StarLoadWait(data)
  File "G:\tools\anaconda1\.venv\lib\site-packages\PyAibote\WindowsBotModel\WinLoadWait.py", line 42, in StarLoadWait
    response = self._Send(data)
  File "G:\tools\anaconda1\.venv\lib\site-packages\PyAibote\WindowsBotModel\WinLoadWait.py", line 21, in _Send
    self.request.sendall(data)
OSError: [WinError 10038] 在一个非套接字上尝试了一个操作。

2025-05-26 22:29:57.348265 - ERROR : send/read tcp data error: Traceback (most recent call last):
  File "G:\tools\anaconda1\.venv\lib\site-packages\PyAibote\Tool\SendTcpData.py", line 25, in SendData
    response = self.StarLoadWait(data)
  File "G:\tools\anaconda1\.venv\lib\site-packages\PyAibote\WindowsBotModel\WinLoadWait.py", line 42, in StarLoadWait
    response = self._Send(data)
  File "G:\tools\anaconda1\.venv\lib\site-packages\PyAibote\WindowsBotModel\WinLoadWait.py", line 21, in _Send
    self.request.sendall(data)
OSError: [WinError 10038] 在一个非套接字上尝试了一个操作。

2025-05-26 22:29:57.350326 - ERROR : send/read tcp data error: Traceback (most recent call last):
  File "G:\tools\anaconda1\.venv\lib\site-packages\PyAibote\Tool\SendTcpData.py", line 25, in SendData
    response = self.StarLoadWait(data)
  File "G:\tools\anaconda1\.venv\lib\site-packages\PyAibote\WindowsBotModel\WinLoadWait.py", line 42, in StarLoadWait
    response = self._Send(data)
  File "G:\tools\anaconda1\.venv\lib\site-packages\PyAibote\WindowsBotModel\WinLoadWait.py", line 21, in _Send
    self.request.sendall(data)
OSError: [WinError 10038] 在一个非套接字上尝试了一个操作。

2025-05-26 22:29:57.353299 - ERROR : send/read tcp data error: Traceback (most recent call last):
  File "G:\tools\anaconda1\.venv\lib\site-packages\PyAibote\Tool\SendTcpData.py", line 25, in SendData
    response = self.StarLoadWait(data)
  File "G:\tools\anaconda1\.venv\lib\site-packages\PyAibote\WindowsBotModel\WinLoadWait.py", line 42, in StarLoadWait
    response = self._Send(data)
  File "G:\tools\anaconda1\.venv\lib\site-packages\PyAibote\WindowsBotModel\WinLoadWait.py", line 21, in _Send
    self.request.sendall(data)
OSError: [WinError 10038] 在一个非套接字上尝试了一个操作。

2025-05-26 22:29:57.355294 - ERROR : send/read tcp data error: Traceback (most recent call last):
  File "G:\tools\anaconda1\.venv\lib\site-packages\PyAibote\Tool\SendTcpData.py", line 25, in SendData
    response = self.StarLoadWait(data)
  File "G:\tools\anaconda1\.venv\lib\site-packages\PyAibote\WindowsBotModel\WinLoadWait.py", line 42, in StarLoadWait
    response = self._Send(data)
  File "G:\tools\anaconda1\.venv\lib\site-packages\PyAibote\WindowsBotModel\WinLoadWait.py", line 21, in _Send
    self.request.sendall(data)
OSError: [WinError 10038] 在一个非套接字上尝试了一个操作。

2025-05-26 22:29:57.357289 - ERROR : send/read tcp data error: Traceback (most recent call last):
  File "G:\tools\anaconda1\.venv\lib\site-packages\PyAibote\Tool\SendTcpData.py", line 25, in SendData
    response = self.StarLoadWait(data)
  File "G:\tools\anaconda1\.venv\lib\site-packages\PyAibote\WindowsBotModel\WinLoadWait.py", line 42, in StarLoadWait
    response = self._Send(data)
  File "G:\tools\anaconda1\.venv\lib\site-packages\PyAibote\WindowsBotModel\WinLoadWait.py", line 21, in _Send
    self.request.sendall(data)
OSError: [WinError 10038] 在一个非套接字上尝试了一个操作。

2025-05-26 22:29:57.359284 - ERROR : send/read tcp data error: Traceback (most recent call last):
  File "G:\tools\anaconda1\.venv\lib\site-packages\PyAibote\Tool\SendTcpData.py", line 25, in SendData
    response = self.StarLoadWait(data)
  File "G:\tools\anaconda1\.venv\lib\site-packages\PyAibote\WindowsBotModel\WinLoadWait.py", line 42, in StarLoadWait
    response = self._Send(data)
  File "G:\tools\anaconda1\.venv\lib\site-packages\PyAibote\WindowsBotModel\WinLoadWait.py", line 21, in _Send
    self.request.sendall(data)
OSError: [WinError 10038] 在一个非套接字上尝试了一个操作。

2025-05-26 22:29:57.361304 - ERROR : send/read tcp data error: Traceback (most recent call last):
  File "G:\tools\anaconda1\.venv\lib\site-packages\PyAibote\Tool\SendTcpData.py", line 25, in SendData
    response = self.StarLoadWait(data)
  File "G:\tools\anaconda1\.venv\lib\site-packages\PyAibote\WindowsBotModel\WinLoadWait.py", line 42, in StarLoadWait
    response = self._Send(data)
  File "G:\tools\anaconda1\.venv\lib\site-packages\PyAibote\WindowsBotModel\WinLoadWait.py", line 21, in _Send
    self.request.sendall(data)
OSError: [WinError 10038] 在一个非套接字上尝试了一个操作。

2025-05-26 22:29:57.363299 - ERROR : send/read tcp data error: Traceback (most recent call last):
  File "G:\tools\anaconda1\.venv\lib\site-packages\PyAibote\Tool\SendTcpData.py", line 25, in SendData
    response = self.StarLoadWait(data)
  File "G:\tools\anaconda1\.venv\lib\site-packages\PyAibote\WindowsBotModel\WinLoadWait.py", line 42, in StarLoadWait
    response = self._Send(data)
  File "G:\tools\anaconda1\.venv\lib\site-packages\PyAibote\WindowsBotModel\WinLoadWait.py", line 21, in _Send
    self.request.sendall(data)
OSError: [WinError 10038] 在一个非套接字上尝试了一个操作。

2025-05-26 22:29:57.364296 - ERROR : send/read tcp data error: Traceback (most recent call last):
  File "G:\tools\anaconda1\.venv\lib\site-packages\PyAibote\Tool\SendTcpData.py", line 25, in SendData
    response = self.StarLoadWait(data)
  File "G:\tools\anaconda1\.venv\lib\site-packages\PyAibote\WindowsBotModel\WinLoadWait.py", line 42, in StarLoadWait
    response = self._Send(data)
  File "G:\tools\anaconda1\.venv\lib\site-packages\PyAibote\WindowsBotModel\WinLoadWait.py", line 21, in _Send
    self.request.sendall(data)
OSError: [WinError 10038] 在一个非套接字上尝试了一个操作。

2025-05-26 22:29:57.366291 - ERROR : send/read tcp data error: Traceback (most recent call last):
  File "G:\tools\anaconda1\.venv\lib\site-packages\PyAibote\Tool\SendTcpData.py", line 25, in SendData
    response = self.StarLoadWait(data)
  File "G:\tools\anaconda1\.venv\lib\site-packages\PyAibote\WindowsBotModel\WinLoadWait.py", line 42, in StarLoadWait
    response = self._Send(data)
  File "G:\tools\anaconda1\.venv\lib\site-packages\PyAibote\WindowsBotModel\WinLoadWait.py", line 21, in _Send
    self.request.sendall(data)
OSError: [WinError 10038] 在一个非套接字上尝试了一个操作。

2025-05-26 22:29:57.385293 - ERROR : send/read tcp data error: Traceback (most recent call last):
  File "G:\tools\anaconda1\.venv\lib\site-packages\PyAibote\Tool\SendTcpData.py", line 25, in SendData
    response = self.StarLoadWait(data)
  File "G:\tools\anaconda1\.venv\lib\site-packages\PyAibote\WindowsBotModel\WinLoadWait.py", line 42, in StarLoadWait
    response = self._Send(data)
  File "G:\tools\anaconda1\.venv\lib\site-packages\PyAibote\WindowsBotModel\WinLoadWait.py", line 21, in _Send
    self.request.sendall(data)
OSError: [WinError 10038] 在一个非套接字上尝试了一个操作。

2025-05-26 22:29:57.387288 - ERROR : send/read tcp data error: Traceback (most recent call last):
  File "G:\tools\anaconda1\.venv\lib\site-packages\PyAibote\Tool\SendTcpData.py", line 25, in SendData
    response = self.StarLoadWait(data)
  File "G:\tools\anaconda1\.venv\lib\site-packages\PyAibote\WindowsBotModel\WinLoadWait.py", line 42, in StarLoadWait
    response = self._Send(data)
  File "G:\tools\anaconda1\.venv\lib\site-packages\PyAibote\WindowsBotModel\WinLoadWait.py", line 21, in _Send
    self.request.sendall(data)
OSError: [WinError 10038] 在一个非套接字上尝试了一个操作。

2025-05-26 22:29:57.389797 - ERROR : send/read tcp data error: Traceback (most recent call last):
  File "G:\tools\anaconda1\.venv\lib\site-packages\PyAibote\Tool\SendTcpData.py", line 25, in SendData
    response = self.StarLoadWait(data)
  File "G:\tools\anaconda1\.venv\lib\site-packages\PyAibote\WindowsBotModel\WinLoadWait.py", line 42, in StarLoadWait
    response = self._Send(data)
  File "G:\tools\anaconda1\.venv\lib\site-packages\PyAibote\WindowsBotModel\WinLoadWait.py", line 21, in _Send
    self.request.sendall(data)
OSError: [WinError 10038] 在一个非套接字上尝试了一个操作。

2025-05-26 22:29:57.391300 - ERROR : send/read tcp data error: Traceback (most recent call last):
  File "G:\tools\anaconda1\.venv\lib\site-packages\PyAibote\Tool\SendTcpData.py", line 25, in SendData
    response = self.StarLoadWait(data)
  File "G:\tools\anaconda1\.venv\lib\site-packages\PyAibote\WindowsBotModel\WinLoadWait.py", line 42, in StarLoadWait
    response = self._Send(data)
  File "G:\tools\anaconda1\.venv\lib\site-packages\PyAibote\WindowsBotModel\WinLoadWait.py", line 21, in _Send
    self.request.sendall(data)
OSError: [WinError 10038] 在一个非套接字上尝试了一个操作。

2025-05-26 22:29:57.393295 - ERROR : send/read tcp data error: Traceback (most recent call last):
  File "G:\tools\anaconda1\.venv\lib\site-packages\PyAibote\Tool\SendTcpData.py", line 25, in SendData
    response = self.StarLoadWait(data)
  File "G:\tools\anaconda1\.venv\lib\site-packages\PyAibote\WindowsBotModel\WinLoadWait.py", line 42, in StarLoadWait
    response = self._Send(data)
  File "G:\tools\anaconda1\.venv\lib\site-packages\PyAibote\WindowsBotModel\WinLoadWait.py", line 21, in _Send
    self.request.sendall(data)
OSError: [WinError 10038] 在一个非套接字上尝试了一个操作。

2025-05-26 22:29:57.395290 - ERROR : send/read tcp data error: Traceback (most recent call last):
  File "G:\tools\anaconda1\.venv\lib\site-packages\PyAibote\Tool\SendTcpData.py", line 25, in SendData
    response = self.StarLoadWait(data)
  File "G:\tools\anaconda1\.venv\lib\site-packages\PyAibote\WindowsBotModel\WinLoadWait.py", line 42, in StarLoadWait
    response = self._Send(data)
  File "G:\tools\anaconda1\.venv\lib\site-packages\PyAibote\WindowsBotModel\WinLoadWait.py", line 21, in _Send
    self.request.sendall(data)
OSError: [WinError 10038] 在一个非套接字上尝试了一个操作。

2025-05-26 22:29:57.397285 - ERROR : send/read tcp data error: Traceback (most recent call last):
  File "G:\tools\anaconda1\.venv\lib\site-packages\PyAibote\Tool\SendTcpData.py", line 25, in SendData
    response = self.StarLoadWait(data)
  File "G:\tools\anaconda1\.venv\lib\site-packages\PyAibote\WindowsBotModel\WinLoadWait.py", line 42, in StarLoadWait
    response = self._Send(data)
  File "G:\tools\anaconda1\.venv\lib\site-packages\PyAibote\WindowsBotModel\WinLoadWait.py", line 21, in _Send
    self.request.sendall(data)
OSError: [WinError 10038] 在一个非套接字上尝试了一个操作。

2025-05-26 22:29:57.399280 - ERROR : send/read tcp data error: Traceback (most recent call last):
  File "G:\tools\anaconda1\.venv\lib\site-packages\PyAibote\Tool\SendTcpData.py", line 25, in SendData
    response = self.StarLoadWait(data)
  File "G:\tools\anaconda1\.venv\lib\site-packages\PyAibote\WindowsBotModel\WinLoadWait.py", line 42, in StarLoadWait
    response = self._Send(data)
  File "G:\tools\anaconda1\.venv\lib\site-packages\PyAibote\WindowsBotModel\WinLoadWait.py", line 21, in _Send
    self.request.sendall(data)
OSError: [WinError 10038] 在一个非套接字上尝试了一个操作。

2025-05-26 22:29:57.401303 - ERROR : send/read tcp data error: Traceback (most recent call last):
  File "G:\tools\anaconda1\.venv\lib\site-packages\PyAibote\Tool\SendTcpData.py", line 25, in SendData
    response = self.StarLoadWait(data)
  File "G:\tools\anaconda1\.venv\lib\site-packages\PyAibote\WindowsBotModel\WinLoadWait.py", line 42, in StarLoadWait
    response = self._Send(data)
  File "G:\tools\anaconda1\.venv\lib\site-packages\PyAibote\WindowsBotModel\WinLoadWait.py", line 21, in _Send
    self.request.sendall(data)
OSError: [WinError 10038] 在一个非套接字上尝试了一个操作。

2025-05-26 22:29:57.403298 - ERROR : send/read tcp data error: Traceback (most recent call last):
  File "G:\tools\anaconda1\.venv\lib\site-packages\PyAibote\Tool\SendTcpData.py", line 25, in SendData
    response = self.StarLoadWait(data)
  File "G:\tools\anaconda1\.venv\lib\site-packages\PyAibote\WindowsBotModel\WinLoadWait.py", line 42, in StarLoadWait
    response = self._Send(data)
  File "G:\tools\anaconda1\.venv\lib\site-packages\PyAibote\WindowsBotModel\WinLoadWait.py", line 21, in _Send
    self.request.sendall(data)
OSError: [WinError 10038] 在一个非套接字上尝试了一个操作。

2025-05-26 22:29:57.421304 - ERROR : send/read tcp data error: Traceback (most recent call last):
  File "G:\tools\anaconda1\.venv\lib\site-packages\PyAibote\Tool\SendTcpData.py", line 25, in SendData
    response = self.StarLoadWait(data)
  File "G:\tools\anaconda1\.venv\lib\site-packages\PyAibote\WindowsBotModel\WinLoadWait.py", line 42, in StarLoadWait
    response = self._Send(data)
  File "G:\tools\anaconda1\.venv\lib\site-packages\PyAibote\WindowsBotModel\WinLoadWait.py", line 21, in _Send
    self.request.sendall(data)
OSError: [WinError 10038] 在一个非套接字上尝试了一个操作。

2025-05-26 22:29:57.423299 - ERROR : send/read tcp data error: Traceback (most recent call last):
  File "G:\tools\anaconda1\.venv\lib\site-packages\PyAibote\Tool\SendTcpData.py", line 25, in SendData
    response = self.StarLoadWait(data)
  File "G:\tools\anaconda1\.venv\lib\site-packages\PyAibote\WindowsBotModel\WinLoadWait.py", line 42, in StarLoadWait
    response = self._Send(data)
  File "G:\tools\anaconda1\.venv\lib\site-packages\PyAibote\WindowsBotModel\WinLoadWait.py", line 21, in _Send
    self.request.sendall(data)
OSError: [WinError 10038] 在一个非套接字上尝试了一个操作。

2025-05-26 22:29:57.425294 - ERROR : send/read tcp data error: Traceback (most recent call last):
  File "G:\tools\anaconda1\.venv\lib\site-packages\PyAibote\Tool\SendTcpData.py", line 25, in SendData
    response = self.StarLoadWait(data)
  File "G:\tools\anaconda1\.venv\lib\site-packages\PyAibote\WindowsBotModel\WinLoadWait.py", line 42, in StarLoadWait
    response = self._Send(data)
  File "G:\tools\anaconda1\.venv\lib\site-packages\PyAibote\WindowsBotModel\WinLoadWait.py", line 21, in _Send
    self.request.sendall(data)
OSError: [WinError 10038] 在一个非套接字上尝试了一个操作。

2025-05-26 22:29:57.427289 - ERROR : send/read tcp data error: Traceback (most recent call last):
  File "G:\tools\anaconda1\.venv\lib\site-packages\PyAibote\Tool\SendTcpData.py", line 25, in SendData
    response = self.StarLoadWait(data)
  File "G:\tools\anaconda1\.venv\lib\site-packages\PyAibote\WindowsBotModel\WinLoadWait.py", line 42, in StarLoadWait
    response = self._Send(data)
  File "G:\tools\anaconda1\.venv\lib\site-packages\PyAibote\WindowsBotModel\WinLoadWait.py", line 21, in _Send
    self.request.sendall(data)
OSError: [WinError 10038] 在一个非套接字上尝试了一个操作。

2025-05-26 22:29:57.429283 - ERROR : send/read tcp data error: Traceback (most recent call last):
  File "G:\tools\anaconda1\.venv\lib\site-packages\PyAibote\Tool\SendTcpData.py", line 25, in SendData
    response = self.StarLoadWait(data)
  File "G:\tools\anaconda1\.venv\lib\site-packages\PyAibote\WindowsBotModel\WinLoadWait.py", line 42, in StarLoadWait
    response = self._Send(data)
  File "G:\tools\anaconda1\.venv\lib\site-packages\PyAibote\WindowsBotModel\WinLoadWait.py", line 21, in _Send
    self.request.sendall(data)
OSError: [WinError 10038] 在一个非套接字上尝试了一个操作。

2025-05-26 22:29:57.431309 - ERROR : send/read tcp data error: Traceback (most recent call last):
  File "G:\tools\anaconda1\.venv\lib\site-packages\PyAibote\Tool\SendTcpData.py", line 25, in SendData
    response = self.StarLoadWait(data)
  File "G:\tools\anaconda1\.venv\lib\site-packages\PyAibote\WindowsBotModel\WinLoadWait.py", line 42, in StarLoadWait
    response = self._Send(data)
  File "G:\tools\anaconda1\.venv\lib\site-packages\PyAibote\WindowsBotModel\WinLoadWait.py", line 21, in _Send
    self.request.sendall(data)
OSError: [WinError 10038] 在一个非套接字上尝试了一个操作。

2025-05-26 22:29:57.433304 - ERROR : send/read tcp data error: Traceback (most recent call last):
  File "G:\tools\anaconda1\.venv\lib\site-packages\PyAibote\Tool\SendTcpData.py", line 25, in SendData
    response = self.StarLoadWait(data)
  File "G:\tools\anaconda1\.venv\lib\site-packages\PyAibote\WindowsBotModel\WinLoadWait.py", line 42, in StarLoadWait
    response = self._Send(data)
  File "G:\tools\anaconda1\.venv\lib\site-packages\PyAibote\WindowsBotModel\WinLoadWait.py", line 21, in _Send
    self.request.sendall(data)
OSError: [WinError 10038] 在一个非套接字上尝试了一个操作。

2025-05-26 22:29:57.435299 - ERROR : send/read tcp data error: Traceback (most recent call last):
  File "G:\tools\anaconda1\.venv\lib\site-packages\PyAibote\Tool\SendTcpData.py", line 25, in SendData
    response = self.StarLoadWait(data)
  File "G:\tools\anaconda1\.venv\lib\site-packages\PyAibote\WindowsBotModel\WinLoadWait.py", line 42, in StarLoadWait
    response = self._Send(data)
  File "G:\tools\anaconda1\.venv\lib\site-packages\PyAibote\WindowsBotModel\WinLoadWait.py", line 21, in _Send
    self.request.sendall(data)
OSError: [WinError 10038] 在一个非套接字上尝试了一个操作。

2025-05-26 22:29:57.437295 - ERROR : send/read tcp data error: Traceback (most recent call last):
  File "G:\tools\anaconda1\.venv\lib\site-packages\PyAibote\Tool\SendTcpData.py", line 25, in SendData
    response = self.StarLoadWait(data)
  File "G:\tools\anaconda1\.venv\lib\site-packages\PyAibote\WindowsBotModel\WinLoadWait.py", line 42, in StarLoadWait
    response = self._Send(data)
  File "G:\tools\anaconda1\.venv\lib\site-packages\PyAibote\WindowsBotModel\WinLoadWait.py", line 21, in _Send
    self.request.sendall(data)
OSError: [WinError 10038] 在一个非套接字上尝试了一个操作。

2025-05-26 22:29:57.439806 - ERROR : send/read tcp data error: Traceback (most recent call last):
  File "G:\tools\anaconda1\.venv\lib\site-packages\PyAibote\Tool\SendTcpData.py", line 25, in SendData
    response = self.StarLoadWait(data)
  File "G:\tools\anaconda1\.venv\lib\site-packages\PyAibote\WindowsBotModel\WinLoadWait.py", line 42, in StarLoadWait
    response = self._Send(data)
  File "G:\tools\anaconda1\.venv\lib\site-packages\PyAibote\WindowsBotModel\WinLoadWait.py", line 21, in _Send
    self.request.sendall(data)
OSError: [WinError 10038] 在一个非套接字上尝试了一个操作。

2025-05-26 22:29:57.442308 - ERROR : send/read tcp data error: Traceback (most recent call last):
  File "G:\tools\anaconda1\.venv\lib\site-packages\PyAibote\Tool\SendTcpData.py", line 25, in SendData
    response = self.StarLoadWait(data)
  File "G:\tools\anaconda1\.venv\lib\site-packages\PyAibote\WindowsBotModel\WinLoadWait.py", line 42, in StarLoadWait
    response = self._Send(data)
  File "G:\tools\anaconda1\.venv\lib\site-packages\PyAibote\WindowsBotModel\WinLoadWait.py", line 21, in _Send
    self.request.sendall(data)
OSError: [WinError 10038] 在一个非套接字上尝试了一个操作。

2025-05-26 22:29:57.444303 - ERROR : send/read tcp data error: Traceback (most recent call last):
  File "G:\tools\anaconda1\.venv\lib\site-packages\PyAibote\Tool\SendTcpData.py", line 25, in SendData
    response = self.StarLoadWait(data)
  File "G:\tools\anaconda1\.venv\lib\site-packages\PyAibote\WindowsBotModel\WinLoadWait.py", line 42, in StarLoadWait
    response = self._Send(data)
  File "G:\tools\anaconda1\.venv\lib\site-packages\PyAibote\WindowsBotModel\WinLoadWait.py", line 21, in _Send
    self.request.sendall(data)
OSError: [WinError 10038] 在一个非套接字上尝试了一个操作。

2025-05-26 22:29:57.446298 - ERROR : send/read tcp data error: Traceback (most recent call last):
  File "G:\tools\anaconda1\.venv\lib\site-packages\PyAibote\Tool\SendTcpData.py", line 25, in SendData
    response = self.StarLoadWait(data)
  File "G:\tools\anaconda1\.venv\lib\site-packages\PyAibote\WindowsBotModel\WinLoadWait.py", line 42, in StarLoadWait
    response = self._Send(data)
  File "G:\tools\anaconda1\.venv\lib\site-packages\PyAibote\WindowsBotModel\WinLoadWait.py", line 21, in _Send
    self.request.sendall(data)
OSError: [WinError 10038] 在一个非套接字上尝试了一个操作。

2025-05-26 22:29:57.449290 - ERROR : send/read tcp data error: Traceback (most recent call last):
  File "G:\tools\anaconda1\.venv\lib\site-packages\PyAibote\Tool\SendTcpData.py", line 25, in SendData
    response = self.StarLoadWait(data)
  File "G:\tools\anaconda1\.venv\lib\site-packages\PyAibote\WindowsBotModel\WinLoadWait.py", line 42, in StarLoadWait
    response = self._Send(data)
  File "G:\tools\anaconda1\.venv\lib\site-packages\PyAibote\WindowsBotModel\WinLoadWait.py", line 21, in _Send
    self.request.sendall(data)
OSError: [WinError 10038] 在一个非套接字上尝试了一个操作。

2025-05-26 22:29:57.452312 - ERROR : send/read tcp data error: Traceback (most recent call last):
  File "G:\tools\anaconda1\.venv\lib\site-packages\PyAibote\Tool\SendTcpData.py", line 25, in SendData
    response = self.StarLoadWait(data)
  File "G:\tools\anaconda1\.venv\lib\site-packages\PyAibote\WindowsBotModel\WinLoadWait.py", line 42, in StarLoadWait
    response = self._Send(data)
  File "G:\tools\anaconda1\.venv\lib\site-packages\PyAibote\WindowsBotModel\WinLoadWait.py", line 21, in _Send
    self.request.sendall(data)
OSError: [WinError 10038] 在一个非套接字上尝试了一个操作。

2025-05-26 22:29:57.454307 - ERROR : send/read tcp data error: Traceback (most recent call last):
  File "G:\tools\anaconda1\.venv\lib\site-packages\PyAibote\Tool\SendTcpData.py", line 25, in SendData
    response = self.StarLoadWait(data)
  File "G:\tools\anaconda1\.venv\lib\site-packages\PyAibote\WindowsBotModel\WinLoadWait.py", line 42, in StarLoadWait
    response = self._Send(data)
  File "G:\tools\anaconda1\.venv\lib\site-packages\PyAibote\WindowsBotModel\WinLoadWait.py", line 21, in _Send
    self.request.sendall(data)
OSError: [WinError 10038] 在一个非套接字上尝试了一个操作。

2025-05-26 22:29:57.456303 - ERROR : send/read tcp data error: Traceback (most recent call last):
  File "G:\tools\anaconda1\.venv\lib\site-packages\PyAibote\Tool\SendTcpData.py", line 25, in SendData
    response = self.StarLoadWait(data)
  File "G:\tools\anaconda1\.venv\lib\site-packages\PyAibote\WindowsBotModel\WinLoadWait.py", line 42, in StarLoadWait
    response = self._Send(data)
  File "G:\tools\anaconda1\.venv\lib\site-packages\PyAibote\WindowsBotModel\WinLoadWait.py", line 21, in _Send
    self.request.sendall(data)
OSError: [WinError 10038] 在一个非套接字上尝试了一个操作。

2025-05-26 22:29:57.459295 - ERROR : send/read tcp data error: Traceback (most recent call last):
  File "G:\tools\anaconda1\.venv\lib\site-packages\PyAibote\Tool\SendTcpData.py", line 25, in SendData
    response = self.StarLoadWait(data)
  File "G:\tools\anaconda1\.venv\lib\site-packages\PyAibote\WindowsBotModel\WinLoadWait.py", line 42, in StarLoadWait
    response = self._Send(data)
  File "G:\tools\anaconda1\.venv\lib\site-packages\PyAibote\WindowsBotModel\WinLoadWait.py", line 21, in _Send
    self.request.sendall(data)
OSError: [WinError 10038] 在一个非套接字上尝试了一个操作。

2025-05-26 22:29:57.461323 - ERROR : send/read tcp data error: Traceback (most recent call last):
  File "G:\tools\anaconda1\.venv\lib\site-packages\PyAibote\Tool\SendTcpData.py", line 25, in SendData
    response = self.StarLoadWait(data)
  File "G:\tools\anaconda1\.venv\lib\site-packages\PyAibote\WindowsBotModel\WinLoadWait.py", line 42, in StarLoadWait
    response = self._Send(data)
  File "G:\tools\anaconda1\.venv\lib\site-packages\PyAibote\WindowsBotModel\WinLoadWait.py", line 21, in _Send
    self.request.sendall(data)
OSError: [WinError 10038] 在一个非套接字上尝试了一个操作。

2025-05-26 22:29:57.463318 - ERROR : send/read tcp data error: Traceback (most recent call last):
  File "G:\tools\anaconda1\.venv\lib\site-packages\PyAibote\Tool\SendTcpData.py", line 25, in SendData
    response = self.StarLoadWait(data)
  File "G:\tools\anaconda1\.venv\lib\site-packages\PyAibote\WindowsBotModel\WinLoadWait.py", line 42, in StarLoadWait
    response = self._Send(data)
  File "G:\tools\anaconda1\.venv\lib\site-packages\PyAibote\WindowsBotModel\WinLoadWait.py", line 21, in _Send
    self.request.sendall(data)
OSError: [WinError 10038] 在一个非套接字上尝试了一个操作。

2025-05-26 22:29:57.466311 - ERROR : send/read tcp data error: Traceback (most recent call last):
  File "G:\tools\anaconda1\.venv\lib\site-packages\PyAibote\Tool\SendTcpData.py", line 25, in SendData
    response = self.StarLoadWait(data)
  File "G:\tools\anaconda1\.venv\lib\site-packages\PyAibote\WindowsBotModel\WinLoadWait.py", line 42, in StarLoadWait
    response = self._Send(data)
  File "G:\tools\anaconda1\.venv\lib\site-packages\PyAibote\WindowsBotModel\WinLoadWait.py", line 21, in _Send
    self.request.sendall(data)
OSError: [WinError 10038] 在一个非套接字上尝试了一个操作。

2025-05-26 22:29:57.468305 - ERROR : send/read tcp data error: Traceback (most recent call last):
  File "G:\tools\anaconda1\.venv\lib\site-packages\PyAibote\Tool\SendTcpData.py", line 25, in SendData
    response = self.StarLoadWait(data)
  File "G:\tools\anaconda1\.venv\lib\site-packages\PyAibote\WindowsBotModel\WinLoadWait.py", line 42, in StarLoadWait
    response = self._Send(data)
  File "G:\tools\anaconda1\.venv\lib\site-packages\PyAibote\WindowsBotModel\WinLoadWait.py", line 21, in _Send
    self.request.sendall(data)
OSError: [WinError 10038] 在一个非套接字上尝试了一个操作。

2025-05-26 22:29:57.470341 - ERROR : send/read tcp data error: Traceback (most recent call last):
  File "G:\tools\anaconda1\.venv\lib\site-packages\PyAibote\Tool\SendTcpData.py", line 25, in SendData
    response = self.StarLoadWait(data)
  File "G:\tools\anaconda1\.venv\lib\site-packages\PyAibote\WindowsBotModel\WinLoadWait.py", line 42, in StarLoadWait
    response = self._Send(data)
  File "G:\tools\anaconda1\.venv\lib\site-packages\PyAibote\WindowsBotModel\WinLoadWait.py", line 21, in _Send
    self.request.sendall(data)
OSError: [WinError 10038] 在一个非套接字上尝试了一个操作。

2025-05-26 22:29:57.473321 - ERROR : send/read tcp data error: Traceback (most recent call last):
  File "G:\tools\anaconda1\.venv\lib\site-packages\PyAibote\Tool\SendTcpData.py", line 25, in SendData
    response = self.StarLoadWait(data)
  File "G:\tools\anaconda1\.venv\lib\site-packages\PyAibote\WindowsBotModel\WinLoadWait.py", line 42, in StarLoadWait
    response = self._Send(data)
  File "G:\tools\anaconda1\.venv\lib\site-packages\PyAibote\WindowsBotModel\WinLoadWait.py", line 21, in _Send
    self.request.sendall(data)
OSError: [WinError 10038] 在一个非套接字上尝试了一个操作。

2025-05-26 22:29:57.476314 - ERROR : send/read tcp data error: Traceback (most recent call last):
  File "G:\tools\anaconda1\.venv\lib\site-packages\PyAibote\Tool\SendTcpData.py", line 25, in SendData
    response = self.StarLoadWait(data)
  File "G:\tools\anaconda1\.venv\lib\site-packages\PyAibote\WindowsBotModel\WinLoadWait.py", line 42, in StarLoadWait
    response = self._Send(data)
  File "G:\tools\anaconda1\.venv\lib\site-packages\PyAibote\WindowsBotModel\WinLoadWait.py", line 21, in _Send
    self.request.sendall(data)
OSError: [WinError 10038] 在一个非套接字上尝试了一个操作。

2025-05-26 22:29:57.478309 - ERROR : send/read tcp data error: Traceback (most recent call last):
  File "G:\tools\anaconda1\.venv\lib\site-packages\PyAibote\Tool\SendTcpData.py", line 25, in SendData
    response = self.StarLoadWait(data)
  File "G:\tools\anaconda1\.venv\lib\site-packages\PyAibote\WindowsBotModel\WinLoadWait.py", line 42, in StarLoadWait
    response = self._Send(data)
  File "G:\tools\anaconda1\.venv\lib\site-packages\PyAibote\WindowsBotModel\WinLoadWait.py", line 21, in _Send
    self.request.sendall(data)
OSError: [WinError 10038] 在一个非套接字上尝试了一个操作。

2025-05-26 22:29:57.480347 - ERROR : send/read tcp data error: Traceback (most recent call last):
  File "G:\tools\anaconda1\.venv\lib\site-packages\PyAibote\Tool\SendTcpData.py", line 25, in SendData
    response = self.StarLoadWait(data)
  File "G:\tools\anaconda1\.venv\lib\site-packages\PyAibote\WindowsBotModel\WinLoadWait.py", line 42, in StarLoadWait
    response = self._Send(data)
  File "G:\tools\anaconda1\.venv\lib\site-packages\PyAibote\WindowsBotModel\WinLoadWait.py", line 21, in _Send
    self.request.sendall(data)
OSError: [WinError 10038] 在一个非套接字上尝试了一个操作。

2025-05-26 22:29:57.483326 - ERROR : send/read tcp data error: Traceback (most recent call last):
  File "G:\tools\anaconda1\.venv\lib\site-packages\PyAibote\Tool\SendTcpData.py", line 25, in SendData
    response = self.StarLoadWait(data)
  File "G:\tools\anaconda1\.venv\lib\site-packages\PyAibote\WindowsBotModel\WinLoadWait.py", line 42, in StarLoadWait
    response = self._Send(data)
  File "G:\tools\anaconda1\.venv\lib\site-packages\PyAibote\WindowsBotModel\WinLoadWait.py", line 21, in _Send
    self.request.sendall(data)
OSError: [WinError 10038] 在一个非套接字上尝试了一个操作。

2025-05-26 22:29:57.485321 - ERROR : send/read tcp data error: Traceback (most recent call last):
  File "G:\tools\anaconda1\.venv\lib\site-packages\PyAibote\Tool\SendTcpData.py", line 25, in SendData
    response = self.StarLoadWait(data)
  File "G:\tools\anaconda1\.venv\lib\site-packages\PyAibote\WindowsBotModel\WinLoadWait.py", line 42, in StarLoadWait
    response = self._Send(data)
  File "G:\tools\anaconda1\.venv\lib\site-packages\PyAibote\WindowsBotModel\WinLoadWait.py", line 21, in _Send
    self.request.sendall(data)
OSError: [WinError 10038] 在一个非套接字上尝试了一个操作。

2025-05-26 22:29:57.487316 - ERROR : send/read tcp data error: Traceback (most recent call last):
  File "G:\tools\anaconda1\.venv\lib\site-packages\PyAibote\Tool\SendTcpData.py", line 25, in SendData
    response = self.StarLoadWait(data)
  File "G:\tools\anaconda1\.venv\lib\site-packages\PyAibote\WindowsBotModel\WinLoadWait.py", line 42, in StarLoadWait
    response = self._Send(data)
  File "G:\tools\anaconda1\.venv\lib\site-packages\PyAibote\WindowsBotModel\WinLoadWait.py", line 21, in _Send
    self.request.sendall(data)
OSError: [WinError 10038] 在一个非套接字上尝试了一个操作。

2025-05-26 22:29:57.489311 - ERROR : send/read tcp data error: Traceback (most recent call last):
  File "G:\tools\anaconda1\.venv\lib\site-packages\PyAibote\Tool\SendTcpData.py", line 25, in SendData
    response = self.StarLoadWait(data)
  File "G:\tools\anaconda1\.venv\lib\site-packages\PyAibote\WindowsBotModel\WinLoadWait.py", line 42, in StarLoadWait
    response = self._Send(data)
  File "G:\tools\anaconda1\.venv\lib\site-packages\PyAibote\WindowsBotModel\WinLoadWait.py", line 21, in _Send
    self.request.sendall(data)
OSError: [WinError 10038] 在一个非套接字上尝试了一个操作。

2025-05-26 22:29:57.492378 - ERROR : send/read tcp data error: Traceback (most recent call last):
  File "G:\tools\anaconda1\.venv\lib\site-packages\PyAibote\Tool\SendTcpData.py", line 25, in SendData
    response = self.StarLoadWait(data)
  File "G:\tools\anaconda1\.venv\lib\site-packages\PyAibote\WindowsBotModel\WinLoadWait.py", line 42, in StarLoadWait
    response = self._Send(data)
  File "G:\tools\anaconda1\.venv\lib\site-packages\PyAibote\WindowsBotModel\WinLoadWait.py", line 21, in _Send
    self.request.sendall(data)
OSError: [WinError 10038] 在一个非套接字上尝试了一个操作。

2025-05-26 22:29:57.494373 - ERROR : send/read tcp data error: Traceback (most recent call last):
  File "G:\tools\anaconda1\.venv\lib\site-packages\PyAibote\Tool\SendTcpData.py", line 25, in SendData
    response = self.StarLoadWait(data)
  File "G:\tools\anaconda1\.venv\lib\site-packages\PyAibote\WindowsBotModel\WinLoadWait.py", line 42, in StarLoadWait
    response = self._Send(data)
  File "G:\tools\anaconda1\.venv\lib\site-packages\PyAibote\WindowsBotModel\WinLoadWait.py", line 21, in _Send
    self.request.sendall(data)
OSError: [WinError 10038] 在一个非套接字上尝试了一个操作。

2025-05-26 22:29:57.497365 - ERROR : send/read tcp data error: Traceback (most recent call last):
  File "G:\tools\anaconda1\.venv\lib\site-packages\PyAibote\Tool\SendTcpData.py", line 25, in SendData
    response = self.StarLoadWait(data)
  File "G:\tools\anaconda1\.venv\lib\site-packages\PyAibote\WindowsBotModel\WinLoadWait.py", line 42, in StarLoadWait
    response = self._Send(data)
  File "G:\tools\anaconda1\.venv\lib\site-packages\PyAibote\WindowsBotModel\WinLoadWait.py", line 21, in _Send
    self.request.sendall(data)
OSError: [WinError 10038] 在一个非套接字上尝试了一个操作。

2025-05-26 22:29:57.500357 - ERROR : send/read tcp data error: Traceback (most recent call last):
  File "G:\tools\anaconda1\.venv\lib\site-packages\PyAibote\Tool\SendTcpData.py", line 25, in SendData
    response = self.StarLoadWait(data)
  File "G:\tools\anaconda1\.venv\lib\site-packages\PyAibote\WindowsBotModel\WinLoadWait.py", line 42, in StarLoadWait
    response = self._Send(data)
  File "G:\tools\anaconda1\.venv\lib\site-packages\PyAibote\WindowsBotModel\WinLoadWait.py", line 21, in _Send
    self.request.sendall(data)
OSError: [WinError 10038] 在一个非套接字上尝试了一个操作。

2025-05-26 22:29:57.502352 - ERROR : send/read tcp data error: Traceback (most recent call last):
  File "G:\tools\anaconda1\.venv\lib\site-packages\PyAibote\Tool\SendTcpData.py", line 25, in SendData
    response = self.StarLoadWait(data)
  File "G:\tools\anaconda1\.venv\lib\site-packages\PyAibote\WindowsBotModel\WinLoadWait.py", line 42, in StarLoadWait
    response = self._Send(data)
  File "G:\tools\anaconda1\.venv\lib\site-packages\PyAibote\WindowsBotModel\WinLoadWait.py", line 21, in _Send
    self.request.sendall(data)
OSError: [WinError 10038] 在一个非套接字上尝试了一个操作。

2025-05-26 22:29:57.504347 - ERROR : send/read tcp data error: Traceback (most recent call last):
  File "G:\tools\anaconda1\.venv\lib\site-packages\PyAibote\Tool\SendTcpData.py", line 25, in SendData
    response = self.StarLoadWait(data)
  File "G:\tools\anaconda1\.venv\lib\site-packages\PyAibote\WindowsBotModel\WinLoadWait.py", line 42, in StarLoadWait
    response = self._Send(data)
  File "G:\tools\anaconda1\.venv\lib\site-packages\PyAibote\WindowsBotModel\WinLoadWait.py", line 21, in _Send
    self.request.sendall(data)
OSError: [WinError 10038] 在一个非套接字上尝试了一个操作。

2025-05-26 22:29:57.512357 - ERROR : send/read tcp data error: Traceback (most recent call last):
  File "G:\tools\anaconda1\.venv\lib\site-packages\PyAibote\Tool\SendTcpData.py", line 25, in SendData
    response = self.StarLoadWait(data)
  File "G:\tools\anaconda1\.venv\lib\site-packages\PyAibote\WindowsBotModel\WinLoadWait.py", line 42, in StarLoadWait
    response = self._Send(data)
  File "G:\tools\anaconda1\.venv\lib\site-packages\PyAibote\WindowsBotModel\WinLoadWait.py", line 21, in _Send
    self.request.sendall(data)
OSError: [WinError 10038] 在一个非套接字上尝试了一个操作。

2025-05-26 22:29:57.515349 - ERROR : send/read tcp data error: Traceback (most recent call last):
  File "G:\tools\anaconda1\.venv\lib\site-packages\PyAibote\Tool\SendTcpData.py", line 25, in SendData
    response = self.StarLoadWait(data)
  File "G:\tools\anaconda1\.venv\lib\site-packages\PyAibote\WindowsBotModel\WinLoadWait.py", line 42, in StarLoadWait
    response = self._Send(data)
  File "G:\tools\anaconda1\.venv\lib\site-packages\PyAibote\WindowsBotModel\WinLoadWait.py", line 21, in _Send
    self.request.sendall(data)
OSError: [WinError 10038] 在一个非套接字上尝试了一个操作。

2025-05-26 22:29:57.517343 - ERROR : send/read tcp data error: Traceback (most recent call last):
  File "G:\tools\anaconda1\.venv\lib\site-packages\PyAibote\Tool\SendTcpData.py", line 25, in SendData
    response = self.StarLoadWait(data)
  File "G:\tools\anaconda1\.venv\lib\site-packages\PyAibote\WindowsBotModel\WinLoadWait.py", line 42, in StarLoadWait
    response = self._Send(data)
  File "G:\tools\anaconda1\.venv\lib\site-packages\PyAibote\WindowsBotModel\WinLoadWait.py", line 21, in _Send
    self.request.sendall(data)
OSError: [WinError 10038] 在一个非套接字上尝试了一个操作。

2025-05-26 22:29:57.520379 - ERROR : send/read tcp data error: Traceback (most recent call last):
  File "G:\tools\anaconda1\.venv\lib\site-packages\PyAibote\Tool\SendTcpData.py", line 25, in SendData
    response = self.StarLoadWait(data)
  File "G:\tools\anaconda1\.venv\lib\site-packages\PyAibote\WindowsBotModel\WinLoadWait.py", line 42, in StarLoadWait
    response = self._Send(data)
  File "G:\tools\anaconda1\.venv\lib\site-packages\PyAibote\WindowsBotModel\WinLoadWait.py", line 21, in _Send
    self.request.sendall(data)
OSError: [WinError 10038] 在一个非套接字上尝试了一个操作。

2025-05-26 22:29:57.522363 - ERROR : send/read tcp data error: Traceback (most recent call last):
  File "G:\tools\anaconda1\.venv\lib\site-packages\PyAibote\Tool\SendTcpData.py", line 25, in SendData
    response = self.StarLoadWait(data)
  File "G:\tools\anaconda1\.venv\lib\site-packages\PyAibote\WindowsBotModel\WinLoadWait.py", line 42, in StarLoadWait
    response = self._Send(data)
  File "G:\tools\anaconda1\.venv\lib\site-packages\PyAibote\WindowsBotModel\WinLoadWait.py", line 21, in _Send
    self.request.sendall(data)
OSError: [WinError 10038] 在一个非套接字上尝试了一个操作。

2025-05-26 22:29:57.524358 - ERROR : send/read tcp data error: Traceback (most recent call last):
  File "G:\tools\anaconda1\.venv\lib\site-packages\PyAibote\Tool\SendTcpData.py", line 25, in SendData
    response = self.StarLoadWait(data)
  File "G:\tools\anaconda1\.venv\lib\site-packages\PyAibote\WindowsBotModel\WinLoadWait.py", line 42, in StarLoadWait
    response = self._Send(data)
  File "G:\tools\anaconda1\.venv\lib\site-packages\PyAibote\WindowsBotModel\WinLoadWait.py", line 21, in _Send
    self.request.sendall(data)
OSError: [WinError 10038] 在一个非套接字上尝试了一个操作。

2025-05-26 22:29:57.526353 - ERROR : send/read tcp data error: Traceback (most recent call last):
  File "G:\tools\anaconda1\.venv\lib\site-packages\PyAibote\Tool\SendTcpData.py", line 25, in SendData
    response = self.StarLoadWait(data)
  File "G:\tools\anaconda1\.venv\lib\site-packages\PyAibote\WindowsBotModel\WinLoadWait.py", line 42, in StarLoadWait
    response = self._Send(data)
  File "G:\tools\anaconda1\.venv\lib\site-packages\PyAibote\WindowsBotModel\WinLoadWait.py", line 21, in _Send
    self.request.sendall(data)
OSError: [WinError 10038] 在一个非套接字上尝试了一个操作。

2025-05-26 22:29:57.529345 - ERROR : send/read tcp data error: Traceback (most recent call last):
  File "G:\tools\anaconda1\.venv\lib\site-packages\PyAibote\Tool\SendTcpData.py", line 25, in SendData
    response = self.StarLoadWait(data)
  File "G:\tools\anaconda1\.venv\lib\site-packages\PyAibote\WindowsBotModel\WinLoadWait.py", line 42, in StarLoadWait
    response = self._Send(data)
  File "G:\tools\anaconda1\.venv\lib\site-packages\PyAibote\WindowsBotModel\WinLoadWait.py", line 21, in _Send
    self.request.sendall(data)
OSError: [WinError 10038] 在一个非套接字上尝试了一个操作。

2025-05-26 22:29:57.531340 - ERROR : send/read tcp data error: Traceback (most recent call last):
  File "G:\tools\anaconda1\.venv\lib\site-packages\PyAibote\Tool\SendTcpData.py", line 25, in SendData
    response = self.StarLoadWait(data)
  File "G:\tools\anaconda1\.venv\lib\site-packages\PyAibote\WindowsBotModel\WinLoadWait.py", line 42, in StarLoadWait
    response = self._Send(data)
  File "G:\tools\anaconda1\.venv\lib\site-packages\PyAibote\WindowsBotModel\WinLoadWait.py", line 21, in _Send
    self.request.sendall(data)
OSError: [WinError 10038] 在一个非套接字上尝试了一个操作。

2025-05-26 22:29:57.533335 - ERROR : send/read tcp data error: Traceback (most recent call last):
  File "G:\tools\anaconda1\.venv\lib\site-packages\PyAibote\Tool\SendTcpData.py", line 25, in SendData
    response = self.StarLoadWait(data)
  File "G:\tools\anaconda1\.venv\lib\site-packages\PyAibote\WindowsBotModel\WinLoadWait.py", line 42, in StarLoadWait
    response = self._Send(data)
  File "G:\tools\anaconda1\.venv\lib\site-packages\PyAibote\WindowsBotModel\WinLoadWait.py", line 21, in _Send
    self.request.sendall(data)
OSError: [WinError 10038] 在一个非套接字上尝试了一个操作。

2025-05-26 22:29:57.535330 - ERROR : send/read tcp data error: Traceback (most recent call last):
  File "G:\tools\anaconda1\.venv\lib\site-packages\PyAibote\Tool\SendTcpData.py", line 25, in SendData
    response = self.StarLoadWait(data)
  File "G:\tools\anaconda1\.venv\lib\site-packages\PyAibote\WindowsBotModel\WinLoadWait.py", line 42, in StarLoadWait
    response = self._Send(data)
  File "G:\tools\anaconda1\.venv\lib\site-packages\PyAibote\WindowsBotModel\WinLoadWait.py", line 21, in _Send
    self.request.sendall(data)
OSError: [WinError 10038] 在一个非套接字上尝试了一个操作。

2025-05-26 22:29:57.537325 - ERROR : send/read tcp data error: Traceback (most recent call last):
  File "G:\tools\anaconda1\.venv\lib\site-packages\PyAibote\Tool\SendTcpData.py", line 25, in SendData
    response = self.StarLoadWait(data)
  File "G:\tools\anaconda1\.venv\lib\site-packages\PyAibote\WindowsBotModel\WinLoadWait.py", line 42, in StarLoadWait
    response = self._Send(data)
  File "G:\tools\anaconda1\.venv\lib\site-packages\PyAibote\WindowsBotModel\WinLoadWait.py", line 21, in _Send
    self.request.sendall(data)
OSError: [WinError 10038] 在一个非套接字上尝试了一个操作。

2025-05-26 22:29:57.540350 - ERROR : send/read tcp data error: Traceback (most recent call last):
  File "G:\tools\anaconda1\.venv\lib\site-packages\PyAibote\Tool\SendTcpData.py", line 25, in SendData
    response = self.StarLoadWait(data)
  File "G:\tools\anaconda1\.venv\lib\site-packages\PyAibote\WindowsBotModel\WinLoadWait.py", line 42, in StarLoadWait
    response = self._Send(data)
  File "G:\tools\anaconda1\.venv\lib\site-packages\PyAibote\WindowsBotModel\WinLoadWait.py", line 21, in _Send
    self.request.sendall(data)
OSError: [WinError 10038] 在一个非套接字上尝试了一个操作。

2025-05-26 22:29:57.542337 - ERROR : send/read tcp data error: Traceback (most recent call last):
  File "G:\tools\anaconda1\.venv\lib\site-packages\PyAibote\Tool\SendTcpData.py", line 25, in SendData
    response = self.StarLoadWait(data)
  File "G:\tools\anaconda1\.venv\lib\site-packages\PyAibote\WindowsBotModel\WinLoadWait.py", line 42, in StarLoadWait
    response = self._Send(data)
  File "G:\tools\anaconda1\.venv\lib\site-packages\PyAibote\WindowsBotModel\WinLoadWait.py", line 21, in _Send
    self.request.sendall(data)
OSError: [WinError 10038] 在一个非套接字上尝试了一个操作。

2025-05-26 22:29:57.545330 - ERROR : send/read tcp data error: Traceback (most recent call last):
  File "G:\tools\anaconda1\.venv\lib\site-packages\PyAibote\Tool\SendTcpData.py", line 25, in SendData
    response = self.StarLoadWait(data)
  File "G:\tools\anaconda1\.venv\lib\site-packages\PyAibote\WindowsBotModel\WinLoadWait.py", line 42, in StarLoadWait
    response = self._Send(data)
  File "G:\tools\anaconda1\.venv\lib\site-packages\PyAibote\WindowsBotModel\WinLoadWait.py", line 21, in _Send
    self.request.sendall(data)
OSError: [WinError 10038] 在一个非套接字上尝试了一个操作。

2025-05-26 22:29:57.547325 - ERROR : send/read tcp data error: Traceback (most recent call last):
  File "G:\tools\anaconda1\.venv\lib\site-packages\PyAibote\Tool\SendTcpData.py", line 25, in SendData
    response = self.StarLoadWait(data)
  File "G:\tools\anaconda1\.venv\lib\site-packages\PyAibote\WindowsBotModel\WinLoadWait.py", line 42, in StarLoadWait
    response = self._Send(data)
  File "G:\tools\anaconda1\.venv\lib\site-packages\PyAibote\WindowsBotModel\WinLoadWait.py", line 21, in _Send
    self.request.sendall(data)
OSError: [WinError 10038] 在一个非套接字上尝试了一个操作。

2025-05-26 22:29:57.549838 - ERROR : send/read tcp data error: Traceback (most recent call last):
  File "G:\tools\anaconda1\.venv\lib\site-packages\PyAibote\Tool\SendTcpData.py", line 25, in SendData
    response = self.StarLoadWait(data)
  File "G:\tools\anaconda1\.venv\lib\site-packages\PyAibote\WindowsBotModel\WinLoadWait.py", line 42, in StarLoadWait
    response = self._Send(data)
  File "G:\tools\anaconda1\.venv\lib\site-packages\PyAibote\WindowsBotModel\WinLoadWait.py", line 21, in _Send
    self.request.sendall(data)
OSError: [WinError 10038] 在一个非套接字上尝试了一个操作。

2025-05-26 22:29:57.551343 - ERROR : send/read tcp data error: Traceback (most recent call last):
  File "G:\tools\anaconda1\.venv\lib\site-packages\PyAibote\Tool\SendTcpData.py", line 25, in SendData
    response = self.StarLoadWait(data)
  File "G:\tools\anaconda1\.venv\lib\site-packages\PyAibote\WindowsBotModel\WinLoadWait.py", line 42, in StarLoadWait
    response = self._Send(data)
  File "G:\tools\anaconda1\.venv\lib\site-packages\PyAibote\WindowsBotModel\WinLoadWait.py", line 21, in _Send
    self.request.sendall(data)
OSError: [WinError 10038] 在一个非套接字上尝试了一个操作。

2025-05-26 22:29:57.553338 - ERROR : send/read tcp data error: Traceback (most recent call last):
  File "G:\tools\anaconda1\.venv\lib\site-packages\PyAibote\Tool\SendTcpData.py", line 25, in SendData
    response = self.StarLoadWait(data)
  File "G:\tools\anaconda1\.venv\lib\site-packages\PyAibote\WindowsBotModel\WinLoadWait.py", line 42, in StarLoadWait
    response = self._Send(data)
  File "G:\tools\anaconda1\.venv\lib\site-packages\PyAibote\WindowsBotModel\WinLoadWait.py", line 21, in _Send
    self.request.sendall(data)
OSError: [WinError 10038] 在一个非套接字上尝试了一个操作。

2025-05-26 22:29:57.556330 - ERROR : send/read tcp data error: Traceback (most recent call last):
  File "G:\tools\anaconda1\.venv\lib\site-packages\PyAibote\Tool\SendTcpData.py", line 25, in SendData
    response = self.StarLoadWait(data)
  File "G:\tools\anaconda1\.venv\lib\site-packages\PyAibote\WindowsBotModel\WinLoadWait.py", line 42, in StarLoadWait
    response = self._Send(data)
  File "G:\tools\anaconda1\.venv\lib\site-packages\PyAibote\WindowsBotModel\WinLoadWait.py", line 21, in _Send
    self.request.sendall(data)
OSError: [WinError 10038] 在一个非套接字上尝试了一个操作。

2025-05-26 22:29:57.558325 - ERROR : send/read tcp data error: Traceback (most recent call last):
  File "G:\tools\anaconda1\.venv\lib\site-packages\PyAibote\Tool\SendTcpData.py", line 25, in SendData
    response = self.StarLoadWait(data)
  File "G:\tools\anaconda1\.venv\lib\site-packages\PyAibote\WindowsBotModel\WinLoadWait.py", line 42, in StarLoadWait
    response = self._Send(data)
  File "G:\tools\anaconda1\.venv\lib\site-packages\PyAibote\WindowsBotModel\WinLoadWait.py", line 21, in _Send
    self.request.sendall(data)
OSError: [WinError 10038] 在一个非套接字上尝试了一个操作。

2025-05-26 22:29:57.560354 - ERROR : send/read tcp data error: Traceback (most recent call last):
  File "G:\tools\anaconda1\.venv\lib\site-packages\PyAibote\Tool\SendTcpData.py", line 25, in SendData
    response = self.StarLoadWait(data)
  File "G:\tools\anaconda1\.venv\lib\site-packages\PyAibote\WindowsBotModel\WinLoadWait.py", line 42, in StarLoadWait
    response = self._Send(data)
  File "G:\tools\anaconda1\.venv\lib\site-packages\PyAibote\WindowsBotModel\WinLoadWait.py", line 21, in _Send
    self.request.sendall(data)
OSError: [WinError 10038] 在一个非套接字上尝试了一个操作。

2025-05-26 22:29:57.563337 - ERROR : send/read tcp data error: Traceback (most recent call last):
  File "G:\tools\anaconda1\.venv\lib\site-packages\PyAibote\Tool\SendTcpData.py", line 25, in SendData
    response = self.StarLoadWait(data)
  File "G:\tools\anaconda1\.venv\lib\site-packages\PyAibote\WindowsBotModel\WinLoadWait.py", line 42, in StarLoadWait
    response = self._Send(data)
  File "G:\tools\anaconda1\.venv\lib\site-packages\PyAibote\WindowsBotModel\WinLoadWait.py", line 21, in _Send
    self.request.sendall(data)
OSError: [WinError 10038] 在一个非套接字上尝试了一个操作。

2025-05-26 22:29:57.565332 - ERROR : send/read tcp data error: Traceback (most recent call last):
  File "G:\tools\anaconda1\.venv\lib\site-packages\PyAibote\Tool\SendTcpData.py", line 25, in SendData
    response = self.StarLoadWait(data)
  File "G:\tools\anaconda1\.venv\lib\site-packages\PyAibote\WindowsBotModel\WinLoadWait.py", line 42, in StarLoadWait
    response = self._Send(data)
  File "G:\tools\anaconda1\.venv\lib\site-packages\PyAibote\WindowsBotModel\WinLoadWait.py", line 21, in _Send
    self.request.sendall(data)
OSError: [WinError 10038] 在一个非套接字上尝试了一个操作。

2025-05-26 22:29:57.567327 - ERROR : send/read tcp data error: Traceback (most recent call last):
  File "G:\tools\anaconda1\.venv\lib\site-packages\PyAibote\Tool\SendTcpData.py", line 25, in SendData
    response = self.StarLoadWait(data)
  File "G:\tools\anaconda1\.venv\lib\site-packages\PyAibote\WindowsBotModel\WinLoadWait.py", line 42, in StarLoadWait
    response = self._Send(data)
  File "G:\tools\anaconda1\.venv\lib\site-packages\PyAibote\WindowsBotModel\WinLoadWait.py", line 21, in _Send
    self.request.sendall(data)
OSError: [WinError 10038] 在一个非套接字上尝试了一个操作。

2025-05-26 22:29:57.570355 - ERROR : send/read tcp data error: Traceback (most recent call last):
  File "G:\tools\anaconda1\.venv\lib\site-packages\PyAibote\Tool\SendTcpData.py", line 25, in SendData
    response = self.StarLoadWait(data)
  File "G:\tools\anaconda1\.venv\lib\site-packages\PyAibote\WindowsBotModel\WinLoadWait.py", line 42, in StarLoadWait
    response = self._Send(data)
  File "G:\tools\anaconda1\.venv\lib\site-packages\PyAibote\WindowsBotModel\WinLoadWait.py", line 21, in _Send
    self.request.sendall(data)
OSError: [WinError 10038] 在一个非套接字上尝试了一个操作。

2025-05-26 22:29:57.572341 - ERROR : send/read tcp data error: Traceback (most recent call last):
  File "G:\tools\anaconda1\.venv\lib\site-packages\PyAibote\Tool\SendTcpData.py", line 25, in SendData
    response = self.StarLoadWait(data)
  File "G:\tools\anaconda1\.venv\lib\site-packages\PyAibote\WindowsBotModel\WinLoadWait.py", line 42, in StarLoadWait
    response = self._Send(data)
  File "G:\tools\anaconda1\.venv\lib\site-packages\PyAibote\WindowsBotModel\WinLoadWait.py", line 21, in _Send
    self.request.sendall(data)
OSError: [WinError 10038] 在一个非套接字上尝试了一个操作。

2025-05-26 22:29:57.575334 - ERROR : send/read tcp data error: Traceback (most recent call last):
  File "G:\tools\anaconda1\.venv\lib\site-packages\PyAibote\Tool\SendTcpData.py", line 25, in SendData
    response = self.StarLoadWait(data)
  File "G:\tools\anaconda1\.venv\lib\site-packages\PyAibote\WindowsBotModel\WinLoadWait.py", line 42, in StarLoadWait
    response = self._Send(data)
  File "G:\tools\anaconda1\.venv\lib\site-packages\PyAibote\WindowsBotModel\WinLoadWait.py", line 21, in _Send
    self.request.sendall(data)
OSError: [WinError 10038] 在一个非套接字上尝试了一个操作。

2025-05-26 22:29:57.577328 - ERROR : send/read tcp data error: Traceback (most recent call last):
  File "G:\tools\anaconda1\.venv\lib\site-packages\PyAibote\Tool\SendTcpData.py", line 25, in SendData
    response = self.StarLoadWait(data)
  File "G:\tools\anaconda1\.venv\lib\site-packages\PyAibote\WindowsBotModel\WinLoadWait.py", line 42, in StarLoadWait
    response = self._Send(data)
  File "G:\tools\anaconda1\.venv\lib\site-packages\PyAibote\WindowsBotModel\WinLoadWait.py", line 21, in _Send
    self.request.sendall(data)
OSError: [WinError 10038] 在一个非套接字上尝试了一个操作。

2025-05-26 22:29:57.579323 - ERROR : send/read tcp data error: Traceback (most recent call last):
  File "G:\tools\anaconda1\.venv\lib\site-packages\PyAibote\Tool\SendTcpData.py", line 25, in SendData
    response = self.StarLoadWait(data)
  File "G:\tools\anaconda1\.venv\lib\site-packages\PyAibote\WindowsBotModel\WinLoadWait.py", line 42, in StarLoadWait
    response = self._Send(data)
  File "G:\tools\anaconda1\.venv\lib\site-packages\PyAibote\WindowsBotModel\WinLoadWait.py", line 21, in _Send
    self.request.sendall(data)
OSError: [WinError 10038] 在一个非套接字上尝试了一个操作。

2025-05-26 22:29:57.600356 - ERROR : send/read tcp data error: Traceback (most recent call last):
  File "G:\tools\anaconda1\.venv\lib\site-packages\PyAibote\Tool\SendTcpData.py", line 25, in SendData
    response = self.StarLoadWait(data)
  File "G:\tools\anaconda1\.venv\lib\site-packages\PyAibote\WindowsBotModel\WinLoadWait.py", line 42, in StarLoadWait
    response = self._Send(data)
  File "G:\tools\anaconda1\.venv\lib\site-packages\PyAibote\WindowsBotModel\WinLoadWait.py", line 21, in _Send
    self.request.sendall(data)
OSError: [WinError 10038] 在一个非套接字上尝试了一个操作。

2025-05-26 22:29:57.602342 - ERROR : send/read tcp data error: Traceback (most recent call last):
  File "G:\tools\anaconda1\.venv\lib\site-packages\PyAibote\Tool\SendTcpData.py", line 25, in SendData
    response = self.StarLoadWait(data)
  File "G:\tools\anaconda1\.venv\lib\site-packages\PyAibote\WindowsBotModel\WinLoadWait.py", line 42, in StarLoadWait
    response = self._Send(data)
  File "G:\tools\anaconda1\.venv\lib\site-packages\PyAibote\WindowsBotModel\WinLoadWait.py", line 21, in _Send
    self.request.sendall(data)
OSError: [WinError 10038] 在一个非套接字上尝试了一个操作。

2025-05-26 22:29:57.604337 - ERROR : send/read tcp data error: Traceback (most recent call last):
  File "G:\tools\anaconda1\.venv\lib\site-packages\PyAibote\Tool\SendTcpData.py", line 25, in SendData
    response = self.StarLoadWait(data)
  File "G:\tools\anaconda1\.venv\lib\site-packages\PyAibote\WindowsBotModel\WinLoadWait.py", line 42, in StarLoadWait
    response = self._Send(data)
  File "G:\tools\anaconda1\.venv\lib\site-packages\PyAibote\WindowsBotModel\WinLoadWait.py", line 21, in _Send
    self.request.sendall(data)
OSError: [WinError 10038] 在一个非套接字上尝试了一个操作。

2025-05-26 22:29:57.637333 - ERROR : send/read tcp data error: Traceback (most recent call last):
  File "G:\tools\anaconda1\.venv\lib\site-packages\PyAibote\Tool\SendTcpData.py", line 25, in SendData
    response = self.StarLoadWait(data)
  File "G:\tools\anaconda1\.venv\lib\site-packages\PyAibote\WindowsBotModel\WinLoadWait.py", line 42, in StarLoadWait
    response = self._Send(data)
  File "G:\tools\anaconda1\.venv\lib\site-packages\PyAibote\WindowsBotModel\WinLoadWait.py", line 21, in _Send
    self.request.sendall(data)
OSError: [WinError 10038] 在一个非套接字上尝试了一个操作。

2025-05-26 22:29:57.639328 - ERROR : send/read tcp data error: Traceback (most recent call last):
  File "G:\tools\anaconda1\.venv\lib\site-packages\PyAibote\Tool\SendTcpData.py", line 25, in SendData
    response = self.StarLoadWait(data)
  File "G:\tools\anaconda1\.venv\lib\site-packages\PyAibote\WindowsBotModel\WinLoadWait.py", line 42, in StarLoadWait
    response = self._Send(data)
  File "G:\tools\anaconda1\.venv\lib\site-packages\PyAibote\WindowsBotModel\WinLoadWait.py", line 21, in _Send
    self.request.sendall(data)
OSError: [WinError 10038] 在一个非套接字上尝试了一个操作。

2025-05-26 22:29:57.641348 - ERROR : send/read tcp data error: Traceback (most recent call last):
  File "G:\tools\anaconda1\.venv\lib\site-packages\PyAibote\Tool\SendTcpData.py", line 25, in SendData
    response = self.StarLoadWait(data)
  File "G:\tools\anaconda1\.venv\lib\site-packages\PyAibote\WindowsBotModel\WinLoadWait.py", line 42, in StarLoadWait
    response = self._Send(data)
  File "G:\tools\anaconda1\.venv\lib\site-packages\PyAibote\WindowsBotModel\WinLoadWait.py", line 21, in _Send
    self.request.sendall(data)
OSError: [WinError 10038] 在一个非套接字上尝试了一个操作。

2025-05-26 22:29:57.643343 - ERROR : send/read tcp data error: Traceback (most recent call last):
  File "G:\tools\anaconda1\.venv\lib\site-packages\PyAibote\Tool\SendTcpData.py", line 25, in SendData
    response = self.StarLoadWait(data)
  File "G:\tools\anaconda1\.venv\lib\site-packages\PyAibote\WindowsBotModel\WinLoadWait.py", line 42, in StarLoadWait
    response = self._Send(data)
  File "G:\tools\anaconda1\.venv\lib\site-packages\PyAibote\WindowsBotModel\WinLoadWait.py", line 21, in _Send
    self.request.sendall(data)
OSError: [WinError 10038] 在一个非套接字上尝试了一个操作。

2025-05-26 22:29:57.645338 - ERROR : send/read tcp data error: Traceback (most recent call last):
  File "G:\tools\anaconda1\.venv\lib\site-packages\PyAibote\Tool\SendTcpData.py", line 25, in SendData
    response = self.StarLoadWait(data)
  File "G:\tools\anaconda1\.venv\lib\site-packages\PyAibote\WindowsBotModel\WinLoadWait.py", line 42, in StarLoadWait
    response = self._Send(data)
  File "G:\tools\anaconda1\.venv\lib\site-packages\PyAibote\WindowsBotModel\WinLoadWait.py", line 21, in _Send
    self.request.sendall(data)
OSError: [WinError 10038] 在一个非套接字上尝试了一个操作。

2025-05-26 22:29:57.647333 - ERROR : send/read tcp data error: Traceback (most recent call last):
  File "G:\tools\anaconda1\.venv\lib\site-packages\PyAibote\Tool\SendTcpData.py", line 25, in SendData
    response = self.StarLoadWait(data)
  File "G:\tools\anaconda1\.venv\lib\site-packages\PyAibote\WindowsBotModel\WinLoadWait.py", line 42, in StarLoadWait
    response = self._Send(data)
  File "G:\tools\anaconda1\.venv\lib\site-packages\PyAibote\WindowsBotModel\WinLoadWait.py", line 21, in _Send
    self.request.sendall(data)
OSError: [WinError 10038] 在一个非套接字上尝试了一个操作。

2025-05-26 22:29:57.649846 - ERROR : send/read tcp data error: Traceback (most recent call last):
  File "G:\tools\anaconda1\.venv\lib\site-packages\PyAibote\Tool\SendTcpData.py", line 25, in SendData
    response = self.StarLoadWait(data)
  File "G:\tools\anaconda1\.venv\lib\site-packages\PyAibote\WindowsBotModel\WinLoadWait.py", line 42, in StarLoadWait
    response = self._Send(data)
  File "G:\tools\anaconda1\.venv\lib\site-packages\PyAibote\WindowsBotModel\WinLoadWait.py", line 21, in _Send
    self.request.sendall(data)
OSError: [WinError 10038] 在一个非套接字上尝试了一个操作。

2025-05-26 22:29:57.652348 - ERROR : send/read tcp data error: Traceback (most recent call last):
  File "G:\tools\anaconda1\.venv\lib\site-packages\PyAibote\Tool\SendTcpData.py", line 25, in SendData
    response = self.StarLoadWait(data)
  File "G:\tools\anaconda1\.venv\lib\site-packages\PyAibote\WindowsBotModel\WinLoadWait.py", line 42, in StarLoadWait
    response = self._Send(data)
  File "G:\tools\anaconda1\.venv\lib\site-packages\PyAibote\WindowsBotModel\WinLoadWait.py", line 21, in _Send
    self.request.sendall(data)
OSError: [WinError 10038] 在一个非套接字上尝试了一个操作。

2025-05-26 22:29:57.654343 - ERROR : send/read tcp data error: Traceback (most recent call last):
  File "G:\tools\anaconda1\.venv\lib\site-packages\PyAibote\Tool\SendTcpData.py", line 25, in SendData
    response = self.StarLoadWait(data)
  File "G:\tools\anaconda1\.venv\lib\site-packages\PyAibote\WindowsBotModel\WinLoadWait.py", line 42, in StarLoadWait
    response = self._Send(data)
  File "G:\tools\anaconda1\.venv\lib\site-packages\PyAibote\WindowsBotModel\WinLoadWait.py", line 21, in _Send
    self.request.sendall(data)
OSError: [WinError 10038] 在一个非套接字上尝试了一个操作。

2025-05-26 22:29:57.656338 - ERROR : send/read tcp data error: Traceback (most recent call last):
  File "G:\tools\anaconda1\.venv\lib\site-packages\PyAibote\Tool\SendTcpData.py", line 25, in SendData
    response = self.StarLoadWait(data)
  File "G:\tools\anaconda1\.venv\lib\site-packages\PyAibote\WindowsBotModel\WinLoadWait.py", line 42, in StarLoadWait
    response = self._Send(data)
  File "G:\tools\anaconda1\.venv\lib\site-packages\PyAibote\WindowsBotModel\WinLoadWait.py", line 21, in _Send
    self.request.sendall(data)
OSError: [WinError 10038] 在一个非套接字上尝试了一个操作。

2025-05-26 22:29:57.658334 - ERROR : send/read tcp data error: Traceback (most recent call last):
  File "G:\tools\anaconda1\.venv\lib\site-packages\PyAibote\Tool\SendTcpData.py", line 25, in SendData
    response = self.StarLoadWait(data)
  File "G:\tools\anaconda1\.venv\lib\site-packages\PyAibote\WindowsBotModel\WinLoadWait.py", line 42, in StarLoadWait
    response = self._Send(data)
  File "G:\tools\anaconda1\.venv\lib\site-packages\PyAibote\WindowsBotModel\WinLoadWait.py", line 21, in _Send
    self.request.sendall(data)
OSError: [WinError 10038] 在一个非套接字上尝试了一个操作。

2025-05-26 22:29:57.660363 - ERROR : send/read tcp data error: Traceback (most recent call last):
  File "G:\tools\anaconda1\.venv\lib\site-packages\PyAibote\Tool\SendTcpData.py", line 25, in SendData
    response = self.StarLoadWait(data)
  File "G:\tools\anaconda1\.venv\lib\site-packages\PyAibote\WindowsBotModel\WinLoadWait.py", line 42, in StarLoadWait
    response = self._Send(data)
  File "G:\tools\anaconda1\.venv\lib\site-packages\PyAibote\WindowsBotModel\WinLoadWait.py", line 21, in _Send
    self.request.sendall(data)
OSError: [WinError 10038] 在一个非套接字上尝试了一个操作。

2025-05-26 22:29:57.662349 - ERROR : send/read tcp data error: Traceback (most recent call last):
  File "G:\tools\anaconda1\.venv\lib\site-packages\PyAibote\Tool\SendTcpData.py", line 25, in SendData
    response = self.StarLoadWait(data)
  File "G:\tools\anaconda1\.venv\lib\site-packages\PyAibote\WindowsBotModel\WinLoadWait.py", line 42, in StarLoadWait
    response = self._Send(data)
  File "G:\tools\anaconda1\.venv\lib\site-packages\PyAibote\WindowsBotModel\WinLoadWait.py", line 21, in _Send
    self.request.sendall(data)
OSError: [WinError 10038] 在一个非套接字上尝试了一个操作。

2025-05-26 22:29:57.665341 - ERROR : send/read tcp data error: Traceback (most recent call last):
  File "G:\tools\anaconda1\.venv\lib\site-packages\PyAibote\Tool\SendTcpData.py", line 25, in SendData
    response = self.StarLoadWait(data)
  File "G:\tools\anaconda1\.venv\lib\site-packages\PyAibote\WindowsBotModel\WinLoadWait.py", line 42, in StarLoadWait
    response = self._Send(data)
  File "G:\tools\anaconda1\.venv\lib\site-packages\PyAibote\WindowsBotModel\WinLoadWait.py", line 21, in _Send
    self.request.sendall(data)
OSError: [WinError 10038] 在一个非套接字上尝试了一个操作。

2025-05-26 22:29:57.667338 - ERROR : send/read tcp data error: Traceback (most recent call last):
  File "G:\tools\anaconda1\.venv\lib\site-packages\PyAibote\Tool\SendTcpData.py", line 25, in SendData
    response = self.StarLoadWait(data)
  File "G:\tools\anaconda1\.venv\lib\site-packages\PyAibote\WindowsBotModel\WinLoadWait.py", line 42, in StarLoadWait
    response = self._Send(data)
  File "G:\tools\anaconda1\.venv\lib\site-packages\PyAibote\WindowsBotModel\WinLoadWait.py", line 21, in _Send
    self.request.sendall(data)
OSError: [WinError 10038] 在一个非套接字上尝试了一个操作。

2025-05-26 22:29:57.670366 - ERROR : send/read tcp data error: Traceback (most recent call last):
  File "G:\tools\anaconda1\.venv\lib\site-packages\PyAibote\Tool\SendTcpData.py", line 25, in SendData
    response = self.StarLoadWait(data)
  File "G:\tools\anaconda1\.venv\lib\site-packages\PyAibote\WindowsBotModel\WinLoadWait.py", line 42, in StarLoadWait
    response = self._Send(data)
  File "G:\tools\anaconda1\.venv\lib\site-packages\PyAibote\WindowsBotModel\WinLoadWait.py", line 21, in _Send
    self.request.sendall(data)
OSError: [WinError 10038] 在一个非套接字上尝试了一个操作。

2025-05-26 22:29:57.672353 - ERROR : send/read tcp data error: Traceback (most recent call last):
  File "G:\tools\anaconda1\.venv\lib\site-packages\PyAibote\Tool\SendTcpData.py", line 25, in SendData
    response = self.StarLoadWait(data)
  File "G:\tools\anaconda1\.venv\lib\site-packages\PyAibote\WindowsBotModel\WinLoadWait.py", line 42, in StarLoadWait
    response = self._Send(data)
  File "G:\tools\anaconda1\.venv\lib\site-packages\PyAibote\WindowsBotModel\WinLoadWait.py", line 21, in _Send
    self.request.sendall(data)
OSError: [WinError 10038] 在一个非套接字上尝试了一个操作。

2025-05-26 22:29:57.674348 - ERROR : send/read tcp data error: Traceback (most recent call last):
  File "G:\tools\anaconda1\.venv\lib\site-packages\PyAibote\Tool\SendTcpData.py", line 25, in SendData
    response = self.StarLoadWait(data)
  File "G:\tools\anaconda1\.venv\lib\site-packages\PyAibote\WindowsBotModel\WinLoadWait.py", line 42, in StarLoadWait
    response = self._Send(data)
  File "G:\tools\anaconda1\.venv\lib\site-packages\PyAibote\WindowsBotModel\WinLoadWait.py", line 21, in _Send
    self.request.sendall(data)
OSError: [WinError 10038] 在一个非套接字上尝试了一个操作。

2025-05-26 22:29:57.676343 - ERROR : send/read tcp data error: Traceback (most recent call last):
  File "G:\tools\anaconda1\.venv\lib\site-packages\PyAibote\Tool\SendTcpData.py", line 25, in SendData
    response = self.StarLoadWait(data)
  File "G:\tools\anaconda1\.venv\lib\site-packages\PyAibote\WindowsBotModel\WinLoadWait.py", line 42, in StarLoadWait
    response = self._Send(data)
  File "G:\tools\anaconda1\.venv\lib\site-packages\PyAibote\WindowsBotModel\WinLoadWait.py", line 21, in _Send
    self.request.sendall(data)
OSError: [WinError 10038] 在一个非套接字上尝试了一个操作。

2025-05-26 22:29:57.679335 - ERROR : send/read tcp data error: Traceback (most recent call last):
  File "G:\tools\anaconda1\.venv\lib\site-packages\PyAibote\Tool\SendTcpData.py", line 25, in SendData
    response = self.StarLoadWait(data)
  File "G:\tools\anaconda1\.venv\lib\site-packages\PyAibote\WindowsBotModel\WinLoadWait.py", line 42, in StarLoadWait
    response = self._Send(data)
  File "G:\tools\anaconda1\.venv\lib\site-packages\PyAibote\WindowsBotModel\WinLoadWait.py", line 21, in _Send
    self.request.sendall(data)
OSError: [WinError 10038] 在一个非套接字上尝试了一个操作。

2025-05-26 22:29:57.688312 - ERROR : send/read tcp data error: Traceback (most recent call last):
  File "G:\tools\anaconda1\.venv\lib\site-packages\PyAibote\Tool\SendTcpData.py", line 25, in SendData
    response = self.StarLoadWait(data)
  File "G:\tools\anaconda1\.venv\lib\site-packages\PyAibote\WindowsBotModel\WinLoadWait.py", line 42, in StarLoadWait
    response = self._Send(data)
  File "G:\tools\anaconda1\.venv\lib\site-packages\PyAibote\WindowsBotModel\WinLoadWait.py", line 21, in _Send
    self.request.sendall(data)
OSError: [WinError 10038] 在一个非套接字上尝试了一个操作。

2025-05-26 22:29:57.691328 - ERROR : send/read tcp data error: Traceback (most recent call last):
  File "G:\tools\anaconda1\.venv\lib\site-packages\PyAibote\Tool\SendTcpData.py", line 25, in SendData
    response = self.StarLoadWait(data)
  File "G:\tools\anaconda1\.venv\lib\site-packages\PyAibote\WindowsBotModel\WinLoadWait.py", line 42, in StarLoadWait
    response = self._Send(data)
  File "G:\tools\anaconda1\.venv\lib\site-packages\PyAibote\WindowsBotModel\WinLoadWait.py", line 21, in _Send
    self.request.sendall(data)
OSError: [WinError 10038] 在一个非套接字上尝试了一个操作。

2025-05-26 22:29:57.694319 - ERROR : send/read tcp data error: Traceback (most recent call last):
  File "G:\tools\anaconda1\.venv\lib\site-packages\PyAibote\Tool\SendTcpData.py", line 25, in SendData
    response = self.StarLoadWait(data)
  File "G:\tools\anaconda1\.venv\lib\site-packages\PyAibote\WindowsBotModel\WinLoadWait.py", line 42, in StarLoadWait
    response = self._Send(data)
  File "G:\tools\anaconda1\.venv\lib\site-packages\PyAibote\WindowsBotModel\WinLoadWait.py", line 21, in _Send
    self.request.sendall(data)
OSError: [WinError 10038] 在一个非套接字上尝试了一个操作。

2025-05-26 22:29:57.696315 - ERROR : send/read tcp data error: Traceback (most recent call last):
  File "G:\tools\anaconda1\.venv\lib\site-packages\PyAibote\Tool\SendTcpData.py", line 25, in SendData
    response = self.StarLoadWait(data)
  File "G:\tools\anaconda1\.venv\lib\site-packages\PyAibote\WindowsBotModel\WinLoadWait.py", line 42, in StarLoadWait
    response = self._Send(data)
  File "G:\tools\anaconda1\.venv\lib\site-packages\PyAibote\WindowsBotModel\WinLoadWait.py", line 21, in _Send
    self.request.sendall(data)
OSError: [WinError 10038] 在一个非套接字上尝试了一个操作。

2025-05-26 22:29:57.701331 - ERROR : send/read tcp data error: Traceback (most recent call last):
  File "G:\tools\anaconda1\.venv\lib\site-packages\PyAibote\Tool\SendTcpData.py", line 25, in SendData
    response = self.StarLoadWait(data)
  File "G:\tools\anaconda1\.venv\lib\site-packages\PyAibote\WindowsBotModel\WinLoadWait.py", line 42, in StarLoadWait
    response = self._Send(data)
  File "G:\tools\anaconda1\.venv\lib\site-packages\PyAibote\WindowsBotModel\WinLoadWait.py", line 21, in _Send
    self.request.sendall(data)
OSError: [WinError 10038] 在一个非套接字上尝试了一个操作。

2025-05-26 22:29:57.703325 - ERROR : send/read tcp data error: Traceback (most recent call last):
  File "G:\tools\anaconda1\.venv\lib\site-packages\PyAibote\Tool\SendTcpData.py", line 25, in SendData
    response = self.StarLoadWait(data)
  File "G:\tools\anaconda1\.venv\lib\site-packages\PyAibote\WindowsBotModel\WinLoadWait.py", line 42, in StarLoadWait
    response = self._Send(data)
  File "G:\tools\anaconda1\.venv\lib\site-packages\PyAibote\WindowsBotModel\WinLoadWait.py", line 21, in _Send
    self.request.sendall(data)
OSError: [WinError 10038] 在一个非套接字上尝试了一个操作。

2025-05-26 22:29:57.705320 - ERROR : send/read tcp data error: Traceback (most recent call last):
  File "G:\tools\anaconda1\.venv\lib\site-packages\PyAibote\Tool\SendTcpData.py", line 25, in SendData
    response = self.StarLoadWait(data)
  File "G:\tools\anaconda1\.venv\lib\site-packages\PyAibote\WindowsBotModel\WinLoadWait.py", line 42, in StarLoadWait
    response = self._Send(data)
  File "G:\tools\anaconda1\.venv\lib\site-packages\PyAibote\WindowsBotModel\WinLoadWait.py", line 21, in _Send
    self.request.sendall(data)
OSError: [WinError 10038] 在一个非套接字上尝试了一个操作。

2025-05-26 22:29:57.708313 - ERROR : send/read tcp data error: Traceback (most recent call last):
  File "G:\tools\anaconda1\.venv\lib\site-packages\PyAibote\Tool\SendTcpData.py", line 25, in SendData
    response = self.StarLoadWait(data)
  File "G:\tools\anaconda1\.venv\lib\site-packages\PyAibote\WindowsBotModel\WinLoadWait.py", line 42, in StarLoadWait
    response = self._Send(data)
  File "G:\tools\anaconda1\.venv\lib\site-packages\PyAibote\WindowsBotModel\WinLoadWait.py", line 21, in _Send
    self.request.sendall(data)
OSError: [WinError 10038] 在一个非套接字上尝试了一个操作。

2025-05-26 22:29:57.710338 - ERROR : send/read tcp data error: Traceback (most recent call last):
  File "G:\tools\anaconda1\.venv\lib\site-packages\PyAibote\Tool\SendTcpData.py", line 25, in SendData
    response = self.StarLoadWait(data)
  File "G:\tools\anaconda1\.venv\lib\site-packages\PyAibote\WindowsBotModel\WinLoadWait.py", line 42, in StarLoadWait
    response = self._Send(data)
  File "G:\tools\anaconda1\.venv\lib\site-packages\PyAibote\WindowsBotModel\WinLoadWait.py", line 21, in _Send
    self.request.sendall(data)
OSError: [WinError 10038] 在一个非套接字上尝试了一个操作。

2025-05-26 22:29:57.742322 - ERROR : send/read tcp data error: Traceback (most recent call last):
  File "G:\tools\anaconda1\.venv\lib\site-packages\PyAibote\Tool\SendTcpData.py", line 25, in SendData
    response = self.StarLoadWait(data)
  File "G:\tools\anaconda1\.venv\lib\site-packages\PyAibote\WindowsBotModel\WinLoadWait.py", line 42, in StarLoadWait
    response = self._Send(data)
  File "G:\tools\anaconda1\.venv\lib\site-packages\PyAibote\WindowsBotModel\WinLoadWait.py", line 21, in _Send
    self.request.sendall(data)
OSError: [WinError 10038] 在一个非套接字上尝试了一个操作。

2025-05-26 22:29:57.745314 - ERROR : send/read tcp data error: Traceback (most recent call last):
  File "G:\tools\anaconda1\.venv\lib\site-packages\PyAibote\Tool\SendTcpData.py", line 25, in SendData
    response = self.StarLoadWait(data)
  File "G:\tools\anaconda1\.venv\lib\site-packages\PyAibote\WindowsBotModel\WinLoadWait.py", line 42, in StarLoadWait
    response = self._Send(data)
  File "G:\tools\anaconda1\.venv\lib\site-packages\PyAibote\WindowsBotModel\WinLoadWait.py", line 21, in _Send
    self.request.sendall(data)
OSError: [WinError 10038] 在一个非套接字上尝试了一个操作。

2025-05-26 22:29:57.748306 - ERROR : send/read tcp data error: Traceback (most recent call last):
  File "G:\tools\anaconda1\.venv\lib\site-packages\PyAibote\Tool\SendTcpData.py", line 25, in SendData
    response = self.StarLoadWait(data)
  File "G:\tools\anaconda1\.venv\lib\site-packages\PyAibote\WindowsBotModel\WinLoadWait.py", line 42, in StarLoadWait
    response = self._Send(data)
  File "G:\tools\anaconda1\.venv\lib\site-packages\PyAibote\WindowsBotModel\WinLoadWait.py", line 21, in _Send
    self.request.sendall(data)
OSError: [WinError 10038] 在一个非套接字上尝试了一个操作。

2025-05-26 22:29:57.751325 - ERROR : send/read tcp data error: Traceback (most recent call last):
  File "G:\tools\anaconda1\.venv\lib\site-packages\PyAibote\Tool\SendTcpData.py", line 25, in SendData
    response = self.StarLoadWait(data)
  File "G:\tools\anaconda1\.venv\lib\site-packages\PyAibote\WindowsBotModel\WinLoadWait.py", line 42, in StarLoadWait
    response = self._Send(data)
  File "G:\tools\anaconda1\.venv\lib\site-packages\PyAibote\WindowsBotModel\WinLoadWait.py", line 21, in _Send
    self.request.sendall(data)
OSError: [WinError 10038] 在一个非套接字上尝试了一个操作。

2025-05-26 22:29:57.753320 - ERROR : send/read tcp data error: Traceback (most recent call last):
  File "G:\tools\anaconda1\.venv\lib\site-packages\PyAibote\Tool\SendTcpData.py", line 25, in SendData
    response = self.StarLoadWait(data)
  File "G:\tools\anaconda1\.venv\lib\site-packages\PyAibote\WindowsBotModel\WinLoadWait.py", line 42, in StarLoadWait
    response = self._Send(data)
  File "G:\tools\anaconda1\.venv\lib\site-packages\PyAibote\WindowsBotModel\WinLoadWait.py", line 21, in _Send
    self.request.sendall(data)
OSError: [WinError 10038] 在一个非套接字上尝试了一个操作。

2025-05-26 22:29:57.757311 - ERROR : send/read tcp data error: Traceback (most recent call last):
  File "G:\tools\anaconda1\.venv\lib\site-packages\PyAibote\Tool\SendTcpData.py", line 25, in SendData
    response = self.StarLoadWait(data)
  File "G:\tools\anaconda1\.venv\lib\site-packages\PyAibote\WindowsBotModel\WinLoadWait.py", line 42, in StarLoadWait
    response = self._Send(data)
  File "G:\tools\anaconda1\.venv\lib\site-packages\PyAibote\WindowsBotModel\WinLoadWait.py", line 21, in _Send
    self.request.sendall(data)
OSError: [WinError 10038] 在一个非套接字上尝试了一个操作。

2025-05-26 22:29:57.759305 - ERROR : send/read tcp data error: Traceback (most recent call last):
  File "G:\tools\anaconda1\.venv\lib\site-packages\PyAibote\Tool\SendTcpData.py", line 25, in SendData
    response = self.StarLoadWait(data)
  File "G:\tools\anaconda1\.venv\lib\site-packages\PyAibote\WindowsBotModel\WinLoadWait.py", line 42, in StarLoadWait
    response = self._Send(data)
  File "G:\tools\anaconda1\.venv\lib\site-packages\PyAibote\WindowsBotModel\WinLoadWait.py", line 21, in _Send
    self.request.sendall(data)
OSError: [WinError 10038] 在一个非套接字上尝试了一个操作。

2025-05-26 22:29:57.761327 - ERROR : send/read tcp data error: Traceback (most recent call last):
  File "G:\tools\anaconda1\.venv\lib\site-packages\PyAibote\Tool\SendTcpData.py", line 25, in SendData
    response = self.StarLoadWait(data)
  File "G:\tools\anaconda1\.venv\lib\site-packages\PyAibote\WindowsBotModel\WinLoadWait.py", line 42, in StarLoadWait
    response = self._Send(data)
  File "G:\tools\anaconda1\.venv\lib\site-packages\PyAibote\WindowsBotModel\WinLoadWait.py", line 21, in _Send
    self.request.sendall(data)
OSError: [WinError 10038] 在一个非套接字上尝试了一个操作。

2025-05-26 22:29:57.766314 - ERROR : send/read tcp data error: Traceback (most recent call last):
  File "G:\tools\anaconda1\.venv\lib\site-packages\PyAibote\Tool\SendTcpData.py", line 25, in SendData
    response = self.StarLoadWait(data)
  File "G:\tools\anaconda1\.venv\lib\site-packages\PyAibote\WindowsBotModel\WinLoadWait.py", line 42, in StarLoadWait
    response = self._Send(data)
  File "G:\tools\anaconda1\.venv\lib\site-packages\PyAibote\WindowsBotModel\WinLoadWait.py", line 21, in _Send
    self.request.sendall(data)
OSError: [WinError 10038] 在一个非套接字上尝试了一个操作。

2025-05-26 22:29:57.769306 - ERROR : send/read tcp data error: Traceback (most recent call last):
  File "G:\tools\anaconda1\.venv\lib\site-packages\PyAibote\Tool\SendTcpData.py", line 25, in SendData
    response = self.StarLoadWait(data)
  File "G:\tools\anaconda1\.venv\lib\site-packages\PyAibote\WindowsBotModel\WinLoadWait.py", line 42, in StarLoadWait
    response = self._Send(data)
  File "G:\tools\anaconda1\.venv\lib\site-packages\PyAibote\WindowsBotModel\WinLoadWait.py", line 21, in _Send
    self.request.sendall(data)
OSError: [WinError 10038] 在一个非套接字上尝试了一个操作。

2025-05-26 22:29:57.772323 - ERROR : send/read tcp data error: Traceback (most recent call last):
  File "G:\tools\anaconda1\.venv\lib\site-packages\PyAibote\Tool\SendTcpData.py", line 25, in SendData
    response = self.StarLoadWait(data)
  File "G:\tools\anaconda1\.venv\lib\site-packages\PyAibote\WindowsBotModel\WinLoadWait.py", line 42, in StarLoadWait
    response = self._Send(data)
  File "G:\tools\anaconda1\.venv\lib\site-packages\PyAibote\WindowsBotModel\WinLoadWait.py", line 21, in _Send
    self.request.sendall(data)
OSError: [WinError 10038] 在一个非套接字上尝试了一个操作。

2025-05-26 22:29:57.774318 - ERROR : send/read tcp data error: Traceback (most recent call last):
  File "G:\tools\anaconda1\.venv\lib\site-packages\PyAibote\Tool\SendTcpData.py", line 25, in SendData
    response = self.StarLoadWait(data)
  File "G:\tools\anaconda1\.venv\lib\site-packages\PyAibote\WindowsBotModel\WinLoadWait.py", line 42, in StarLoadWait
    response = self._Send(data)
  File "G:\tools\anaconda1\.venv\lib\site-packages\PyAibote\WindowsBotModel\WinLoadWait.py", line 21, in _Send
    self.request.sendall(data)
OSError: [WinError 10038] 在一个非套接字上尝试了一个操作。

2025-05-26 22:29:57.778308 - ERROR : send/read tcp data error: Traceback (most recent call last):
  File "G:\tools\anaconda1\.venv\lib\site-packages\PyAibote\Tool\SendTcpData.py", line 25, in SendData
    response = self.StarLoadWait(data)
  File "G:\tools\anaconda1\.venv\lib\site-packages\PyAibote\WindowsBotModel\WinLoadWait.py", line 42, in StarLoadWait
    response = self._Send(data)
  File "G:\tools\anaconda1\.venv\lib\site-packages\PyAibote\WindowsBotModel\WinLoadWait.py", line 21, in _Send
    self.request.sendall(data)
OSError: [WinError 10038] 在一个非套接字上尝试了一个操作。

2025-05-26 22:29:57.781328 - ERROR : send/read tcp data error: Traceback (most recent call last):
  File "G:\tools\anaconda1\.venv\lib\site-packages\PyAibote\Tool\SendTcpData.py", line 25, in SendData
    response = self.StarLoadWait(data)
  File "G:\tools\anaconda1\.venv\lib\site-packages\PyAibote\WindowsBotModel\WinLoadWait.py", line 42, in StarLoadWait
    response = self._Send(data)
  File "G:\tools\anaconda1\.venv\lib\site-packages\PyAibote\WindowsBotModel\WinLoadWait.py", line 21, in _Send
    self.request.sendall(data)
OSError: [WinError 10038] 在一个非套接字上尝试了一个操作。

2025-05-26 22:29:57.792329 - ERROR : send/read tcp data error: Traceback (most recent call last):
  File "G:\tools\anaconda1\.venv\lib\site-packages\PyAibote\Tool\SendTcpData.py", line 25, in SendData
    response = self.StarLoadWait(data)
  File "G:\tools\anaconda1\.venv\lib\site-packages\PyAibote\WindowsBotModel\WinLoadWait.py", line 42, in StarLoadWait
    response = self._Send(data)
  File "G:\tools\anaconda1\.venv\lib\site-packages\PyAibote\WindowsBotModel\WinLoadWait.py", line 21, in _Send
    self.request.sendall(data)
OSError: [WinError 10038] 在一个非套接字上尝试了一个操作。

2025-05-26 22:29:57.794324 - ERROR : send/read tcp data error: Traceback (most recent call last):
  File "G:\tools\anaconda1\.venv\lib\site-packages\PyAibote\Tool\SendTcpData.py", line 25, in SendData
    response = self.StarLoadWait(data)
  File "G:\tools\anaconda1\.venv\lib\site-packages\PyAibote\WindowsBotModel\WinLoadWait.py", line 42, in StarLoadWait
    response = self._Send(data)
  File "G:\tools\anaconda1\.venv\lib\site-packages\PyAibote\WindowsBotModel\WinLoadWait.py", line 21, in _Send
    self.request.sendall(data)
OSError: [WinError 10038] 在一个非套接字上尝试了一个操作。

2025-05-26 22:29:57.797316 - ERROR : send/read tcp data error: Traceback (most recent call last):
  File "G:\tools\anaconda1\.venv\lib\site-packages\PyAibote\Tool\SendTcpData.py", line 25, in SendData
    response = self.StarLoadWait(data)
  File "G:\tools\anaconda1\.venv\lib\site-packages\PyAibote\WindowsBotModel\WinLoadWait.py", line 42, in StarLoadWait
    response = self._Send(data)
  File "G:\tools\anaconda1\.venv\lib\site-packages\PyAibote\WindowsBotModel\WinLoadWait.py", line 21, in _Send
    self.request.sendall(data)
OSError: [WinError 10038] 在一个非套接字上尝试了一个操作。

2025-05-26 22:29:57.799825 - ERROR : send/read tcp data error: Traceback (most recent call last):
  File "G:\tools\anaconda1\.venv\lib\site-packages\PyAibote\Tool\SendTcpData.py", line 25, in SendData
    response = self.StarLoadWait(data)
  File "G:\tools\anaconda1\.venv\lib\site-packages\PyAibote\WindowsBotModel\WinLoadWait.py", line 42, in StarLoadWait
    response = self._Send(data)
  File "G:\tools\anaconda1\.venv\lib\site-packages\PyAibote\WindowsBotModel\WinLoadWait.py", line 21, in _Send
    self.request.sendall(data)
OSError: [WinError 10038] 在一个非套接字上尝试了一个操作。

2025-05-26 22:29:57.803324 - ERROR : send/read tcp data error: Traceback (most recent call last):
  File "G:\tools\anaconda1\.venv\lib\site-packages\PyAibote\Tool\SendTcpData.py", line 25, in SendData
    response = self.StarLoadWait(data)
  File "G:\tools\anaconda1\.venv\lib\site-packages\PyAibote\WindowsBotModel\WinLoadWait.py", line 42, in StarLoadWait
    response = self._Send(data)
  File "G:\tools\anaconda1\.venv\lib\site-packages\PyAibote\WindowsBotModel\WinLoadWait.py", line 21, in _Send
    self.request.sendall(data)
OSError: [WinError 10038] 在一个非套接字上尝试了一个操作。

2025-05-26 22:29:57.805319 - ERROR : send/read tcp data error: Traceback (most recent call last):
  File "G:\tools\anaconda1\.venv\lib\site-packages\PyAibote\Tool\SendTcpData.py", line 25, in SendData
    response = self.StarLoadWait(data)
  File "G:\tools\anaconda1\.venv\lib\site-packages\PyAibote\WindowsBotModel\WinLoadWait.py", line 42, in StarLoadWait
    response = self._Send(data)
  File "G:\tools\anaconda1\.venv\lib\site-packages\PyAibote\WindowsBotModel\WinLoadWait.py", line 21, in _Send
    self.request.sendall(data)
OSError: [WinError 10038] 在一个非套接字上尝试了一个操作。

2025-05-26 22:29:57.807314 - ERROR : send/read tcp data error: Traceback (most recent call last):
  File "G:\tools\anaconda1\.venv\lib\site-packages\PyAibote\Tool\SendTcpData.py", line 25, in SendData
    response = self.StarLoadWait(data)
  File "G:\tools\anaconda1\.venv\lib\site-packages\PyAibote\WindowsBotModel\WinLoadWait.py", line 42, in StarLoadWait
    response = self._Send(data)
  File "G:\tools\anaconda1\.venv\lib\site-packages\PyAibote\WindowsBotModel\WinLoadWait.py", line 21, in _Send
    self.request.sendall(data)
OSError: [WinError 10038] 在一个非套接字上尝试了一个操作。

2025-05-26 22:29:57.810345 - ERROR : send/read tcp data error: Traceback (most recent call last):
  File "G:\tools\anaconda1\.venv\lib\site-packages\PyAibote\Tool\SendTcpData.py", line 25, in SendData
    response = self.StarLoadWait(data)
  File "G:\tools\anaconda1\.venv\lib\site-packages\PyAibote\WindowsBotModel\WinLoadWait.py", line 42, in StarLoadWait
    response = self._Send(data)
  File "G:\tools\anaconda1\.venv\lib\site-packages\PyAibote\WindowsBotModel\WinLoadWait.py", line 21, in _Send
    self.request.sendall(data)
OSError: [WinError 10038] 在一个非套接字上尝试了一个操作。

2025-05-26 22:29:57.812326 - ERROR : send/read tcp data error: Traceback (most recent call last):
  File "G:\tools\anaconda1\.venv\lib\site-packages\PyAibote\Tool\SendTcpData.py", line 25, in SendData
    response = self.StarLoadWait(data)
  File "G:\tools\anaconda1\.venv\lib\site-packages\PyAibote\WindowsBotModel\WinLoadWait.py", line 42, in StarLoadWait
    response = self._Send(data)
  File "G:\tools\anaconda1\.venv\lib\site-packages\PyAibote\WindowsBotModel\WinLoadWait.py", line 21, in _Send
    self.request.sendall(data)
OSError: [WinError 10038] 在一个非套接字上尝试了一个操作。

2025-05-26 22:29:57.816316 - ERROR : send/read tcp data error: Traceback (most recent call last):
  File "G:\tools\anaconda1\.venv\lib\site-packages\PyAibote\Tool\SendTcpData.py", line 25, in SendData
    response = self.StarLoadWait(data)
  File "G:\tools\anaconda1\.venv\lib\site-packages\PyAibote\WindowsBotModel\WinLoadWait.py", line 42, in StarLoadWait
    response = self._Send(data)
  File "G:\tools\anaconda1\.venv\lib\site-packages\PyAibote\WindowsBotModel\WinLoadWait.py", line 21, in _Send
    self.request.sendall(data)
OSError: [WinError 10038] 在一个非套接字上尝试了一个操作。

2025-05-26 22:29:57.818310 - ERROR : send/read tcp data error: Traceback (most recent call last):
  File "G:\tools\anaconda1\.venv\lib\site-packages\PyAibote\Tool\SendTcpData.py", line 25, in SendData
    response = self.StarLoadWait(data)
  File "G:\tools\anaconda1\.venv\lib\site-packages\PyAibote\WindowsBotModel\WinLoadWait.py", line 42, in StarLoadWait
    response = self._Send(data)
  File "G:\tools\anaconda1\.venv\lib\site-packages\PyAibote\WindowsBotModel\WinLoadWait.py", line 21, in _Send
    self.request.sendall(data)
OSError: [WinError 10038] 在一个非套接字上尝试了一个操作。

2025-05-26 22:29:57.820341 - ERROR : send/read tcp data error: Traceback (most recent call last):
  File "G:\tools\anaconda1\.venv\lib\site-packages\PyAibote\Tool\SendTcpData.py", line 25, in SendData
    response = self.StarLoadWait(data)
  File "G:\tools\anaconda1\.venv\lib\site-packages\PyAibote\WindowsBotModel\WinLoadWait.py", line 42, in StarLoadWait
    response = self._Send(data)
  File "G:\tools\anaconda1\.venv\lib\site-packages\PyAibote\WindowsBotModel\WinLoadWait.py", line 21, in _Send
    self.request.sendall(data)
OSError: [WinError 10038] 在一个非套接字上尝试了一个操作。

2025-05-26 22:29:57.823324 - ERROR : send/read tcp data error: Traceback (most recent call last):
  File "G:\tools\anaconda1\.venv\lib\site-packages\PyAibote\Tool\SendTcpData.py", line 25, in SendData
    response = self.StarLoadWait(data)
  File "G:\tools\anaconda1\.venv\lib\site-packages\PyAibote\WindowsBotModel\WinLoadWait.py", line 42, in StarLoadWait
    response = self._Send(data)
  File "G:\tools\anaconda1\.venv\lib\site-packages\PyAibote\WindowsBotModel\WinLoadWait.py", line 21, in _Send
    self.request.sendall(data)
OSError: [WinError 10038] 在一个非套接字上尝试了一个操作。

2025-05-26 22:29:57.834334 - ERROR : send/read tcp data error: Traceback (most recent call last):
  File "G:\tools\anaconda1\.venv\lib\site-packages\PyAibote\Tool\SendTcpData.py", line 25, in SendData
    response = self.StarLoadWait(data)
  File "G:\tools\anaconda1\.venv\lib\site-packages\PyAibote\WindowsBotModel\WinLoadWait.py", line 42, in StarLoadWait
    response = self._Send(data)
  File "G:\tools\anaconda1\.venv\lib\site-packages\PyAibote\WindowsBotModel\WinLoadWait.py", line 21, in _Send
    self.request.sendall(data)
OSError: [WinError 10038] 在一个非套接字上尝试了一个操作。

2025-05-26 22:29:57.837326 - ERROR : send/read tcp data error: Traceback (most recent call last):
  File "G:\tools\anaconda1\.venv\lib\site-packages\PyAibote\Tool\SendTcpData.py", line 25, in SendData
    response = self.StarLoadWait(data)
  File "G:\tools\anaconda1\.venv\lib\site-packages\PyAibote\WindowsBotModel\WinLoadWait.py", line 42, in StarLoadWait
    response = self._Send(data)
  File "G:\tools\anaconda1\.venv\lib\site-packages\PyAibote\WindowsBotModel\WinLoadWait.py", line 21, in _Send
    self.request.sendall(data)
OSError: [WinError 10038] 在一个非套接字上尝试了一个操作。

2025-05-26 22:29:57.855332 - ERROR : send/read tcp data error: Traceback (most recent call last):
  File "G:\tools\anaconda1\.venv\lib\site-packages\PyAibote\Tool\SendTcpData.py", line 25, in SendData
    response = self.StarLoadWait(data)
  File "G:\tools\anaconda1\.venv\lib\site-packages\PyAibote\WindowsBotModel\WinLoadWait.py", line 42, in StarLoadWait
    response = self._Send(data)
  File "G:\tools\anaconda1\.venv\lib\site-packages\PyAibote\WindowsBotModel\WinLoadWait.py", line 21, in _Send
    self.request.sendall(data)
OSError: [WinError 10038] 在一个非套接字上尝试了一个操作。

2025-05-26 22:29:57.858325 - ERROR : send/read tcp data error: Traceback (most recent call last):
  File "G:\tools\anaconda1\.venv\lib\site-packages\PyAibote\Tool\SendTcpData.py", line 25, in SendData
    response = self.StarLoadWait(data)
  File "G:\tools\anaconda1\.venv\lib\site-packages\PyAibote\WindowsBotModel\WinLoadWait.py", line 42, in StarLoadWait
    response = self._Send(data)
  File "G:\tools\anaconda1\.venv\lib\site-packages\PyAibote\WindowsBotModel\WinLoadWait.py", line 21, in _Send
    self.request.sendall(data)
OSError: [WinError 10038] 在一个非套接字上尝试了一个操作。

2025-05-26 22:29:57.862347 - ERROR : send/read tcp data error: Traceback (most recent call last):
  File "G:\tools\anaconda1\.venv\lib\site-packages\PyAibote\Tool\SendTcpData.py", line 25, in SendData
    response = self.StarLoadWait(data)
  File "G:\tools\anaconda1\.venv\lib\site-packages\PyAibote\WindowsBotModel\WinLoadWait.py", line 42, in StarLoadWait
    response = self._Send(data)
  File "G:\tools\anaconda1\.venv\lib\site-packages\PyAibote\WindowsBotModel\WinLoadWait.py", line 21, in _Send
    self.request.sendall(data)
OSError: [WinError 10038] 在一个非套接字上尝试了一个操作。

2025-05-26 22:29:57.864342 - ERROR : send/read tcp data error: Traceback (most recent call last):
  File "G:\tools\anaconda1\.venv\lib\site-packages\PyAibote\Tool\SendTcpData.py", line 25, in SendData
    response = self.StarLoadWait(data)
  File "G:\tools\anaconda1\.venv\lib\site-packages\PyAibote\WindowsBotModel\WinLoadWait.py", line 42, in StarLoadWait
    response = self._Send(data)
  File "G:\tools\anaconda1\.venv\lib\site-packages\PyAibote\WindowsBotModel\WinLoadWait.py", line 21, in _Send
    self.request.sendall(data)
OSError: [WinError 10038] 在一个非套接字上尝试了一个操作。

2025-05-26 22:29:57.870386 - ERROR : send/read tcp data error: Traceback (most recent call last):
  File "G:\tools\anaconda1\.venv\lib\site-packages\PyAibote\Tool\SendTcpData.py", line 25, in SendData
    response = self.StarLoadWait(data)
  File "G:\tools\anaconda1\.venv\lib\site-packages\PyAibote\WindowsBotModel\WinLoadWait.py", line 42, in StarLoadWait
    response = self._Send(data)
  File "G:\tools\anaconda1\.venv\lib\site-packages\PyAibote\WindowsBotModel\WinLoadWait.py", line 21, in _Send
    self.request.sendall(data)
OSError: [WinError 10038] 在一个非套接字上尝试了一个操作。

2025-05-26 22:29:57.873366 - ERROR : send/read tcp data error: Traceback (most recent call last):
  File "G:\tools\anaconda1\.venv\lib\site-packages\PyAibote\Tool\SendTcpData.py", line 25, in SendData
    response = self.StarLoadWait(data)
  File "G:\tools\anaconda1\.venv\lib\site-packages\PyAibote\WindowsBotModel\WinLoadWait.py", line 42, in StarLoadWait
    response = self._Send(data)
  File "G:\tools\anaconda1\.venv\lib\site-packages\PyAibote\WindowsBotModel\WinLoadWait.py", line 21, in _Send
    self.request.sendall(data)
OSError: [WinError 10038] 在一个非套接字上尝试了一个操作。

2025-05-26 22:29:57.877357 - ERROR : send/read tcp data error: Traceback (most recent call last):
  File "G:\tools\anaconda1\.venv\lib\site-packages\PyAibote\Tool\SendTcpData.py", line 25, in SendData
    response = self.StarLoadWait(data)
  File "G:\tools\anaconda1\.venv\lib\site-packages\PyAibote\WindowsBotModel\WinLoadWait.py", line 42, in StarLoadWait
    response = self._Send(data)
  File "G:\tools\anaconda1\.venv\lib\site-packages\PyAibote\WindowsBotModel\WinLoadWait.py", line 21, in _Send
    self.request.sendall(data)
OSError: [WinError 10038] 在一个非套接字上尝试了一个操作。

2025-05-26 22:29:57.895380 - ERROR : send/read tcp data error: Traceback (most recent call last):
  File "G:\tools\anaconda1\.venv\lib\site-packages\PyAibote\Tool\SendTcpData.py", line 25, in SendData
    response = self.StarLoadWait(data)
  File "G:\tools\anaconda1\.venv\lib\site-packages\PyAibote\WindowsBotModel\WinLoadWait.py", line 42, in StarLoadWait
    response = self._Send(data)
  File "G:\tools\anaconda1\.venv\lib\site-packages\PyAibote\WindowsBotModel\WinLoadWait.py", line 21, in _Send
    self.request.sendall(data)
OSError: [WinError 10038] 在一个非套接字上尝试了一个操作。

2025-05-26 22:29:57.897374 - ERROR : send/read tcp data error: Traceback (most recent call last):
  File "G:\tools\anaconda1\.venv\lib\site-packages\PyAibote\Tool\SendTcpData.py", line 25, in SendData
    response = self.StarLoadWait(data)
  File "G:\tools\anaconda1\.venv\lib\site-packages\PyAibote\WindowsBotModel\WinLoadWait.py", line 42, in StarLoadWait
    response = self._Send(data)
  File "G:\tools\anaconda1\.venv\lib\site-packages\PyAibote\WindowsBotModel\WinLoadWait.py", line 21, in _Send
    self.request.sendall(data)
OSError: [WinError 10038] 在一个非套接字上尝试了一个操作。

2025-05-26 22:29:57.899885 - ERROR : send/read tcp data error: Traceback (most recent call last):
  File "G:\tools\anaconda1\.venv\lib\site-packages\PyAibote\Tool\SendTcpData.py", line 25, in SendData
    response = self.StarLoadWait(data)
  File "G:\tools\anaconda1\.venv\lib\site-packages\PyAibote\WindowsBotModel\WinLoadWait.py", line 42, in StarLoadWait
    response = self._Send(data)
  File "G:\tools\anaconda1\.venv\lib\site-packages\PyAibote\WindowsBotModel\WinLoadWait.py", line 21, in _Send
    self.request.sendall(data)
OSError: [WinError 10038] 在一个非套接字上尝试了一个操作。

2025-05-26 22:29:57.902386 - ERROR : send/read tcp data error: Traceback (most recent call last):
  File "G:\tools\anaconda1\.venv\lib\site-packages\PyAibote\Tool\SendTcpData.py", line 25, in SendData
    response = self.StarLoadWait(data)
  File "G:\tools\anaconda1\.venv\lib\site-packages\PyAibote\WindowsBotModel\WinLoadWait.py", line 42, in StarLoadWait
    response = self._Send(data)
  File "G:\tools\anaconda1\.venv\lib\site-packages\PyAibote\WindowsBotModel\WinLoadWait.py", line 21, in _Send
    self.request.sendall(data)
OSError: [WinError 10038] 在一个非套接字上尝试了一个操作。

2025-05-26 22:29:57.904381 - ERROR : send/read tcp data error: Traceback (most recent call last):
  File "G:\tools\anaconda1\.venv\lib\site-packages\PyAibote\Tool\SendTcpData.py", line 25, in SendData
    response = self.StarLoadWait(data)
  File "G:\tools\anaconda1\.venv\lib\site-packages\PyAibote\WindowsBotModel\WinLoadWait.py", line 42, in StarLoadWait
    response = self._Send(data)
  File "G:\tools\anaconda1\.venv\lib\site-packages\PyAibote\WindowsBotModel\WinLoadWait.py", line 21, in _Send
    self.request.sendall(data)
OSError: [WinError 10038] 在一个非套接字上尝试了一个操作。

2025-05-26 22:29:57.906375 - ERROR : send/read tcp data error: Traceback (most recent call last):
  File "G:\tools\anaconda1\.venv\lib\site-packages\PyAibote\Tool\SendTcpData.py", line 25, in SendData
    response = self.StarLoadWait(data)
  File "G:\tools\anaconda1\.venv\lib\site-packages\PyAibote\WindowsBotModel\WinLoadWait.py", line 42, in StarLoadWait
    response = self._Send(data)
  File "G:\tools\anaconda1\.venv\lib\site-packages\PyAibote\WindowsBotModel\WinLoadWait.py", line 21, in _Send
    self.request.sendall(data)
OSError: [WinError 10038] 在一个非套接字上尝试了一个操作。

2025-05-26 22:29:57.923396 - ERROR : send/read tcp data error: Traceback (most recent call last):
  File "G:\tools\anaconda1\.venv\lib\site-packages\PyAibote\Tool\SendTcpData.py", line 25, in SendData
    response = self.StarLoadWait(data)
  File "G:\tools\anaconda1\.venv\lib\site-packages\PyAibote\WindowsBotModel\WinLoadWait.py", line 42, in StarLoadWait
    response = self._Send(data)
  File "G:\tools\anaconda1\.venv\lib\site-packages\PyAibote\WindowsBotModel\WinLoadWait.py", line 21, in _Send
    self.request.sendall(data)
OSError: [WinError 10038] 在一个非套接字上尝试了一个操作。

2025-05-26 22:29:57.925391 - ERROR : send/read tcp data error: Traceback (most recent call last):
  File "G:\tools\anaconda1\.venv\lib\site-packages\PyAibote\Tool\SendTcpData.py", line 25, in SendData
    response = self.StarLoadWait(data)
  File "G:\tools\anaconda1\.venv\lib\site-packages\PyAibote\WindowsBotModel\WinLoadWait.py", line 42, in StarLoadWait
    response = self._Send(data)
  File "G:\tools\anaconda1\.venv\lib\site-packages\PyAibote\WindowsBotModel\WinLoadWait.py", line 21, in _Send
    self.request.sendall(data)
OSError: [WinError 10038] 在一个非套接字上尝试了一个操作。

2025-05-26 22:29:57.928383 - ERROR : send/read tcp data error: Traceback (most recent call last):
  File "G:\tools\anaconda1\.venv\lib\site-packages\PyAibote\Tool\SendTcpData.py", line 25, in SendData
    response = self.StarLoadWait(data)
  File "G:\tools\anaconda1\.venv\lib\site-packages\PyAibote\WindowsBotModel\WinLoadWait.py", line 42, in StarLoadWait
    response = self._Send(data)
  File "G:\tools\anaconda1\.venv\lib\site-packages\PyAibote\WindowsBotModel\WinLoadWait.py", line 21, in _Send
    self.request.sendall(data)
OSError: [WinError 10038] 在一个非套接字上尝试了一个操作。

2025-05-26 22:29:57.931408 - ERROR : send/read tcp data error: Traceback (most recent call last):
  File "G:\tools\anaconda1\.venv\lib\site-packages\PyAibote\Tool\SendTcpData.py", line 25, in SendData
    response = self.StarLoadWait(data)
  File "G:\tools\anaconda1\.venv\lib\site-packages\PyAibote\WindowsBotModel\WinLoadWait.py", line 42, in StarLoadWait
    response = self._Send(data)
  File "G:\tools\anaconda1\.venv\lib\site-packages\PyAibote\WindowsBotModel\WinLoadWait.py", line 21, in _Send
    self.request.sendall(data)
OSError: [WinError 10038] 在一个非套接字上尝试了一个操作。

2025-05-26 22:29:57.933403 - ERROR : send/read tcp data error: Traceback (most recent call last):
  File "G:\tools\anaconda1\.venv\lib\site-packages\PyAibote\Tool\SendTcpData.py", line 25, in SendData
    response = self.StarLoadWait(data)
  File "G:\tools\anaconda1\.venv\lib\site-packages\PyAibote\WindowsBotModel\WinLoadWait.py", line 42, in StarLoadWait
    response = self._Send(data)
  File "G:\tools\anaconda1\.venv\lib\site-packages\PyAibote\WindowsBotModel\WinLoadWait.py", line 21, in _Send
    self.request.sendall(data)
OSError: [WinError 10038] 在一个非套接字上尝试了一个操作。

2025-05-26 22:29:57.935398 - ERROR : send/read tcp data error: Traceback (most recent call last):
  File "G:\tools\anaconda1\.venv\lib\site-packages\PyAibote\Tool\SendTcpData.py", line 25, in SendData
    response = self.StarLoadWait(data)
  File "G:\tools\anaconda1\.venv\lib\site-packages\PyAibote\WindowsBotModel\WinLoadWait.py", line 42, in StarLoadWait
    response = self._Send(data)
  File "G:\tools\anaconda1\.venv\lib\site-packages\PyAibote\WindowsBotModel\WinLoadWait.py", line 21, in _Send
    self.request.sendall(data)
OSError: [WinError 10038] 在一个非套接字上尝试了一个操作。

2025-05-26 22:29:57.941416 - ERROR : send/read tcp data error: Traceback (most recent call last):
  File "G:\tools\anaconda1\.venv\lib\site-packages\PyAibote\Tool\SendTcpData.py", line 25, in SendData
    response = self.StarLoadWait(data)
  File "G:\tools\anaconda1\.venv\lib\site-packages\PyAibote\WindowsBotModel\WinLoadWait.py", line 42, in StarLoadWait
    response = self._Send(data)
  File "G:\tools\anaconda1\.venv\lib\site-packages\PyAibote\WindowsBotModel\WinLoadWait.py", line 21, in _Send
    self.request.sendall(data)
OSError: [WinError 10038] 在一个非套接字上尝试了一个操作。

2025-05-26 22:29:57.943411 - ERROR : send/read tcp data error: Traceback (most recent call last):
  File "G:\tools\anaconda1\.venv\lib\site-packages\PyAibote\Tool\SendTcpData.py", line 25, in SendData
    response = self.StarLoadWait(data)
  File "G:\tools\anaconda1\.venv\lib\site-packages\PyAibote\WindowsBotModel\WinLoadWait.py", line 42, in StarLoadWait
    response = self._Send(data)
  File "G:\tools\anaconda1\.venv\lib\site-packages\PyAibote\WindowsBotModel\WinLoadWait.py", line 21, in _Send
    self.request.sendall(data)
OSError: [WinError 10038] 在一个非套接字上尝试了一个操作。

2025-05-26 22:29:57.946403 - ERROR : send/read tcp data error: Traceback (most recent call last):
  File "G:\tools\anaconda1\.venv\lib\site-packages\PyAibote\Tool\SendTcpData.py", line 25, in SendData
    response = self.StarLoadWait(data)
  File "G:\tools\anaconda1\.venv\lib\site-packages\PyAibote\WindowsBotModel\WinLoadWait.py", line 42, in StarLoadWait
    response = self._Send(data)
  File "G:\tools\anaconda1\.venv\lib\site-packages\PyAibote\WindowsBotModel\WinLoadWait.py", line 21, in _Send
    self.request.sendall(data)
OSError: [WinError 10038] 在一个非套接字上尝试了一个操作。

2025-05-26 22:29:57.949396 - ERROR : send/read tcp data error: Traceback (most recent call last):
  File "G:\tools\anaconda1\.venv\lib\site-packages\PyAibote\Tool\SendTcpData.py", line 25, in SendData
    response = self.StarLoadWait(data)
  File "G:\tools\anaconda1\.venv\lib\site-packages\PyAibote\WindowsBotModel\WinLoadWait.py", line 42, in StarLoadWait
    response = self._Send(data)
  File "G:\tools\anaconda1\.venv\lib\site-packages\PyAibote\WindowsBotModel\WinLoadWait.py", line 21, in _Send
    self.request.sendall(data)
OSError: [WinError 10038] 在一个非套接字上尝试了一个操作。

2025-05-26 22:29:57.951425 - ERROR : send/read tcp data error: Traceback (most recent call last):
  File "G:\tools\anaconda1\.venv\lib\site-packages\PyAibote\Tool\SendTcpData.py", line 25, in SendData
    response = self.StarLoadWait(data)
  File "G:\tools\anaconda1\.venv\lib\site-packages\PyAibote\WindowsBotModel\WinLoadWait.py", line 42, in StarLoadWait
    response = self._Send(data)
  File "G:\tools\anaconda1\.venv\lib\site-packages\PyAibote\WindowsBotModel\WinLoadWait.py", line 21, in _Send
    self.request.sendall(data)
OSError: [WinError 10038] 在一个非套接字上尝试了一个操作。

2025-05-26 22:29:57.954418 - ERROR : send/read tcp data error: Traceback (most recent call last):
  File "G:\tools\anaconda1\.venv\lib\site-packages\PyAibote\Tool\SendTcpData.py", line 25, in SendData
    response = self.StarLoadWait(data)
  File "G:\tools\anaconda1\.venv\lib\site-packages\PyAibote\WindowsBotModel\WinLoadWait.py", line 42, in StarLoadWait
    response = self._Send(data)
  File "G:\tools\anaconda1\.venv\lib\site-packages\PyAibote\WindowsBotModel\WinLoadWait.py", line 21, in _Send
    self.request.sendall(data)
OSError: [WinError 10038] 在一个非套接字上尝试了一个操作。

2025-05-26 22:29:57.957411 - ERROR : send/read tcp data error: Traceback (most recent call last):
  File "G:\tools\anaconda1\.venv\lib\site-packages\PyAibote\Tool\SendTcpData.py", line 25, in SendData
    response = self.StarLoadWait(data)
  File "G:\tools\anaconda1\.venv\lib\site-packages\PyAibote\WindowsBotModel\WinLoadWait.py", line 42, in StarLoadWait
    response = self._Send(data)
  File "G:\tools\anaconda1\.venv\lib\site-packages\PyAibote\WindowsBotModel\WinLoadWait.py", line 21, in _Send
    self.request.sendall(data)
OSError: [WinError 10038] 在一个非套接字上尝试了一个操作。

2025-05-26 22:29:57.962427 - ERROR : send/read tcp data error: Traceback (most recent call last):
  File "G:\tools\anaconda1\.venv\lib\site-packages\PyAibote\Tool\SendTcpData.py", line 25, in SendData
    response = self.StarLoadWait(data)
  File "G:\tools\anaconda1\.venv\lib\site-packages\PyAibote\WindowsBotModel\WinLoadWait.py", line 42, in StarLoadWait
    response = self._Send(data)
  File "G:\tools\anaconda1\.venv\lib\site-packages\PyAibote\WindowsBotModel\WinLoadWait.py", line 21, in _Send
    self.request.sendall(data)
OSError: [WinError 10038] 在一个非套接字上尝试了一个操作。

2025-05-26 22:29:57.982428 - ERROR : send/read tcp data error: Traceback (most recent call last):
  File "G:\tools\anaconda1\.venv\lib\site-packages\PyAibote\Tool\SendTcpData.py", line 25, in SendData
    response = self.StarLoadWait(data)
  File "G:\tools\anaconda1\.venv\lib\site-packages\PyAibote\WindowsBotModel\WinLoadWait.py", line 42, in StarLoadWait
    response = self._Send(data)
  File "G:\tools\anaconda1\.venv\lib\site-packages\PyAibote\WindowsBotModel\WinLoadWait.py", line 21, in _Send
    self.request.sendall(data)
OSError: [WinError 10038] 在一个非套接字上尝试了一个操作。

2025-05-26 22:29:57.985420 - ERROR : send/read tcp data error: Traceback (most recent call last):
  File "G:\tools\anaconda1\.venv\lib\site-packages\PyAibote\Tool\SendTcpData.py", line 25, in SendData
    response = self.StarLoadWait(data)
  File "G:\tools\anaconda1\.venv\lib\site-packages\PyAibote\WindowsBotModel\WinLoadWait.py", line 42, in StarLoadWait
    response = self._Send(data)
  File "G:\tools\anaconda1\.venv\lib\site-packages\PyAibote\WindowsBotModel\WinLoadWait.py", line 21, in _Send
    self.request.sendall(data)
OSError: [WinError 10038] 在一个非套接字上尝试了一个操作。

2025-05-26 22:29:57.988412 - ERROR : send/read tcp data error: Traceback (most recent call last):
  File "G:\tools\anaconda1\.venv\lib\site-packages\PyAibote\Tool\SendTcpData.py", line 25, in SendData
    response = self.StarLoadWait(data)
  File "G:\tools\anaconda1\.venv\lib\site-packages\PyAibote\WindowsBotModel\WinLoadWait.py", line 42, in StarLoadWait
    response = self._Send(data)
  File "G:\tools\anaconda1\.venv\lib\site-packages\PyAibote\WindowsBotModel\WinLoadWait.py", line 21, in _Send
    self.request.sendall(data)
OSError: [WinError 10038] 在一个非套接字上尝试了一个操作。

2025-05-26 22:29:57.990407 - ERROR : send/read tcp data error: Traceback (most recent call last):
  File "G:\tools\anaconda1\.venv\lib\site-packages\PyAibote\Tool\SendTcpData.py", line 25, in SendData
    response = self.StarLoadWait(data)
  File "G:\tools\anaconda1\.venv\lib\site-packages\PyAibote\WindowsBotModel\WinLoadWait.py", line 42, in StarLoadWait
    response = self._Send(data)
  File "G:\tools\anaconda1\.venv\lib\site-packages\PyAibote\WindowsBotModel\WinLoadWait.py", line 21, in _Send
    self.request.sendall(data)
OSError: [WinError 10038] 在一个非套接字上尝试了一个操作。

2025-05-26 22:29:57.992402 - ERROR : send/read tcp data error: Traceback (most recent call last):
  File "G:\tools\anaconda1\.venv\lib\site-packages\PyAibote\Tool\SendTcpData.py", line 25, in SendData
    response = self.StarLoadWait(data)
  File "G:\tools\anaconda1\.venv\lib\site-packages\PyAibote\WindowsBotModel\WinLoadWait.py", line 42, in StarLoadWait
    response = self._Send(data)
  File "G:\tools\anaconda1\.venv\lib\site-packages\PyAibote\WindowsBotModel\WinLoadWait.py", line 21, in _Send
    self.request.sendall(data)
OSError: [WinError 10038] 在一个非套接字上尝试了一个操作。

2025-05-26 22:29:57.995394 - ERROR : send/read tcp data error: Traceback (most recent call last):
  File "G:\tools\anaconda1\.venv\lib\site-packages\PyAibote\Tool\SendTcpData.py", line 25, in SendData
    response = self.StarLoadWait(data)
  File "G:\tools\anaconda1\.venv\lib\site-packages\PyAibote\WindowsBotModel\WinLoadWait.py", line 42, in StarLoadWait
    response = self._Send(data)
  File "G:\tools\anaconda1\.venv\lib\site-packages\PyAibote\WindowsBotModel\WinLoadWait.py", line 21, in _Send
    self.request.sendall(data)
OSError: [WinError 10038] 在一个非套接字上尝试了一个操作。

2025-05-26 22:29:58.000459 - ERROR : send/read tcp data error: Traceback (most recent call last):
  File "G:\tools\anaconda1\.venv\lib\site-packages\PyAibote\Tool\SendTcpData.py", line 25, in SendData
    response = self.StarLoadWait(data)
  File "G:\tools\anaconda1\.venv\lib\site-packages\PyAibote\WindowsBotModel\WinLoadWait.py", line 42, in StarLoadWait
    response = self._Send(data)
  File "G:\tools\anaconda1\.venv\lib\site-packages\PyAibote\WindowsBotModel\WinLoadWait.py", line 21, in _Send
    self.request.sendall(data)
OSError: [WinError 10038] 在一个非套接字上尝试了一个操作。

2025-05-26 22:29:58.003429 - ERROR : send/read tcp data error: Traceback (most recent call last):
  File "G:\tools\anaconda1\.venv\lib\site-packages\PyAibote\Tool\SendTcpData.py", line 25, in SendData
    response = self.StarLoadWait(data)
  File "G:\tools\anaconda1\.venv\lib\site-packages\PyAibote\WindowsBotModel\WinLoadWait.py", line 42, in StarLoadWait
    response = self._Send(data)
  File "G:\tools\anaconda1\.venv\lib\site-packages\PyAibote\WindowsBotModel\WinLoadWait.py", line 21, in _Send
    self.request.sendall(data)
OSError: [WinError 10038] 在一个非套接字上尝试了一个操作。

2025-05-26 22:29:58.006421 - ERROR : send/read tcp data error: Traceback (most recent call last):
  File "G:\tools\anaconda1\.venv\lib\site-packages\PyAibote\Tool\SendTcpData.py", line 25, in SendData
    response = self.StarLoadWait(data)
  File "G:\tools\anaconda1\.venv\lib\site-packages\PyAibote\WindowsBotModel\WinLoadWait.py", line 42, in StarLoadWait
    response = self._Send(data)
  File "G:\tools\anaconda1\.venv\lib\site-packages\PyAibote\WindowsBotModel\WinLoadWait.py", line 21, in _Send
    self.request.sendall(data)
OSError: [WinError 10038] 在一个非套接字上尝试了一个操作。

2025-05-26 22:29:58.008416 - ERROR : send/read tcp data error: Traceback (most recent call last):
  File "G:\tools\anaconda1\.venv\lib\site-packages\PyAibote\Tool\SendTcpData.py", line 25, in SendData
    response = self.StarLoadWait(data)
  File "G:\tools\anaconda1\.venv\lib\site-packages\PyAibote\WindowsBotModel\WinLoadWait.py", line 42, in StarLoadWait
    response = self._Send(data)
  File "G:\tools\anaconda1\.venv\lib\site-packages\PyAibote\WindowsBotModel\WinLoadWait.py", line 21, in _Send
    self.request.sendall(data)
OSError: [WinError 10038] 在一个非套接字上尝试了一个操作。

2025-05-26 22:29:58.010445 - ERROR : send/read tcp data error: Traceback (most recent call last):
  File "G:\tools\anaconda1\.venv\lib\site-packages\PyAibote\Tool\SendTcpData.py", line 25, in SendData
    response = self.StarLoadWait(data)
  File "G:\tools\anaconda1\.venv\lib\site-packages\PyAibote\WindowsBotModel\WinLoadWait.py", line 42, in StarLoadWait
    response = self._Send(data)
  File "G:\tools\anaconda1\.venv\lib\site-packages\PyAibote\WindowsBotModel\WinLoadWait.py", line 21, in _Send
    self.request.sendall(data)
OSError: [WinError 10038] 在一个非套接字上尝试了一个操作。

2025-05-26 22:29:58.012431 - ERROR : send/read tcp data error: Traceback (most recent call last):
  File "G:\tools\anaconda1\.venv\lib\site-packages\PyAibote\Tool\SendTcpData.py", line 25, in SendData
    response = self.StarLoadWait(data)
  File "G:\tools\anaconda1\.venv\lib\site-packages\PyAibote\WindowsBotModel\WinLoadWait.py", line 42, in StarLoadWait
    response = self._Send(data)
  File "G:\tools\anaconda1\.venv\lib\site-packages\PyAibote\WindowsBotModel\WinLoadWait.py", line 21, in _Send
    self.request.sendall(data)
OSError: [WinError 10038] 在一个非套接字上尝试了一个操作。

2025-05-26 22:29:58.015422 - ERROR : send/read tcp data error: Traceback (most recent call last):
  File "G:\tools\anaconda1\.venv\lib\site-packages\PyAibote\Tool\SendTcpData.py", line 25, in SendData
    response = self.StarLoadWait(data)
  File "G:\tools\anaconda1\.venv\lib\site-packages\PyAibote\WindowsBotModel\WinLoadWait.py", line 42, in StarLoadWait
    response = self._Send(data)
  File "G:\tools\anaconda1\.venv\lib\site-packages\PyAibote\WindowsBotModel\WinLoadWait.py", line 21, in _Send
    self.request.sendall(data)
OSError: [WinError 10038] 在一个非套接字上尝试了一个操作。

2025-05-26 22:29:58.020445 - ERROR : send/read tcp data error: Traceback (most recent call last):
  File "G:\tools\anaconda1\.venv\lib\site-packages\PyAibote\Tool\SendTcpData.py", line 25, in SendData
    response = self.StarLoadWait(data)
  File "G:\tools\anaconda1\.venv\lib\site-packages\PyAibote\WindowsBotModel\WinLoadWait.py", line 42, in StarLoadWait
    response = self._Send(data)
  File "G:\tools\anaconda1\.venv\lib\site-packages\PyAibote\WindowsBotModel\WinLoadWait.py", line 21, in _Send
    self.request.sendall(data)
OSError: [WinError 10038] 在一个非套接字上尝试了一个操作。

2025-05-26 22:29:58.025425 - ERROR : send/read tcp data error: Traceback (most recent call last):
  File "G:\tools\anaconda1\.venv\lib\site-packages\PyAibote\Tool\SendTcpData.py", line 25, in SendData
    response = self.StarLoadWait(data)
  File "G:\tools\anaconda1\.venv\lib\site-packages\PyAibote\WindowsBotModel\WinLoadWait.py", line 42, in StarLoadWait
    response = self._Send(data)
  File "G:\tools\anaconda1\.venv\lib\site-packages\PyAibote\WindowsBotModel\WinLoadWait.py", line 21, in _Send
    self.request.sendall(data)
OSError: [WinError 10038] 在一个非套接字上尝试了一个操作。

2025-05-26 22:29:58.028417 - ERROR : send/read tcp data error: Traceback (most recent call last):
  File "G:\tools\anaconda1\.venv\lib\site-packages\PyAibote\Tool\SendTcpData.py", line 25, in SendData
    response = self.StarLoadWait(data)
  File "G:\tools\anaconda1\.venv\lib\site-packages\PyAibote\WindowsBotModel\WinLoadWait.py", line 42, in StarLoadWait
    response = self._Send(data)
  File "G:\tools\anaconda1\.venv\lib\site-packages\PyAibote\WindowsBotModel\WinLoadWait.py", line 21, in _Send
    self.request.sendall(data)
OSError: [WinError 10038] 在一个非套接字上尝试了一个操作。

2025-05-26 22:29:58.030448 - ERROR : send/read tcp data error: Traceback (most recent call last):
  File "G:\tools\anaconda1\.venv\lib\site-packages\PyAibote\Tool\SendTcpData.py", line 25, in SendData
    response = self.StarLoadWait(data)
  File "G:\tools\anaconda1\.venv\lib\site-packages\PyAibote\WindowsBotModel\WinLoadWait.py", line 42, in StarLoadWait
    response = self._Send(data)
  File "G:\tools\anaconda1\.venv\lib\site-packages\PyAibote\WindowsBotModel\WinLoadWait.py", line 21, in _Send
    self.request.sendall(data)
OSError: [WinError 10038] 在一个非套接字上尝试了一个操作。

2025-05-26 22:29:58.033429 - ERROR : send/read tcp data error: Traceback (most recent call last):
  File "G:\tools\anaconda1\.venv\lib\site-packages\PyAibote\Tool\SendTcpData.py", line 25, in SendData
    response = self.StarLoadWait(data)
  File "G:\tools\anaconda1\.venv\lib\site-packages\PyAibote\WindowsBotModel\WinLoadWait.py", line 42, in StarLoadWait
    response = self._Send(data)
  File "G:\tools\anaconda1\.venv\lib\site-packages\PyAibote\WindowsBotModel\WinLoadWait.py", line 21, in _Send
    self.request.sendall(data)
OSError: [WinError 10038] 在一个非套接字上尝试了一个操作。

2025-05-26 22:29:58.036422 - ERROR : send/read tcp data error: Traceback (most recent call last):
  File "G:\tools\anaconda1\.venv\lib\site-packages\PyAibote\Tool\SendTcpData.py", line 25, in SendData
    response = self.StarLoadWait(data)
  File "G:\tools\anaconda1\.venv\lib\site-packages\PyAibote\WindowsBotModel\WinLoadWait.py", line 42, in StarLoadWait
    response = self._Send(data)
  File "G:\tools\anaconda1\.venv\lib\site-packages\PyAibote\WindowsBotModel\WinLoadWait.py", line 21, in _Send
    self.request.sendall(data)
OSError: [WinError 10038] 在一个非套接字上尝试了一个操作。

2025-05-26 22:29:58.038416 - ERROR : send/read tcp data error: Traceback (most recent call last):
  File "G:\tools\anaconda1\.venv\lib\site-packages\PyAibote\Tool\SendTcpData.py", line 25, in SendData
    response = self.StarLoadWait(data)
  File "G:\tools\anaconda1\.venv\lib\site-packages\PyAibote\WindowsBotModel\WinLoadWait.py", line 42, in StarLoadWait
    response = self._Send(data)
  File "G:\tools\anaconda1\.venv\lib\site-packages\PyAibote\WindowsBotModel\WinLoadWait.py", line 21, in _Send
    self.request.sendall(data)
OSError: [WinError 10038] 在一个非套接字上尝试了一个操作。

2025-05-26 22:29:58.040451 - ERROR : send/read tcp data error: Traceback (most recent call last):
  File "G:\tools\anaconda1\.venv\lib\site-packages\PyAibote\Tool\SendTcpData.py", line 25, in SendData
    response = self.StarLoadWait(data)
  File "G:\tools\anaconda1\.venv\lib\site-packages\PyAibote\WindowsBotModel\WinLoadWait.py", line 42, in StarLoadWait
    response = self._Send(data)
  File "G:\tools\anaconda1\.venv\lib\site-packages\PyAibote\WindowsBotModel\WinLoadWait.py", line 21, in _Send
    self.request.sendall(data)
OSError: [WinError 10038] 在一个非套接字上尝试了一个操作。

2025-05-26 22:29:58.042435 - ERROR : send/read tcp data error: Traceback (most recent call last):
  File "G:\tools\anaconda1\.venv\lib\site-packages\PyAibote\Tool\SendTcpData.py", line 25, in SendData
    response = self.StarLoadWait(data)
  File "G:\tools\anaconda1\.venv\lib\site-packages\PyAibote\WindowsBotModel\WinLoadWait.py", line 42, in StarLoadWait
    response = self._Send(data)
  File "G:\tools\anaconda1\.venv\lib\site-packages\PyAibote\WindowsBotModel\WinLoadWait.py", line 21, in _Send
    self.request.sendall(data)
OSError: [WinError 10038] 在一个非套接字上尝试了一个操作。

2025-05-26 22:29:58.118404 - ERROR : send/read tcp data error: Traceback (most recent call last):
  File "G:\tools\anaconda1\.venv\lib\site-packages\PyAibote\Tool\SendTcpData.py", line 25, in SendData
    response = self.StarLoadWait(data)
  File "G:\tools\anaconda1\.venv\lib\site-packages\PyAibote\WindowsBotModel\WinLoadWait.py", line 42, in StarLoadWait
    response = self._Send(data)
  File "G:\tools\anaconda1\.venv\lib\site-packages\PyAibote\WindowsBotModel\WinLoadWait.py", line 21, in _Send
    self.request.sendall(data)
OSError: [WinError 10038] 在一个非套接字上尝试了一个操作。

2025-05-26 22:29:58.120440 - ERROR : send/read tcp data error: Traceback (most recent call last):
  File "G:\tools\anaconda1\.venv\lib\site-packages\PyAibote\Tool\SendTcpData.py", line 25, in SendData
    response = self.StarLoadWait(data)
  File "G:\tools\anaconda1\.venv\lib\site-packages\PyAibote\WindowsBotModel\WinLoadWait.py", line 42, in StarLoadWait
    response = self._Send(data)
  File "G:\tools\anaconda1\.venv\lib\site-packages\PyAibote\WindowsBotModel\WinLoadWait.py", line 21, in _Send
    self.request.sendall(data)
OSError: [WinError 10038] 在一个非套接字上尝试了一个操作。

2025-05-26 22:29:58.124417 - ERROR : send/read tcp data error: Traceback (most recent call last):
  File "G:\tools\anaconda1\.venv\lib\site-packages\PyAibote\Tool\SendTcpData.py", line 25, in SendData
    response = self.StarLoadWait(data)
  File "G:\tools\anaconda1\.venv\lib\site-packages\PyAibote\WindowsBotModel\WinLoadWait.py", line 42, in StarLoadWait
    response = self._Send(data)
  File "G:\tools\anaconda1\.venv\lib\site-packages\PyAibote\WindowsBotModel\WinLoadWait.py", line 21, in _Send
    self.request.sendall(data)
OSError: [WinError 10038] 在一个非套接字上尝试了一个操作。

2025-05-26 22:29:58.126413 - ERROR : send/read tcp data error: Traceback (most recent call last):
  File "G:\tools\anaconda1\.venv\lib\site-packages\PyAibote\Tool\SendTcpData.py", line 25, in SendData
    response = self.StarLoadWait(data)
  File "G:\tools\anaconda1\.venv\lib\site-packages\PyAibote\WindowsBotModel\WinLoadWait.py", line 42, in StarLoadWait
    response = self._Send(data)
  File "G:\tools\anaconda1\.venv\lib\site-packages\PyAibote\WindowsBotModel\WinLoadWait.py", line 21, in _Send
    self.request.sendall(data)
OSError: [WinError 10038] 在一个非套接字上尝试了一个操作。

2025-05-26 22:29:58.128407 - ERROR : send/read tcp data error: Traceback (most recent call last):
  File "G:\tools\anaconda1\.venv\lib\site-packages\PyAibote\Tool\SendTcpData.py", line 25, in SendData
    response = self.StarLoadWait(data)
  File "G:\tools\anaconda1\.venv\lib\site-packages\PyAibote\WindowsBotModel\WinLoadWait.py", line 42, in StarLoadWait
    response = self._Send(data)
  File "G:\tools\anaconda1\.venv\lib\site-packages\PyAibote\WindowsBotModel\WinLoadWait.py", line 21, in _Send
    self.request.sendall(data)
OSError: [WinError 10038] 在一个非套接字上尝试了一个操作。

2025-05-26 22:29:58.131435 - ERROR : send/read tcp data error: Traceback (most recent call last):
  File "G:\tools\anaconda1\.venv\lib\site-packages\PyAibote\Tool\SendTcpData.py", line 25, in SendData
    response = self.StarLoadWait(data)
  File "G:\tools\anaconda1\.venv\lib\site-packages\PyAibote\WindowsBotModel\WinLoadWait.py", line 42, in StarLoadWait
    response = self._Send(data)
  File "G:\tools\anaconda1\.venv\lib\site-packages\PyAibote\WindowsBotModel\WinLoadWait.py", line 21, in _Send
    self.request.sendall(data)
OSError: [WinError 10038] 在一个非套接字上尝试了一个操作。

2025-05-26 22:29:58.133430 - ERROR : send/read tcp data error: Traceback (most recent call last):
  File "G:\tools\anaconda1\.venv\lib\site-packages\PyAibote\Tool\SendTcpData.py", line 25, in SendData
    response = self.StarLoadWait(data)
  File "G:\tools\anaconda1\.venv\lib\site-packages\PyAibote\WindowsBotModel\WinLoadWait.py", line 42, in StarLoadWait
    response = self._Send(data)
  File "G:\tools\anaconda1\.venv\lib\site-packages\PyAibote\WindowsBotModel\WinLoadWait.py", line 21, in _Send
    self.request.sendall(data)
OSError: [WinError 10038] 在一个非套接字上尝试了一个操作。

2025-05-26 22:29:58.135425 - ERROR : send/read tcp data error: Traceback (most recent call last):
  File "G:\tools\anaconda1\.venv\lib\site-packages\PyAibote\Tool\SendTcpData.py", line 25, in SendData
    response = self.StarLoadWait(data)
  File "G:\tools\anaconda1\.venv\lib\site-packages\PyAibote\WindowsBotModel\WinLoadWait.py", line 42, in StarLoadWait
    response = self._Send(data)
  File "G:\tools\anaconda1\.venv\lib\site-packages\PyAibote\WindowsBotModel\WinLoadWait.py", line 21, in _Send
    self.request.sendall(data)
OSError: [WinError 10038] 在一个非套接字上尝试了一个操作。

2025-05-26 22:29:58.137420 - ERROR : send/read tcp data error: Traceback (most recent call last):
  File "G:\tools\anaconda1\.venv\lib\site-packages\PyAibote\Tool\SendTcpData.py", line 25, in SendData
    response = self.StarLoadWait(data)
  File "G:\tools\anaconda1\.venv\lib\site-packages\PyAibote\WindowsBotModel\WinLoadWait.py", line 42, in StarLoadWait
    response = self._Send(data)
  File "G:\tools\anaconda1\.venv\lib\site-packages\PyAibote\WindowsBotModel\WinLoadWait.py", line 21, in _Send
    self.request.sendall(data)
OSError: [WinError 10038] 在一个非套接字上尝试了一个操作。

2025-05-26 22:29:58.139415 - ERROR : send/read tcp data error: Traceback (most recent call last):
  File "G:\tools\anaconda1\.venv\lib\site-packages\PyAibote\Tool\SendTcpData.py", line 25, in SendData
    response = self.StarLoadWait(data)
  File "G:\tools\anaconda1\.venv\lib\site-packages\PyAibote\WindowsBotModel\WinLoadWait.py", line 42, in StarLoadWait
    response = self._Send(data)
  File "G:\tools\anaconda1\.venv\lib\site-packages\PyAibote\WindowsBotModel\WinLoadWait.py", line 21, in _Send
    self.request.sendall(data)
OSError: [WinError 10038] 在一个非套接字上尝试了一个操作。

2025-05-26 22:29:58.157427 - ERROR : send/read tcp data error: Traceback (most recent call last):
  File "G:\tools\anaconda1\.venv\lib\site-packages\PyAibote\Tool\SendTcpData.py", line 25, in SendData
    response = self.StarLoadWait(data)
  File "G:\tools\anaconda1\.venv\lib\site-packages\PyAibote\WindowsBotModel\WinLoadWait.py", line 42, in StarLoadWait
    response = self._Send(data)
  File "G:\tools\anaconda1\.venv\lib\site-packages\PyAibote\WindowsBotModel\WinLoadWait.py", line 21, in _Send
    self.request.sendall(data)
OSError: [WinError 10038] 在一个非套接字上尝试了一个操作。

2025-05-26 22:29:58.159939 - ERROR : send/read tcp data error: Traceback (most recent call last):
  File "G:\tools\anaconda1\.venv\lib\site-packages\PyAibote\Tool\SendTcpData.py", line 25, in SendData
    response = self.StarLoadWait(data)
  File "G:\tools\anaconda1\.venv\lib\site-packages\PyAibote\WindowsBotModel\WinLoadWait.py", line 42, in StarLoadWait
    response = self._Send(data)
  File "G:\tools\anaconda1\.venv\lib\site-packages\PyAibote\WindowsBotModel\WinLoadWait.py", line 21, in _Send
    self.request.sendall(data)
OSError: [WinError 10038] 在一个非套接字上尝试了一个操作。

2025-05-26 22:29:58.161445 - ERROR : send/read tcp data error: Traceback (most recent call last):
  File "G:\tools\anaconda1\.venv\lib\site-packages\PyAibote\Tool\SendTcpData.py", line 25, in SendData
    response = self.StarLoadWait(data)
  File "G:\tools\anaconda1\.venv\lib\site-packages\PyAibote\WindowsBotModel\WinLoadWait.py", line 42, in StarLoadWait
    response = self._Send(data)
  File "G:\tools\anaconda1\.venv\lib\site-packages\PyAibote\WindowsBotModel\WinLoadWait.py", line 21, in _Send
    self.request.sendall(data)
OSError: [WinError 10038] 在一个非套接字上尝试了一个操作。

2025-05-26 22:29:58.163439 - ERROR : send/read tcp data error: Traceback (most recent call last):
  File "G:\tools\anaconda1\.venv\lib\site-packages\PyAibote\Tool\SendTcpData.py", line 25, in SendData
    response = self.StarLoadWait(data)
  File "G:\tools\anaconda1\.venv\lib\site-packages\PyAibote\WindowsBotModel\WinLoadWait.py", line 42, in StarLoadWait
    response = self._Send(data)
  File "G:\tools\anaconda1\.venv\lib\site-packages\PyAibote\WindowsBotModel\WinLoadWait.py", line 21, in _Send
    self.request.sendall(data)
OSError: [WinError 10038] 在一个非套接字上尝试了一个操作。

2025-05-26 22:29:58.166432 - ERROR : send/read tcp data error: Traceback (most recent call last):
  File "G:\tools\anaconda1\.venv\lib\site-packages\PyAibote\Tool\SendTcpData.py", line 25, in SendData
    response = self.StarLoadWait(data)
  File "G:\tools\anaconda1\.venv\lib\site-packages\PyAibote\WindowsBotModel\WinLoadWait.py", line 42, in StarLoadWait
    response = self._Send(data)
  File "G:\tools\anaconda1\.venv\lib\site-packages\PyAibote\WindowsBotModel\WinLoadWait.py", line 21, in _Send
    self.request.sendall(data)
OSError: [WinError 10038] 在一个非套接字上尝试了一个操作。

2025-05-26 22:29:58.168426 - ERROR : send/read tcp data error: Traceback (most recent call last):
  File "G:\tools\anaconda1\.venv\lib\site-packages\PyAibote\Tool\SendTcpData.py", line 25, in SendData
    response = self.StarLoadWait(data)
  File "G:\tools\anaconda1\.venv\lib\site-packages\PyAibote\WindowsBotModel\WinLoadWait.py", line 42, in StarLoadWait
    response = self._Send(data)
  File "G:\tools\anaconda1\.venv\lib\site-packages\PyAibote\WindowsBotModel\WinLoadWait.py", line 21, in _Send
    self.request.sendall(data)
OSError: [WinError 10038] 在一个非套接字上尝试了一个操作。

2025-05-26 22:29:58.171457 - ERROR : send/read tcp data error: Traceback (most recent call last):
  File "G:\tools\anaconda1\.venv\lib\site-packages\PyAibote\Tool\SendTcpData.py", line 25, in SendData
    response = self.StarLoadWait(data)
  File "G:\tools\anaconda1\.venv\lib\site-packages\PyAibote\WindowsBotModel\WinLoadWait.py", line 42, in StarLoadWait
    response = self._Send(data)
  File "G:\tools\anaconda1\.venv\lib\site-packages\PyAibote\WindowsBotModel\WinLoadWait.py", line 21, in _Send
    self.request.sendall(data)
OSError: [WinError 10038] 在一个非套接字上尝试了一个操作。

2025-05-26 22:29:58.173450 - ERROR : send/read tcp data error: Traceback (most recent call last):
  File "G:\tools\anaconda1\.venv\lib\site-packages\PyAibote\Tool\SendTcpData.py", line 25, in SendData
    response = self.StarLoadWait(data)
  File "G:\tools\anaconda1\.venv\lib\site-packages\PyAibote\WindowsBotModel\WinLoadWait.py", line 42, in StarLoadWait
    response = self._Send(data)
  File "G:\tools\anaconda1\.venv\lib\site-packages\PyAibote\WindowsBotModel\WinLoadWait.py", line 21, in _Send
    self.request.sendall(data)
OSError: [WinError 10038] 在一个非套接字上尝试了一个操作。

2025-05-26 22:29:58.176442 - ERROR : send/read tcp data error: Traceback (most recent call last):
  File "G:\tools\anaconda1\.venv\lib\site-packages\PyAibote\Tool\SendTcpData.py", line 25, in SendData
    response = self.StarLoadWait(data)
  File "G:\tools\anaconda1\.venv\lib\site-packages\PyAibote\WindowsBotModel\WinLoadWait.py", line 42, in StarLoadWait
    response = self._Send(data)
  File "G:\tools\anaconda1\.venv\lib\site-packages\PyAibote\WindowsBotModel\WinLoadWait.py", line 21, in _Send
    self.request.sendall(data)
OSError: [WinError 10038] 在一个非套接字上尝试了一个操作。

2025-05-26 22:29:58.178439 - ERROR : send/read tcp data error: Traceback (most recent call last):
  File "G:\tools\anaconda1\.venv\lib\site-packages\PyAibote\Tool\SendTcpData.py", line 25, in SendData
    response = self.StarLoadWait(data)
  File "G:\tools\anaconda1\.venv\lib\site-packages\PyAibote\WindowsBotModel\WinLoadWait.py", line 42, in StarLoadWait
    response = self._Send(data)
  File "G:\tools\anaconda1\.venv\lib\site-packages\PyAibote\WindowsBotModel\WinLoadWait.py", line 21, in _Send
    self.request.sendall(data)
OSError: [WinError 10038] 在一个非套接字上尝试了一个操作。

2025-05-26 22:29:58.180474 - ERROR : send/read tcp data error: Traceback (most recent call last):
  File "G:\tools\anaconda1\.venv\lib\site-packages\PyAibote\Tool\SendTcpData.py", line 25, in SendData
    response = self.StarLoadWait(data)
  File "G:\tools\anaconda1\.venv\lib\site-packages\PyAibote\WindowsBotModel\WinLoadWait.py", line 42, in StarLoadWait
    response = self._Send(data)
  File "G:\tools\anaconda1\.venv\lib\site-packages\PyAibote\WindowsBotModel\WinLoadWait.py", line 21, in _Send
    self.request.sendall(data)
OSError: [WinError 10038] 在一个非套接字上尝试了一个操作。

2025-05-26 22:29:58.183456 - ERROR : send/read tcp data error: Traceback (most recent call last):
  File "G:\tools\anaconda1\.venv\lib\site-packages\PyAibote\Tool\SendTcpData.py", line 25, in SendData
    response = self.StarLoadWait(data)
  File "G:\tools\anaconda1\.venv\lib\site-packages\PyAibote\WindowsBotModel\WinLoadWait.py", line 42, in StarLoadWait
    response = self._Send(data)
  File "G:\tools\anaconda1\.venv\lib\site-packages\PyAibote\WindowsBotModel\WinLoadWait.py", line 21, in _Send
    self.request.sendall(data)
OSError: [WinError 10038] 在一个非套接字上尝试了一个操作。

2025-05-26 22:29:58.185452 - ERROR : send/read tcp data error: Traceback (most recent call last):
  File "G:\tools\anaconda1\.venv\lib\site-packages\PyAibote\Tool\SendTcpData.py", line 25, in SendData
    response = self.StarLoadWait(data)
  File "G:\tools\anaconda1\.venv\lib\site-packages\PyAibote\WindowsBotModel\WinLoadWait.py", line 42, in StarLoadWait
    response = self._Send(data)
  File "G:\tools\anaconda1\.venv\lib\site-packages\PyAibote\WindowsBotModel\WinLoadWait.py", line 21, in _Send
    self.request.sendall(data)
OSError: [WinError 10038] 在一个非套接字上尝试了一个操作。

2025-05-26 22:29:58.187446 - ERROR : send/read tcp data error: Traceback (most recent call last):
  File "G:\tools\anaconda1\.venv\lib\site-packages\PyAibote\Tool\SendTcpData.py", line 25, in SendData
    response = self.StarLoadWait(data)
  File "G:\tools\anaconda1\.venv\lib\site-packages\PyAibote\WindowsBotModel\WinLoadWait.py", line 42, in StarLoadWait
    response = self._Send(data)
  File "G:\tools\anaconda1\.venv\lib\site-packages\PyAibote\WindowsBotModel\WinLoadWait.py", line 21, in _Send
    self.request.sendall(data)
OSError: [WinError 10038] 在一个非套接字上尝试了一个操作。

2025-05-26 22:29:58.189962 - ERROR : send/read tcp data error: Traceback (most recent call last):
  File "G:\tools\anaconda1\.venv\lib\site-packages\PyAibote\Tool\SendTcpData.py", line 25, in SendData
    response = self.StarLoadWait(data)
  File "G:\tools\anaconda1\.venv\lib\site-packages\PyAibote\WindowsBotModel\WinLoadWait.py", line 42, in StarLoadWait
    response = self._Send(data)
  File "G:\tools\anaconda1\.venv\lib\site-packages\PyAibote\WindowsBotModel\WinLoadWait.py", line 21, in _Send
    self.request.sendall(data)
OSError: [WinError 10038] 在一个非套接字上尝试了一个操作。

2025-05-26 22:29:58.192464 - ERROR : send/read tcp data error: Traceback (most recent call last):
  File "G:\tools\anaconda1\.venv\lib\site-packages\PyAibote\Tool\SendTcpData.py", line 25, in SendData
    response = self.StarLoadWait(data)
  File "G:\tools\anaconda1\.venv\lib\site-packages\PyAibote\WindowsBotModel\WinLoadWait.py", line 42, in StarLoadWait
    response = self._Send(data)
  File "G:\tools\anaconda1\.venv\lib\site-packages\PyAibote\WindowsBotModel\WinLoadWait.py", line 21, in _Send
    self.request.sendall(data)
OSError: [WinError 10038] 在一个非套接字上尝试了一个操作。

2025-05-26 22:29:58.194460 - ERROR : send/read tcp data error: Traceback (most recent call last):
  File "G:\tools\anaconda1\.venv\lib\site-packages\PyAibote\Tool\SendTcpData.py", line 25, in SendData
    response = self.StarLoadWait(data)
  File "G:\tools\anaconda1\.venv\lib\site-packages\PyAibote\WindowsBotModel\WinLoadWait.py", line 42, in StarLoadWait
    response = self._Send(data)
  File "G:\tools\anaconda1\.venv\lib\site-packages\PyAibote\WindowsBotModel\WinLoadWait.py", line 21, in _Send
    self.request.sendall(data)
OSError: [WinError 10038] 在一个非套接字上尝试了一个操作。

2025-05-26 22:29:58.196455 - ERROR : send/read tcp data error: Traceback (most recent call last):
  File "G:\tools\anaconda1\.venv\lib\site-packages\PyAibote\Tool\SendTcpData.py", line 25, in SendData
    response = self.StarLoadWait(data)
  File "G:\tools\anaconda1\.venv\lib\site-packages\PyAibote\WindowsBotModel\WinLoadWait.py", line 42, in StarLoadWait
    response = self._Send(data)
  File "G:\tools\anaconda1\.venv\lib\site-packages\PyAibote\WindowsBotModel\WinLoadWait.py", line 21, in _Send
    self.request.sendall(data)
OSError: [WinError 10038] 在一个非套接字上尝试了一个操作。

2025-05-26 22:29:58.198449 - ERROR : send/read tcp data error: Traceback (most recent call last):
  File "G:\tools\anaconda1\.venv\lib\site-packages\PyAibote\Tool\SendTcpData.py", line 25, in SendData
    response = self.StarLoadWait(data)
  File "G:\tools\anaconda1\.venv\lib\site-packages\PyAibote\WindowsBotModel\WinLoadWait.py", line 42, in StarLoadWait
    response = self._Send(data)
  File "G:\tools\anaconda1\.venv\lib\site-packages\PyAibote\WindowsBotModel\WinLoadWait.py", line 21, in _Send
    self.request.sendall(data)
OSError: [WinError 10038] 在一个非套接字上尝试了一个操作。

2025-05-26 22:29:58.247422 - ERROR : send/read tcp data error: Traceback (most recent call last):
  File "G:\tools\anaconda1\.venv\lib\site-packages\PyAibote\Tool\SendTcpData.py", line 25, in SendData
    response = self.StarLoadWait(data)
  File "G:\tools\anaconda1\.venv\lib\site-packages\PyAibote\WindowsBotModel\WinLoadWait.py", line 42, in StarLoadWait
    response = self._Send(data)
  File "G:\tools\anaconda1\.venv\lib\site-packages\PyAibote\WindowsBotModel\WinLoadWait.py", line 21, in _Send
    self.request.sendall(data)
OSError: [WinError 10038] 在一个非套接字上尝试了一个操作。

2025-05-26 22:29:58.250259 - ERROR : send/read tcp data error: Traceback (most recent call last):
  File "G:\tools\anaconda1\.venv\lib\site-packages\PyAibote\Tool\SendTcpData.py", line 25, in SendData
    response = self.StarLoadWait(data)
  File "G:\tools\anaconda1\.venv\lib\site-packages\PyAibote\WindowsBotModel\WinLoadWait.py", line 42, in StarLoadWait
    response = self._Send(data)
  File "G:\tools\anaconda1\.venv\lib\site-packages\PyAibote\WindowsBotModel\WinLoadWait.py", line 21, in _Send
    self.request.sendall(data)
OSError: [WinError 10038] 在一个非套接字上尝试了一个操作。

2025-05-26 22:29:58.251246 - ERROR : send/read tcp data error: Traceback (most recent call last):
  File "G:\tools\anaconda1\.venv\lib\site-packages\PyAibote\Tool\SendTcpData.py", line 25, in SendData
    response = self.StarLoadWait(data)
  File "G:\tools\anaconda1\.venv\lib\site-packages\PyAibote\WindowsBotModel\WinLoadWait.py", line 42, in StarLoadWait
    response = self._Send(data)
  File "G:\tools\anaconda1\.venv\lib\site-packages\PyAibote\WindowsBotModel\WinLoadWait.py", line 21, in _Send
    self.request.sendall(data)
OSError: [WinError 10038] 在一个非套接字上尝试了一个操作。

2025-05-26 22:29:58.254238 - ERROR : send/read tcp data error: Traceback (most recent call last):
  File "G:\tools\anaconda1\.venv\lib\site-packages\PyAibote\Tool\SendTcpData.py", line 25, in SendData
    response = self.StarLoadWait(data)
  File "G:\tools\anaconda1\.venv\lib\site-packages\PyAibote\WindowsBotModel\WinLoadWait.py", line 42, in StarLoadWait
    response = self._Send(data)
  File "G:\tools\anaconda1\.venv\lib\site-packages\PyAibote\WindowsBotModel\WinLoadWait.py", line 21, in _Send
    self.request.sendall(data)
OSError: [WinError 10038] 在一个非套接字上尝试了一个操作。

2025-05-26 22:29:58.267231 - ERROR : send/read tcp data error: Traceback (most recent call last):
  File "G:\tools\anaconda1\.venv\lib\site-packages\PyAibote\Tool\SendTcpData.py", line 25, in SendData
    response = self.StarLoadWait(data)
  File "G:\tools\anaconda1\.venv\lib\site-packages\PyAibote\WindowsBotModel\WinLoadWait.py", line 42, in StarLoadWait
    response = self._Send(data)
  File "G:\tools\anaconda1\.venv\lib\site-packages\PyAibote\WindowsBotModel\WinLoadWait.py", line 21, in _Send
    self.request.sendall(data)
OSError: [WinError 10038] 在一个非套接字上尝试了一个操作。

2025-05-26 22:29:58.270256 - ERROR : send/read tcp data error: Traceback (most recent call last):
  File "G:\tools\anaconda1\.venv\lib\site-packages\PyAibote\Tool\SendTcpData.py", line 25, in SendData
    response = self.StarLoadWait(data)
  File "G:\tools\anaconda1\.venv\lib\site-packages\PyAibote\WindowsBotModel\WinLoadWait.py", line 42, in StarLoadWait
    response = self._Send(data)
  File "G:\tools\anaconda1\.venv\lib\site-packages\PyAibote\WindowsBotModel\WinLoadWait.py", line 21, in _Send
    self.request.sendall(data)
OSError: [WinError 10038] 在一个非套接字上尝试了一个操作。

2025-05-26 22:29:58.272239 - ERROR : send/read tcp data error: Traceback (most recent call last):
  File "G:\tools\anaconda1\.venv\lib\site-packages\PyAibote\Tool\SendTcpData.py", line 25, in SendData
    response = self.StarLoadWait(data)
  File "G:\tools\anaconda1\.venv\lib\site-packages\PyAibote\WindowsBotModel\WinLoadWait.py", line 42, in StarLoadWait
    response = self._Send(data)
  File "G:\tools\anaconda1\.venv\lib\site-packages\PyAibote\WindowsBotModel\WinLoadWait.py", line 21, in _Send
    self.request.sendall(data)
OSError: [WinError 10038] 在一个非套接字上尝试了一个操作。

2025-05-26 22:29:58.274234 - ERROR : send/read tcp data error: Traceback (most recent call last):
  File "G:\tools\anaconda1\.venv\lib\site-packages\PyAibote\Tool\SendTcpData.py", line 25, in SendData
    response = self.StarLoadWait(data)
  File "G:\tools\anaconda1\.venv\lib\site-packages\PyAibote\WindowsBotModel\WinLoadWait.py", line 42, in StarLoadWait
    response = self._Send(data)
  File "G:\tools\anaconda1\.venv\lib\site-packages\PyAibote\WindowsBotModel\WinLoadWait.py", line 21, in _Send
    self.request.sendall(data)
OSError: [WinError 10038] 在一个非套接字上尝试了一个操作。

2025-05-26 22:29:58.276229 - ERROR : send/read tcp data error: Traceback (most recent call last):
  File "G:\tools\anaconda1\.venv\lib\site-packages\PyAibote\Tool\SendTcpData.py", line 25, in SendData
    response = self.StarLoadWait(data)
  File "G:\tools\anaconda1\.venv\lib\site-packages\PyAibote\WindowsBotModel\WinLoadWait.py", line 42, in StarLoadWait
    response = self._Send(data)
  File "G:\tools\anaconda1\.venv\lib\site-packages\PyAibote\WindowsBotModel\WinLoadWait.py", line 21, in _Send
    self.request.sendall(data)
OSError: [WinError 10038] 在一个非套接字上尝试了一个操作。

2025-05-26 22:29:58.280281 - ERROR : send/read tcp data error: Traceback (most recent call last):
  File "G:\tools\anaconda1\.venv\lib\site-packages\PyAibote\Tool\SendTcpData.py", line 25, in SendData
    response = self.StarLoadWait(data)
  File "G:\tools\anaconda1\.venv\lib\site-packages\PyAibote\WindowsBotModel\WinLoadWait.py", line 42, in StarLoadWait
    response = self._Send(data)
  File "G:\tools\anaconda1\.venv\lib\site-packages\PyAibote\WindowsBotModel\WinLoadWait.py", line 21, in _Send
    self.request.sendall(data)
OSError: [WinError 10038] 在一个非套接字上尝试了一个操作。

2025-05-26 22:29:58.282246 - ERROR : send/read tcp data error: Traceback (most recent call last):
  File "G:\tools\anaconda1\.venv\lib\site-packages\PyAibote\Tool\SendTcpData.py", line 25, in SendData
    response = self.StarLoadWait(data)
  File "G:\tools\anaconda1\.venv\lib\site-packages\PyAibote\WindowsBotModel\WinLoadWait.py", line 42, in StarLoadWait
    response = self._Send(data)
  File "G:\tools\anaconda1\.venv\lib\site-packages\PyAibote\WindowsBotModel\WinLoadWait.py", line 21, in _Send
    self.request.sendall(data)
OSError: [WinError 10038] 在一个非套接字上尝试了一个操作。

2025-05-26 22:29:58.284242 - ERROR : send/read tcp data error: Traceback (most recent call last):
  File "G:\tools\anaconda1\.venv\lib\site-packages\PyAibote\Tool\SendTcpData.py", line 25, in SendData
    response = self.StarLoadWait(data)
  File "G:\tools\anaconda1\.venv\lib\site-packages\PyAibote\WindowsBotModel\WinLoadWait.py", line 42, in StarLoadWait
    response = self._Send(data)
  File "G:\tools\anaconda1\.venv\lib\site-packages\PyAibote\WindowsBotModel\WinLoadWait.py", line 21, in _Send
    self.request.sendall(data)
OSError: [WinError 10038] 在一个非套接字上尝试了一个操作。

2025-05-26 22:29:58.287234 - ERROR : send/read tcp data error: Traceback (most recent call last):
  File "G:\tools\anaconda1\.venv\lib\site-packages\PyAibote\Tool\SendTcpData.py", line 25, in SendData
    response = self.StarLoadWait(data)
  File "G:\tools\anaconda1\.venv\lib\site-packages\PyAibote\WindowsBotModel\WinLoadWait.py", line 42, in StarLoadWait
    response = self._Send(data)
  File "G:\tools\anaconda1\.venv\lib\site-packages\PyAibote\WindowsBotModel\WinLoadWait.py", line 21, in _Send
    self.request.sendall(data)
OSError: [WinError 10038] 在一个非套接字上尝试了一个操作。

2025-05-26 22:29:58.289752 - ERROR : send/read tcp data error: Traceback (most recent call last):
  File "G:\tools\anaconda1\.venv\lib\site-packages\PyAibote\Tool\SendTcpData.py", line 25, in SendData
    response = self.StarLoadWait(data)
  File "G:\tools\anaconda1\.venv\lib\site-packages\PyAibote\WindowsBotModel\WinLoadWait.py", line 42, in StarLoadWait
    response = self._Send(data)
  File "G:\tools\anaconda1\.venv\lib\site-packages\PyAibote\WindowsBotModel\WinLoadWait.py", line 21, in _Send
    self.request.sendall(data)
OSError: [WinError 10038] 在一个非套接字上尝试了一个操作。

2025-05-26 22:29:58.292256 - ERROR : send/read tcp data error: Traceback (most recent call last):
  File "G:\tools\anaconda1\.venv\lib\site-packages\PyAibote\Tool\SendTcpData.py", line 25, in SendData
    response = self.StarLoadWait(data)
  File "G:\tools\anaconda1\.venv\lib\site-packages\PyAibote\WindowsBotModel\WinLoadWait.py", line 42, in StarLoadWait
    response = self._Send(data)
  File "G:\tools\anaconda1\.venv\lib\site-packages\PyAibote\WindowsBotModel\WinLoadWait.py", line 21, in _Send
    self.request.sendall(data)
OSError: [WinError 10038] 在一个非套接字上尝试了一个操作。

2025-05-26 22:29:58.332261 - ERROR : send/read tcp data error: Traceback (most recent call last):
  File "G:\tools\anaconda1\.venv\lib\site-packages\PyAibote\Tool\SendTcpData.py", line 25, in SendData
    response = self.StarLoadWait(data)
  File "G:\tools\anaconda1\.venv\lib\site-packages\PyAibote\WindowsBotModel\WinLoadWait.py", line 42, in StarLoadWait
    response = self._Send(data)
  File "G:\tools\anaconda1\.venv\lib\site-packages\PyAibote\WindowsBotModel\WinLoadWait.py", line 21, in _Send
    self.request.sendall(data)
OSError: [WinError 10038] 在一个非套接字上尝试了一个操作。

2025-05-26 22:29:58.334256 - ERROR : send/read tcp data error: Traceback (most recent call last):
  File "G:\tools\anaconda1\.venv\lib\site-packages\PyAibote\Tool\SendTcpData.py", line 25, in SendData
    response = self.StarLoadWait(data)
  File "G:\tools\anaconda1\.venv\lib\site-packages\PyAibote\WindowsBotModel\WinLoadWait.py", line 42, in StarLoadWait
    response = self._Send(data)
  File "G:\tools\anaconda1\.venv\lib\site-packages\PyAibote\WindowsBotModel\WinLoadWait.py", line 21, in _Send
    self.request.sendall(data)
OSError: [WinError 10038] 在一个非套接字上尝试了一个操作。

2025-05-26 22:29:58.336250 - ERROR : send/read tcp data error: Traceback (most recent call last):
  File "G:\tools\anaconda1\.venv\lib\site-packages\PyAibote\Tool\SendTcpData.py", line 25, in SendData
    response = self.StarLoadWait(data)
  File "G:\tools\anaconda1\.venv\lib\site-packages\PyAibote\WindowsBotModel\WinLoadWait.py", line 42, in StarLoadWait
    response = self._Send(data)
  File "G:\tools\anaconda1\.venv\lib\site-packages\PyAibote\WindowsBotModel\WinLoadWait.py", line 21, in _Send
    self.request.sendall(data)
OSError: [WinError 10038] 在一个非套接字上尝试了一个操作。

2025-05-26 22:29:58.338245 - ERROR : send/read tcp data error: Traceback (most recent call last):
  File "G:\tools\anaconda1\.venv\lib\site-packages\PyAibote\Tool\SendTcpData.py", line 25, in SendData
    response = self.StarLoadWait(data)
  File "G:\tools\anaconda1\.venv\lib\site-packages\PyAibote\WindowsBotModel\WinLoadWait.py", line 42, in StarLoadWait
    response = self._Send(data)
  File "G:\tools\anaconda1\.venv\lib\site-packages\PyAibote\WindowsBotModel\WinLoadWait.py", line 21, in _Send
    self.request.sendall(data)
OSError: [WinError 10038] 在一个非套接字上尝试了一个操作。

2025-05-26 22:29:58.341265 - ERROR : send/read tcp data error: Traceback (most recent call last):
  File "G:\tools\anaconda1\.venv\lib\site-packages\PyAibote\Tool\SendTcpData.py", line 25, in SendData
    response = self.StarLoadWait(data)
  File "G:\tools\anaconda1\.venv\lib\site-packages\PyAibote\WindowsBotModel\WinLoadWait.py", line 42, in StarLoadWait
    response = self._Send(data)
  File "G:\tools\anaconda1\.venv\lib\site-packages\PyAibote\WindowsBotModel\WinLoadWait.py", line 21, in _Send
    self.request.sendall(data)
OSError: [WinError 10038] 在一个非套接字上尝试了一个操作。

2025-05-26 22:29:58.343260 - ERROR : send/read tcp data error: Traceback (most recent call last):
  File "G:\tools\anaconda1\.venv\lib\site-packages\PyAibote\Tool\SendTcpData.py", line 25, in SendData
    response = self.StarLoadWait(data)
  File "G:\tools\anaconda1\.venv\lib\site-packages\PyAibote\WindowsBotModel\WinLoadWait.py", line 42, in StarLoadWait
    response = self._Send(data)
  File "G:\tools\anaconda1\.venv\lib\site-packages\PyAibote\WindowsBotModel\WinLoadWait.py", line 21, in _Send
    self.request.sendall(data)
OSError: [WinError 10038] 在一个非套接字上尝试了一个操作。

2025-05-26 22:29:58.345255 - ERROR : send/read tcp data error: Traceback (most recent call last):
  File "G:\tools\anaconda1\.venv\lib\site-packages\PyAibote\Tool\SendTcpData.py", line 25, in SendData
    response = self.StarLoadWait(data)
  File "G:\tools\anaconda1\.venv\lib\site-packages\PyAibote\WindowsBotModel\WinLoadWait.py", line 42, in StarLoadWait
    response = self._Send(data)
  File "G:\tools\anaconda1\.venv\lib\site-packages\PyAibote\WindowsBotModel\WinLoadWait.py", line 21, in _Send
    self.request.sendall(data)
OSError: [WinError 10038] 在一个非套接字上尝试了一个操作。

2025-05-26 22:29:58.347250 - ERROR : send/read tcp data error: Traceback (most recent call last):
  File "G:\tools\anaconda1\.venv\lib\site-packages\PyAibote\Tool\SendTcpData.py", line 25, in SendData
    response = self.StarLoadWait(data)
  File "G:\tools\anaconda1\.venv\lib\site-packages\PyAibote\WindowsBotModel\WinLoadWait.py", line 42, in StarLoadWait
    response = self._Send(data)
  File "G:\tools\anaconda1\.venv\lib\site-packages\PyAibote\WindowsBotModel\WinLoadWait.py", line 21, in _Send
    self.request.sendall(data)
OSError: [WinError 10038] 在一个非套接字上尝试了一个操作。

2025-05-26 22:29:58.351275 - ERROR : send/read tcp data error: Traceback (most recent call last):
  File "G:\tools\anaconda1\.venv\lib\site-packages\PyAibote\Tool\SendTcpData.py", line 25, in SendData
    response = self.StarLoadWait(data)
  File "G:\tools\anaconda1\.venv\lib\site-packages\PyAibote\WindowsBotModel\WinLoadWait.py", line 42, in StarLoadWait
    response = self._Send(data)
  File "G:\tools\anaconda1\.venv\lib\site-packages\PyAibote\WindowsBotModel\WinLoadWait.py", line 21, in _Send
    self.request.sendall(data)
OSError: [WinError 10038] 在一个非套接字上尝试了一个操作。

2025-05-26 22:29:58.353266 - ERROR : send/read tcp data error: Traceback (most recent call last):
  File "G:\tools\anaconda1\.venv\lib\site-packages\PyAibote\Tool\SendTcpData.py", line 25, in SendData
    response = self.StarLoadWait(data)
  File "G:\tools\anaconda1\.venv\lib\site-packages\PyAibote\WindowsBotModel\WinLoadWait.py", line 42, in StarLoadWait
    response = self._Send(data)
  File "G:\tools\anaconda1\.venv\lib\site-packages\PyAibote\WindowsBotModel\WinLoadWait.py", line 21, in _Send
    self.request.sendall(data)
OSError: [WinError 10038] 在一个非套接字上尝试了一个操作。

2025-05-26 22:29:58.356258 - ERROR : send/read tcp data error: Traceback (most recent call last):
  File "G:\tools\anaconda1\.venv\lib\site-packages\PyAibote\Tool\SendTcpData.py", line 25, in SendData
    response = self.StarLoadWait(data)
  File "G:\tools\anaconda1\.venv\lib\site-packages\PyAibote\WindowsBotModel\WinLoadWait.py", line 42, in StarLoadWait
    response = self._Send(data)
  File "G:\tools\anaconda1\.venv\lib\site-packages\PyAibote\WindowsBotModel\WinLoadWait.py", line 21, in _Send
    self.request.sendall(data)
OSError: [WinError 10038] 在一个非套接字上尝试了一个操作。

2025-05-26 22:29:58.358253 - ERROR : send/read tcp data error: Traceback (most recent call last):
  File "G:\tools\anaconda1\.venv\lib\site-packages\PyAibote\Tool\SendTcpData.py", line 25, in SendData
    response = self.StarLoadWait(data)
  File "G:\tools\anaconda1\.venv\lib\site-packages\PyAibote\WindowsBotModel\WinLoadWait.py", line 42, in StarLoadWait
    response = self._Send(data)
  File "G:\tools\anaconda1\.venv\lib\site-packages\PyAibote\WindowsBotModel\WinLoadWait.py", line 21, in _Send
    self.request.sendall(data)
OSError: [WinError 10038] 在一个非套接字上尝试了一个操作。

2025-05-26 22:29:58.360316 - ERROR : send/read tcp data error: Traceback (most recent call last):
  File "G:\tools\anaconda1\.venv\lib\site-packages\PyAibote\Tool\SendTcpData.py", line 25, in SendData
    response = self.StarLoadWait(data)
  File "G:\tools\anaconda1\.venv\lib\site-packages\PyAibote\WindowsBotModel\WinLoadWait.py", line 42, in StarLoadWait
    response = self._Send(data)
  File "G:\tools\anaconda1\.venv\lib\site-packages\PyAibote\WindowsBotModel\WinLoadWait.py", line 21, in _Send
    self.request.sendall(data)
OSError: [WinError 10038] 在一个非套接字上尝试了一个操作。

2025-05-26 22:29:58.362303 - ERROR : send/read tcp data error: Traceback (most recent call last):
  File "G:\tools\anaconda1\.venv\lib\site-packages\PyAibote\Tool\SendTcpData.py", line 25, in SendData
    response = self.StarLoadWait(data)
  File "G:\tools\anaconda1\.venv\lib\site-packages\PyAibote\WindowsBotModel\WinLoadWait.py", line 42, in StarLoadWait
    response = self._Send(data)
  File "G:\tools\anaconda1\.venv\lib\site-packages\PyAibote\WindowsBotModel\WinLoadWait.py", line 21, in _Send
    self.request.sendall(data)
OSError: [WinError 10038] 在一个非套接字上尝试了一个操作。

2025-05-26 22:29:58.364298 - ERROR : send/read tcp data error: Traceback (most recent call last):
  File "G:\tools\anaconda1\.venv\lib\site-packages\PyAibote\Tool\SendTcpData.py", line 25, in SendData
    response = self.StarLoadWait(data)
  File "G:\tools\anaconda1\.venv\lib\site-packages\PyAibote\WindowsBotModel\WinLoadWait.py", line 42, in StarLoadWait
    response = self._Send(data)
  File "G:\tools\anaconda1\.venv\lib\site-packages\PyAibote\WindowsBotModel\WinLoadWait.py", line 21, in _Send
    self.request.sendall(data)
OSError: [WinError 10038] 在一个非套接字上尝试了一个操作。

2025-05-26 22:29:58.381296 - ERROR : send/read tcp data error: Traceback (most recent call last):
  File "G:\tools\anaconda1\.venv\lib\site-packages\PyAibote\Tool\SendTcpData.py", line 25, in SendData
    response = self.StarLoadWait(data)
  File "G:\tools\anaconda1\.venv\lib\site-packages\PyAibote\WindowsBotModel\WinLoadWait.py", line 42, in StarLoadWait
    response = self._Send(data)
  File "G:\tools\anaconda1\.venv\lib\site-packages\PyAibote\WindowsBotModel\WinLoadWait.py", line 21, in _Send
    self.request.sendall(data)
OSError: [WinError 10038] 在一个非套接字上尝试了一个操作。

2025-05-26 22:29:58.383291 - ERROR : send/read tcp data error: Traceback (most recent call last):
  File "G:\tools\anaconda1\.venv\lib\site-packages\PyAibote\Tool\SendTcpData.py", line 25, in SendData
    response = self.StarLoadWait(data)
  File "G:\tools\anaconda1\.venv\lib\site-packages\PyAibote\WindowsBotModel\WinLoadWait.py", line 42, in StarLoadWait
    response = self._Send(data)
  File "G:\tools\anaconda1\.venv\lib\site-packages\PyAibote\WindowsBotModel\WinLoadWait.py", line 21, in _Send
    self.request.sendall(data)
OSError: [WinError 10038] 在一个非套接字上尝试了一个操作。

2025-05-26 22:29:58.386284 - ERROR : send/read tcp data error: Traceback (most recent call last):
  File "G:\tools\anaconda1\.venv\lib\site-packages\PyAibote\Tool\SendTcpData.py", line 25, in SendData
    response = self.StarLoadWait(data)
  File "G:\tools\anaconda1\.venv\lib\site-packages\PyAibote\WindowsBotModel\WinLoadWait.py", line 42, in StarLoadWait
    response = self._Send(data)
  File "G:\tools\anaconda1\.venv\lib\site-packages\PyAibote\WindowsBotModel\WinLoadWait.py", line 21, in _Send
    self.request.sendall(data)
OSError: [WinError 10038] 在一个非套接字上尝试了一个操作。

2025-05-26 22:29:58.388278 - ERROR : send/read tcp data error: Traceback (most recent call last):
  File "G:\tools\anaconda1\.venv\lib\site-packages\PyAibote\Tool\SendTcpData.py", line 25, in SendData
    response = self.StarLoadWait(data)
  File "G:\tools\anaconda1\.venv\lib\site-packages\PyAibote\WindowsBotModel\WinLoadWait.py", line 42, in StarLoadWait
    response = self._Send(data)
  File "G:\tools\anaconda1\.venv\lib\site-packages\PyAibote\WindowsBotModel\WinLoadWait.py", line 21, in _Send
    self.request.sendall(data)
OSError: [WinError 10038] 在一个非套接字上尝试了一个操作。

2025-05-26 22:29:58.390318 - ERROR : send/read tcp data error: Traceback (most recent call last):
  File "G:\tools\anaconda1\.venv\lib\site-packages\PyAibote\Tool\SendTcpData.py", line 25, in SendData
    response = self.StarLoadWait(data)
  File "G:\tools\anaconda1\.venv\lib\site-packages\PyAibote\WindowsBotModel\WinLoadWait.py", line 42, in StarLoadWait
    response = self._Send(data)
  File "G:\tools\anaconda1\.venv\lib\site-packages\PyAibote\WindowsBotModel\WinLoadWait.py", line 21, in _Send
    self.request.sendall(data)
OSError: [WinError 10038] 在一个非套接字上尝试了一个操作。

2025-05-26 22:29:58.392293 - ERROR : send/read tcp data error: Traceback (most recent call last):
  File "G:\tools\anaconda1\.venv\lib\site-packages\PyAibote\Tool\SendTcpData.py", line 25, in SendData
    response = self.StarLoadWait(data)
  File "G:\tools\anaconda1\.venv\lib\site-packages\PyAibote\WindowsBotModel\WinLoadWait.py", line 42, in StarLoadWait
    response = self._Send(data)
  File "G:\tools\anaconda1\.venv\lib\site-packages\PyAibote\WindowsBotModel\WinLoadWait.py", line 21, in _Send
    self.request.sendall(data)
OSError: [WinError 10038] 在一个非套接字上尝试了一个操作。

2025-05-26 22:29:58.395286 - ERROR : send/read tcp data error: Traceback (most recent call last):
  File "G:\tools\anaconda1\.venv\lib\site-packages\PyAibote\Tool\SendTcpData.py", line 25, in SendData
    response = self.StarLoadWait(data)
  File "G:\tools\anaconda1\.venv\lib\site-packages\PyAibote\WindowsBotModel\WinLoadWait.py", line 42, in StarLoadWait
    response = self._Send(data)
  File "G:\tools\anaconda1\.venv\lib\site-packages\PyAibote\WindowsBotModel\WinLoadWait.py", line 21, in _Send
    self.request.sendall(data)
OSError: [WinError 10038] 在一个非套接字上尝试了一个操作。

2025-05-26 22:29:58.397281 - ERROR : send/read tcp data error: Traceback (most recent call last):
  File "G:\tools\anaconda1\.venv\lib\site-packages\PyAibote\Tool\SendTcpData.py", line 25, in SendData
    response = self.StarLoadWait(data)
  File "G:\tools\anaconda1\.venv\lib\site-packages\PyAibote\WindowsBotModel\WinLoadWait.py", line 42, in StarLoadWait
    response = self._Send(data)
  File "G:\tools\anaconda1\.venv\lib\site-packages\PyAibote\WindowsBotModel\WinLoadWait.py", line 21, in _Send
    self.request.sendall(data)
OSError: [WinError 10038] 在一个非套接字上尝试了一个操作。

2025-05-26 22:29:58.399796 - ERROR : send/read tcp data error: Traceback (most recent call last):
  File "G:\tools\anaconda1\.venv\lib\site-packages\PyAibote\Tool\SendTcpData.py", line 25, in SendData
    response = self.StarLoadWait(data)
  File "G:\tools\anaconda1\.venv\lib\site-packages\PyAibote\WindowsBotModel\WinLoadWait.py", line 42, in StarLoadWait
    response = self._Send(data)
  File "G:\tools\anaconda1\.venv\lib\site-packages\PyAibote\WindowsBotModel\WinLoadWait.py", line 21, in _Send
    self.request.sendall(data)
OSError: [WinError 10038] 在一个非套接字上尝试了一个操作。

2025-05-26 22:29:58.401302 - ERROR : send/read tcp data error: Traceback (most recent call last):
  File "G:\tools\anaconda1\.venv\lib\site-packages\PyAibote\Tool\SendTcpData.py", line 25, in SendData
    response = self.StarLoadWait(data)
  File "G:\tools\anaconda1\.venv\lib\site-packages\PyAibote\WindowsBotModel\WinLoadWait.py", line 42, in StarLoadWait
    response = self._Send(data)
  File "G:\tools\anaconda1\.venv\lib\site-packages\PyAibote\WindowsBotModel\WinLoadWait.py", line 21, in _Send
    self.request.sendall(data)
OSError: [WinError 10038] 在一个非套接字上尝试了一个操作。

2025-05-26 22:29:58.405292 - ERROR : send/read tcp data error: Traceback (most recent call last):
  File "G:\tools\anaconda1\.venv\lib\site-packages\PyAibote\Tool\SendTcpData.py", line 25, in SendData
    response = self.StarLoadWait(data)
  File "G:\tools\anaconda1\.venv\lib\site-packages\PyAibote\WindowsBotModel\WinLoadWait.py", line 42, in StarLoadWait
    response = self._Send(data)
  File "G:\tools\anaconda1\.venv\lib\site-packages\PyAibote\WindowsBotModel\WinLoadWait.py", line 21, in _Send
    self.request.sendall(data)
OSError: [WinError 10038] 在一个非套接字上尝试了一个操作。

2025-05-26 22:29:58.407287 - ERROR : send/read tcp data error: Traceback (most recent call last):
  File "G:\tools\anaconda1\.venv\lib\site-packages\PyAibote\Tool\SendTcpData.py", line 25, in SendData
    response = self.StarLoadWait(data)
  File "G:\tools\anaconda1\.venv\lib\site-packages\PyAibote\WindowsBotModel\WinLoadWait.py", line 42, in StarLoadWait
    response = self._Send(data)
  File "G:\tools\anaconda1\.venv\lib\site-packages\PyAibote\WindowsBotModel\WinLoadWait.py", line 21, in _Send
    self.request.sendall(data)
OSError: [WinError 10038] 在一个非套接字上尝试了一个操作。

2025-05-26 22:29:58.409799 - ERROR : send/read tcp data error: Traceback (most recent call last):
  File "G:\tools\anaconda1\.venv\lib\site-packages\PyAibote\Tool\SendTcpData.py", line 25, in SendData
    response = self.StarLoadWait(data)
  File "G:\tools\anaconda1\.venv\lib\site-packages\PyAibote\WindowsBotModel\WinLoadWait.py", line 42, in StarLoadWait
    response = self._Send(data)
  File "G:\tools\anaconda1\.venv\lib\site-packages\PyAibote\WindowsBotModel\WinLoadWait.py", line 21, in _Send
    self.request.sendall(data)
OSError: [WinError 10038] 在一个非套接字上尝试了一个操作。

2025-05-26 22:29:58.412301 - ERROR : send/read tcp data error: Traceback (most recent call last):
  File "G:\tools\anaconda1\.venv\lib\site-packages\PyAibote\Tool\SendTcpData.py", line 25, in SendData
    response = self.StarLoadWait(data)
  File "G:\tools\anaconda1\.venv\lib\site-packages\PyAibote\WindowsBotModel\WinLoadWait.py", line 42, in StarLoadWait
    response = self._Send(data)
  File "G:\tools\anaconda1\.venv\lib\site-packages\PyAibote\WindowsBotModel\WinLoadWait.py", line 21, in _Send
    self.request.sendall(data)
OSError: [WinError 10038] 在一个非套接字上尝试了一个操作。

2025-05-26 22:29:58.414296 - ERROR : send/read tcp data error: Traceback (most recent call last):
  File "G:\tools\anaconda1\.venv\lib\site-packages\PyAibote\Tool\SendTcpData.py", line 25, in SendData
    response = self.StarLoadWait(data)
  File "G:\tools\anaconda1\.venv\lib\site-packages\PyAibote\WindowsBotModel\WinLoadWait.py", line 42, in StarLoadWait
    response = self._Send(data)
  File "G:\tools\anaconda1\.venv\lib\site-packages\PyAibote\WindowsBotModel\WinLoadWait.py", line 21, in _Send
    self.request.sendall(data)
OSError: [WinError 10038] 在一个非套接字上尝试了一个操作。

2025-05-26 22:29:58.416292 - ERROR : send/read tcp data error: Traceback (most recent call last):
  File "G:\tools\anaconda1\.venv\lib\site-packages\PyAibote\Tool\SendTcpData.py", line 25, in SendData
    response = self.StarLoadWait(data)
  File "G:\tools\anaconda1\.venv\lib\site-packages\PyAibote\WindowsBotModel\WinLoadWait.py", line 42, in StarLoadWait
    response = self._Send(data)
  File "G:\tools\anaconda1\.venv\lib\site-packages\PyAibote\WindowsBotModel\WinLoadWait.py", line 21, in _Send
    self.request.sendall(data)
OSError: [WinError 10038] 在一个非套接字上尝试了一个操作。

2025-05-26 22:29:58.425297 - ERROR : send/read tcp data error: Traceback (most recent call last):
  File "G:\tools\anaconda1\.venv\lib\site-packages\PyAibote\Tool\SendTcpData.py", line 25, in SendData
    response = self.StarLoadWait(data)
  File "G:\tools\anaconda1\.venv\lib\site-packages\PyAibote\WindowsBotModel\WinLoadWait.py", line 42, in StarLoadWait
    response = self._Send(data)
  File "G:\tools\anaconda1\.venv\lib\site-packages\PyAibote\WindowsBotModel\WinLoadWait.py", line 21, in _Send
    self.request.sendall(data)
OSError: [WinError 10038] 在一个非套接字上尝试了一个操作。

2025-05-26 22:29:58.428289 - ERROR : send/read tcp data error: Traceback (most recent call last):
  File "G:\tools\anaconda1\.venv\lib\site-packages\PyAibote\Tool\SendTcpData.py", line 25, in SendData
    response = self.StarLoadWait(data)
  File "G:\tools\anaconda1\.venv\lib\site-packages\PyAibote\WindowsBotModel\WinLoadWait.py", line 42, in StarLoadWait
    response = self._Send(data)
  File "G:\tools\anaconda1\.venv\lib\site-packages\PyAibote\WindowsBotModel\WinLoadWait.py", line 21, in _Send
    self.request.sendall(data)
OSError: [WinError 10038] 在一个非套接字上尝试了一个操作。

2025-05-26 22:29:58.430324 - ERROR : send/read tcp data error: Traceback (most recent call last):
  File "G:\tools\anaconda1\.venv\lib\site-packages\PyAibote\Tool\SendTcpData.py", line 25, in SendData
    response = self.StarLoadWait(data)
  File "G:\tools\anaconda1\.venv\lib\site-packages\PyAibote\WindowsBotModel\WinLoadWait.py", line 42, in StarLoadWait
    response = self._Send(data)
  File "G:\tools\anaconda1\.venv\lib\site-packages\PyAibote\WindowsBotModel\WinLoadWait.py", line 21, in _Send
    self.request.sendall(data)
OSError: [WinError 10038] 在一个非套接字上尝试了一个操作。

2025-05-26 22:29:58.432310 - ERROR : send/read tcp data error: Traceback (most recent call last):
  File "G:\tools\anaconda1\.venv\lib\site-packages\PyAibote\Tool\SendTcpData.py", line 25, in SendData
    response = self.StarLoadWait(data)
  File "G:\tools\anaconda1\.venv\lib\site-packages\PyAibote\WindowsBotModel\WinLoadWait.py", line 42, in StarLoadWait
    response = self._Send(data)
  File "G:\tools\anaconda1\.venv\lib\site-packages\PyAibote\WindowsBotModel\WinLoadWait.py", line 21, in _Send
    self.request.sendall(data)
OSError: [WinError 10038] 在一个非套接字上尝试了一个操作。

2025-05-26 22:29:58.434305 - ERROR : send/read tcp data error: Traceback (most recent call last):
  File "G:\tools\anaconda1\.venv\lib\site-packages\PyAibote\Tool\SendTcpData.py", line 25, in SendData
    response = self.StarLoadWait(data)
  File "G:\tools\anaconda1\.venv\lib\site-packages\PyAibote\WindowsBotModel\WinLoadWait.py", line 42, in StarLoadWait
    response = self._Send(data)
  File "G:\tools\anaconda1\.venv\lib\site-packages\PyAibote\WindowsBotModel\WinLoadWait.py", line 21, in _Send
    self.request.sendall(data)
OSError: [WinError 10038] 在一个非套接字上尝试了一个操作。

2025-05-26 22:29:58.439828 - ERROR : send/read tcp data error: Traceback (most recent call last):
  File "G:\tools\anaconda1\.venv\lib\site-packages\PyAibote\Tool\SendTcpData.py", line 25, in SendData
    response = self.StarLoadWait(data)
  File "G:\tools\anaconda1\.venv\lib\site-packages\PyAibote\WindowsBotModel\WinLoadWait.py", line 42, in StarLoadWait
    response = self._Send(data)
  File "G:\tools\anaconda1\.venv\lib\site-packages\PyAibote\WindowsBotModel\WinLoadWait.py", line 21, in _Send
    self.request.sendall(data)
OSError: [WinError 10038] 在一个非套接字上尝试了一个操作。

2025-05-26 22:29:58.442331 - ERROR : send/read tcp data error: Traceback (most recent call last):
  File "G:\tools\anaconda1\.venv\lib\site-packages\PyAibote\Tool\SendTcpData.py", line 25, in SendData
    response = self.StarLoadWait(data)
  File "G:\tools\anaconda1\.venv\lib\site-packages\PyAibote\WindowsBotModel\WinLoadWait.py", line 42, in StarLoadWait
    response = self._Send(data)
  File "G:\tools\anaconda1\.venv\lib\site-packages\PyAibote\WindowsBotModel\WinLoadWait.py", line 21, in _Send
    self.request.sendall(data)
OSError: [WinError 10038] 在一个非套接字上尝试了一个操作。

2025-05-26 22:29:58.449833 - ERROR : send/read tcp data error: Traceback (most recent call last):
  File "G:\tools\anaconda1\.venv\lib\site-packages\PyAibote\Tool\SendTcpData.py", line 25, in SendData
    response = self.StarLoadWait(data)
  File "G:\tools\anaconda1\.venv\lib\site-packages\PyAibote\WindowsBotModel\WinLoadWait.py", line 42, in StarLoadWait
    response = self._Send(data)
  File "G:\tools\anaconda1\.venv\lib\site-packages\PyAibote\WindowsBotModel\WinLoadWait.py", line 21, in _Send
    self.request.sendall(data)
OSError: [WinError 10038] 在一个非套接字上尝试了一个操作。

2025-05-26 22:29:58.452336 - ERROR : send/read tcp data error: Traceback (most recent call last):
  File "G:\tools\anaconda1\.venv\lib\site-packages\PyAibote\Tool\SendTcpData.py", line 25, in SendData
    response = self.StarLoadWait(data)
  File "G:\tools\anaconda1\.venv\lib\site-packages\PyAibote\WindowsBotModel\WinLoadWait.py", line 42, in StarLoadWait
    response = self._Send(data)
  File "G:\tools\anaconda1\.venv\lib\site-packages\PyAibote\WindowsBotModel\WinLoadWait.py", line 21, in _Send
    self.request.sendall(data)
OSError: [WinError 10038] 在一个非套接字上尝试了一个操作。

2025-05-26 22:29:58.454331 - ERROR : send/read tcp data error: Traceback (most recent call last):
  File "G:\tools\anaconda1\.venv\lib\site-packages\PyAibote\Tool\SendTcpData.py", line 25, in SendData
    response = self.StarLoadWait(data)
  File "G:\tools\anaconda1\.venv\lib\site-packages\PyAibote\WindowsBotModel\WinLoadWait.py", line 42, in StarLoadWait
    response = self._Send(data)
  File "G:\tools\anaconda1\.venv\lib\site-packages\PyAibote\WindowsBotModel\WinLoadWait.py", line 21, in _Send
    self.request.sendall(data)
OSError: [WinError 10038] 在一个非套接字上尝试了一个操作。

2025-05-26 22:29:58.456326 - ERROR : send/read tcp data error: Traceback (most recent call last):
  File "G:\tools\anaconda1\.venv\lib\site-packages\PyAibote\Tool\SendTcpData.py", line 25, in SendData
    response = self.StarLoadWait(data)
  File "G:\tools\anaconda1\.venv\lib\site-packages\PyAibote\WindowsBotModel\WinLoadWait.py", line 42, in StarLoadWait
    response = self._Send(data)
  File "G:\tools\anaconda1\.venv\lib\site-packages\PyAibote\WindowsBotModel\WinLoadWait.py", line 21, in _Send
    self.request.sendall(data)
OSError: [WinError 10038] 在一个非套接字上尝试了一个操作。

2025-05-26 22:29:58.460359 - ERROR : send/read tcp data error: Traceback (most recent call last):
  File "G:\tools\anaconda1\.venv\lib\site-packages\PyAibote\Tool\SendTcpData.py", line 25, in SendData
    response = self.StarLoadWait(data)
  File "G:\tools\anaconda1\.venv\lib\site-packages\PyAibote\WindowsBotModel\WinLoadWait.py", line 42, in StarLoadWait
    response = self._Send(data)
  File "G:\tools\anaconda1\.venv\lib\site-packages\PyAibote\WindowsBotModel\WinLoadWait.py", line 21, in _Send
    self.request.sendall(data)
OSError: [WinError 10038] 在一个非套接字上尝试了一个操作。

2025-05-26 22:29:58.463340 - ERROR : send/read tcp data error: Traceback (most recent call last):
  File "G:\tools\anaconda1\.venv\lib\site-packages\PyAibote\Tool\SendTcpData.py", line 25, in SendData
    response = self.StarLoadWait(data)
  File "G:\tools\anaconda1\.venv\lib\site-packages\PyAibote\WindowsBotModel\WinLoadWait.py", line 42, in StarLoadWait
    response = self._Send(data)
  File "G:\tools\anaconda1\.venv\lib\site-packages\PyAibote\WindowsBotModel\WinLoadWait.py", line 21, in _Send
    self.request.sendall(data)
OSError: [WinError 10038] 在一个非套接字上尝试了一个操作。

2025-05-26 22:29:58.468328 - ERROR : send/read tcp data error: Traceback (most recent call last):
  File "G:\tools\anaconda1\.venv\lib\site-packages\PyAibote\Tool\SendTcpData.py", line 25, in SendData
    response = self.StarLoadWait(data)
  File "G:\tools\anaconda1\.venv\lib\site-packages\PyAibote\WindowsBotModel\WinLoadWait.py", line 42, in StarLoadWait
    response = self._Send(data)
  File "G:\tools\anaconda1\.venv\lib\site-packages\PyAibote\WindowsBotModel\WinLoadWait.py", line 21, in _Send
    self.request.sendall(data)
OSError: [WinError 10038] 在一个非套接字上尝试了一个操作。

2025-05-26 22:29:58.471370 - ERROR : send/read tcp data error: Traceback (most recent call last):
  File "G:\tools\anaconda1\.venv\lib\site-packages\PyAibote\Tool\SendTcpData.py", line 25, in SendData
    response = self.StarLoadWait(data)
  File "G:\tools\anaconda1\.venv\lib\site-packages\PyAibote\WindowsBotModel\WinLoadWait.py", line 42, in StarLoadWait
    response = self._Send(data)
  File "G:\tools\anaconda1\.venv\lib\site-packages\PyAibote\WindowsBotModel\WinLoadWait.py", line 21, in _Send
    self.request.sendall(data)
OSError: [WinError 10038] 在一个非套接字上尝试了一个操作。

2025-05-26 22:29:58.473365 - ERROR : send/read tcp data error: Traceback (most recent call last):
  File "G:\tools\anaconda1\.venv\lib\site-packages\PyAibote\Tool\SendTcpData.py", line 25, in SendData
    response = self.StarLoadWait(data)
  File "G:\tools\anaconda1\.venv\lib\site-packages\PyAibote\WindowsBotModel\WinLoadWait.py", line 42, in StarLoadWait
    response = self._Send(data)
  File "G:\tools\anaconda1\.venv\lib\site-packages\PyAibote\WindowsBotModel\WinLoadWait.py", line 21, in _Send
    self.request.sendall(data)
OSError: [WinError 10038] 在一个非套接字上尝试了一个操作。

2025-05-26 22:29:58.475360 - ERROR : send/read tcp data error: Traceback (most recent call last):
  File "G:\tools\anaconda1\.venv\lib\site-packages\PyAibote\Tool\SendTcpData.py", line 25, in SendData
    response = self.StarLoadWait(data)
  File "G:\tools\anaconda1\.venv\lib\site-packages\PyAibote\WindowsBotModel\WinLoadWait.py", line 42, in StarLoadWait
    response = self._Send(data)
  File "G:\tools\anaconda1\.venv\lib\site-packages\PyAibote\WindowsBotModel\WinLoadWait.py", line 21, in _Send
    self.request.sendall(data)
OSError: [WinError 10038] 在一个非套接字上尝试了一个操作。

2025-05-26 22:29:58.478353 - ERROR : send/read tcp data error: Traceback (most recent call last):
  File "G:\tools\anaconda1\.venv\lib\site-packages\PyAibote\Tool\SendTcpData.py", line 25, in SendData
    response = self.StarLoadWait(data)
  File "G:\tools\anaconda1\.venv\lib\site-packages\PyAibote\WindowsBotModel\WinLoadWait.py", line 42, in StarLoadWait
    response = self._Send(data)
  File "G:\tools\anaconda1\.venv\lib\site-packages\PyAibote\WindowsBotModel\WinLoadWait.py", line 21, in _Send
    self.request.sendall(data)
OSError: [WinError 10038] 在一个非套接字上尝试了一个操作。

2025-05-26 22:29:58.480390 - ERROR : send/read tcp data error: Traceback (most recent call last):
  File "G:\tools\anaconda1\.venv\lib\site-packages\PyAibote\Tool\SendTcpData.py", line 25, in SendData
    response = self.StarLoadWait(data)
  File "G:\tools\anaconda1\.venv\lib\site-packages\PyAibote\WindowsBotModel\WinLoadWait.py", line 42, in StarLoadWait
    response = self._Send(data)
  File "G:\tools\anaconda1\.venv\lib\site-packages\PyAibote\WindowsBotModel\WinLoadWait.py", line 21, in _Send
    self.request.sendall(data)
OSError: [WinError 10038] 在一个非套接字上尝试了一个操作。

2025-05-26 22:29:58.483373 - ERROR : send/read tcp data error: Traceback (most recent call last):
  File "G:\tools\anaconda1\.venv\lib\site-packages\PyAibote\Tool\SendTcpData.py", line 25, in SendData
    response = self.StarLoadWait(data)
  File "G:\tools\anaconda1\.venv\lib\site-packages\PyAibote\WindowsBotModel\WinLoadWait.py", line 42, in StarLoadWait
    response = self._Send(data)
  File "G:\tools\anaconda1\.venv\lib\site-packages\PyAibote\WindowsBotModel\WinLoadWait.py", line 21, in _Send
    self.request.sendall(data)
OSError: [WinError 10038] 在一个非套接字上尝试了一个操作。

2025-05-26 22:29:58.875043 - ERROR : send/read tcp data error: Traceback (most recent call last):
  File "G:\tools\anaconda1\.venv\lib\site-packages\PyAibote\Tool\SendTcpData.py", line 25, in SendData
    response = self.StarLoadWait(data)
  File "G:\tools\anaconda1\.venv\lib\site-packages\PyAibote\WindowsBotModel\WinLoadWait.py", line 42, in StarLoadWait
    response = self._Send(data)
  File "G:\tools\anaconda1\.venv\lib\site-packages\PyAibote\WindowsBotModel\WinLoadWait.py", line 21, in _Send
    self.request.sendall(data)
OSError: [WinError 10038] 在一个非套接字上尝试了一个操作。

2025-05-26 22:29:58.877038 - ERROR : send/read tcp data error: Traceback (most recent call last):
  File "G:\tools\anaconda1\.venv\lib\site-packages\PyAibote\Tool\SendTcpData.py", line 25, in SendData
    response = self.StarLoadWait(data)
  File "G:\tools\anaconda1\.venv\lib\site-packages\PyAibote\WindowsBotModel\WinLoadWait.py", line 42, in StarLoadWait
    response = self._Send(data)
  File "G:\tools\anaconda1\.venv\lib\site-packages\PyAibote\WindowsBotModel\WinLoadWait.py", line 21, in _Send
    self.request.sendall(data)
OSError: [WinError 10038] 在一个非套接字上尝试了一个操作。

2025-05-26 22:29:58.882024 - ERROR : send/read tcp data error: Traceback (most recent call last):
  File "G:\tools\anaconda1\.venv\lib\site-packages\PyAibote\Tool\SendTcpData.py", line 25, in SendData
    response = self.StarLoadWait(data)
  File "G:\tools\anaconda1\.venv\lib\site-packages\PyAibote\WindowsBotModel\WinLoadWait.py", line 42, in StarLoadWait
    response = self._Send(data)
  File "G:\tools\anaconda1\.venv\lib\site-packages\PyAibote\WindowsBotModel\WinLoadWait.py", line 21, in _Send
    self.request.sendall(data)
OSError: [WinError 10038] 在一个非套接字上尝试了一个操作。

2025-05-26 22:29:58.885017 - ERROR : send/read tcp data error: Traceback (most recent call last):
  File "G:\tools\anaconda1\.venv\lib\site-packages\PyAibote\Tool\SendTcpData.py", line 25, in SendData
    response = self.StarLoadWait(data)
  File "G:\tools\anaconda1\.venv\lib\site-packages\PyAibote\WindowsBotModel\WinLoadWait.py", line 42, in StarLoadWait
    response = self._Send(data)
  File "G:\tools\anaconda1\.venv\lib\site-packages\PyAibote\WindowsBotModel\WinLoadWait.py", line 21, in _Send
    self.request.sendall(data)
OSError: [WinError 10038] 在一个非套接字上尝试了一个操作。

2025-05-26 22:29:58.887011 - ERROR : send/read tcp data error: Traceback (most recent call last):
  File "G:\tools\anaconda1\.venv\lib\site-packages\PyAibote\Tool\SendTcpData.py", line 25, in SendData
    response = self.StarLoadWait(data)
  File "G:\tools\anaconda1\.venv\lib\site-packages\PyAibote\WindowsBotModel\WinLoadWait.py", line 42, in StarLoadWait
    response = self._Send(data)
  File "G:\tools\anaconda1\.venv\lib\site-packages\PyAibote\WindowsBotModel\WinLoadWait.py", line 21, in _Send
    self.request.sendall(data)
OSError: [WinError 10038] 在一个非套接字上尝试了一个操作。

2025-05-26 22:29:58.890004 - ERROR : send/read tcp data error: Traceback (most recent call last):
  File "G:\tools\anaconda1\.venv\lib\site-packages\PyAibote\Tool\SendTcpData.py", line 25, in SendData
    response = self.StarLoadWait(data)
  File "G:\tools\anaconda1\.venv\lib\site-packages\PyAibote\WindowsBotModel\WinLoadWait.py", line 42, in StarLoadWait
    response = self._Send(data)
  File "G:\tools\anaconda1\.venv\lib\site-packages\PyAibote\WindowsBotModel\WinLoadWait.py", line 21, in _Send
    self.request.sendall(data)
OSError: [WinError 10038] 在一个非套接字上尝试了一个操作。

2025-05-26 22:29:58.891999 - ERROR : send/read tcp data error: Traceback (most recent call last):
  File "G:\tools\anaconda1\.venv\lib\site-packages\PyAibote\Tool\SendTcpData.py", line 25, in SendData
    response = self.StarLoadWait(data)
  File "G:\tools\anaconda1\.venv\lib\site-packages\PyAibote\WindowsBotModel\WinLoadWait.py", line 42, in StarLoadWait
    response = self._Send(data)
  File "G:\tools\anaconda1\.venv\lib\site-packages\PyAibote\WindowsBotModel\WinLoadWait.py", line 21, in _Send
    self.request.sendall(data)
OSError: [WinError 10038] 在一个非套接字上尝试了一个操作。

2025-05-26 22:29:58.893994 - ERROR : send/read tcp data error: Traceback (most recent call last):
  File "G:\tools\anaconda1\.venv\lib\site-packages\PyAibote\Tool\SendTcpData.py", line 25, in SendData
    response = self.StarLoadWait(data)
  File "G:\tools\anaconda1\.venv\lib\site-packages\PyAibote\WindowsBotModel\WinLoadWait.py", line 42, in StarLoadWait
    response = self._Send(data)
  File "G:\tools\anaconda1\.venv\lib\site-packages\PyAibote\WindowsBotModel\WinLoadWait.py", line 21, in _Send
    self.request.sendall(data)
OSError: [WinError 10038] 在一个非套接字上尝试了一个操作。

2025-05-26 22:29:58.895990 - ERROR : send/read tcp data error: Traceback (most recent call last):
  File "G:\tools\anaconda1\.venv\lib\site-packages\PyAibote\Tool\SendTcpData.py", line 25, in SendData
    response = self.StarLoadWait(data)
  File "G:\tools\anaconda1\.venv\lib\site-packages\PyAibote\WindowsBotModel\WinLoadWait.py", line 42, in StarLoadWait
    response = self._Send(data)
  File "G:\tools\anaconda1\.venv\lib\site-packages\PyAibote\WindowsBotModel\WinLoadWait.py", line 21, in _Send
    self.request.sendall(data)
OSError: [WinError 10038] 在一个非套接字上尝试了一个操作。

2025-05-26 22:29:58.898981 - ERROR : send/read tcp data error: Traceback (most recent call last):
  File "G:\tools\anaconda1\.venv\lib\site-packages\PyAibote\Tool\SendTcpData.py", line 25, in SendData
    response = self.StarLoadWait(data)
  File "G:\tools\anaconda1\.venv\lib\site-packages\PyAibote\WindowsBotModel\WinLoadWait.py", line 42, in StarLoadWait
    response = self._Send(data)
  File "G:\tools\anaconda1\.venv\lib\site-packages\PyAibote\WindowsBotModel\WinLoadWait.py", line 21, in _Send
    self.request.sendall(data)
OSError: [WinError 10038] 在一个非套接字上尝试了一个操作。

2025-05-26 22:29:58.901974 - ERROR : send/read tcp data error: Traceback (most recent call last):
  File "G:\tools\anaconda1\.venv\lib\site-packages\PyAibote\Tool\SendTcpData.py", line 25, in SendData
    response = self.StarLoadWait(data)
  File "G:\tools\anaconda1\.venv\lib\site-packages\PyAibote\WindowsBotModel\WinLoadWait.py", line 42, in StarLoadWait
    response = self._Send(data)
  File "G:\tools\anaconda1\.venv\lib\site-packages\PyAibote\WindowsBotModel\WinLoadWait.py", line 21, in _Send
    self.request.sendall(data)
OSError: [WinError 10038] 在一个非套接字上尝试了一个操作。

2025-05-26 22:29:58.904967 - ERROR : send/read tcp data error: Traceback (most recent call last):
  File "G:\tools\anaconda1\.venv\lib\site-packages\PyAibote\Tool\SendTcpData.py", line 25, in SendData
    response = self.StarLoadWait(data)
  File "G:\tools\anaconda1\.venv\lib\site-packages\PyAibote\WindowsBotModel\WinLoadWait.py", line 42, in StarLoadWait
    response = self._Send(data)
  File "G:\tools\anaconda1\.venv\lib\site-packages\PyAibote\WindowsBotModel\WinLoadWait.py", line 21, in _Send
    self.request.sendall(data)
OSError: [WinError 10038] 在一个非套接字上尝试了一个操作。

2025-05-26 22:29:58.906962 - ERROR : send/read tcp data error: Traceback (most recent call last):
  File "G:\tools\anaconda1\.venv\lib\site-packages\PyAibote\Tool\SendTcpData.py", line 25, in SendData
    response = self.StarLoadWait(data)
  File "G:\tools\anaconda1\.venv\lib\site-packages\PyAibote\WindowsBotModel\WinLoadWait.py", line 42, in StarLoadWait
    response = self._Send(data)
  File "G:\tools\anaconda1\.venv\lib\site-packages\PyAibote\WindowsBotModel\WinLoadWait.py", line 21, in _Send
    self.request.sendall(data)
OSError: [WinError 10038] 在一个非套接字上尝试了一个操作。

2025-05-26 22:29:58.994736 - ERROR : send/read tcp data error: Traceback (most recent call last):
  File "G:\tools\anaconda1\.venv\lib\site-packages\PyAibote\Tool\SendTcpData.py", line 25, in SendData
    response = self.StarLoadWait(data)
  File "G:\tools\anaconda1\.venv\lib\site-packages\PyAibote\WindowsBotModel\WinLoadWait.py", line 42, in StarLoadWait
    response = self._Send(data)
  File "G:\tools\anaconda1\.venv\lib\site-packages\PyAibote\WindowsBotModel\WinLoadWait.py", line 21, in _Send
    self.request.sendall(data)
OSError: [WinError 10038] 在一个非套接字上尝试了一个操作。

2025-05-26 22:29:59.018674 - ERROR : send/read tcp data error: Traceback (most recent call last):
  File "G:\tools\anaconda1\.venv\lib\site-packages\PyAibote\Tool\SendTcpData.py", line 25, in SendData
    response = self.StarLoadWait(data)
  File "G:\tools\anaconda1\.venv\lib\site-packages\PyAibote\WindowsBotModel\WinLoadWait.py", line 42, in StarLoadWait
    response = self._Send(data)
  File "G:\tools\anaconda1\.venv\lib\site-packages\PyAibote\WindowsBotModel\WinLoadWait.py", line 21, in _Send
    self.request.sendall(data)
OSError: [WinError 10038] 在一个非套接字上尝试了一个操作。

2025-05-26 22:29:59.020669 - ERROR : send/read tcp data error: Traceback (most recent call last):
  File "G:\tools\anaconda1\.venv\lib\site-packages\PyAibote\Tool\SendTcpData.py", line 25, in SendData
    response = self.StarLoadWait(data)
  File "G:\tools\anaconda1\.venv\lib\site-packages\PyAibote\WindowsBotModel\WinLoadWait.py", line 42, in StarLoadWait
    response = self._Send(data)
  File "G:\tools\anaconda1\.venv\lib\site-packages\PyAibote\WindowsBotModel\WinLoadWait.py", line 21, in _Send
    self.request.sendall(data)
OSError: [WinError 10038] 在一个非套接字上尝试了一个操作。

2025-05-26 22:29:59.023661 - ERROR : send/read tcp data error: Traceback (most recent call last):
  File "G:\tools\anaconda1\.venv\lib\site-packages\PyAibote\Tool\SendTcpData.py", line 25, in SendData
    response = self.StarLoadWait(data)
  File "G:\tools\anaconda1\.venv\lib\site-packages\PyAibote\WindowsBotModel\WinLoadWait.py", line 42, in StarLoadWait
    response = self._Send(data)
  File "G:\tools\anaconda1\.venv\lib\site-packages\PyAibote\WindowsBotModel\WinLoadWait.py", line 21, in _Send
    self.request.sendall(data)
OSError: [WinError 10038] 在一个非套接字上尝试了一个操作。

2025-05-26 22:29:59.037626 - ERROR : send/read tcp data error: Traceback (most recent call last):
  File "G:\tools\anaconda1\.venv\lib\site-packages\PyAibote\Tool\SendTcpData.py", line 25, in SendData
    response = self.StarLoadWait(data)
  File "G:\tools\anaconda1\.venv\lib\site-packages\PyAibote\WindowsBotModel\WinLoadWait.py", line 42, in StarLoadWait
    response = self._Send(data)
  File "G:\tools\anaconda1\.venv\lib\site-packages\PyAibote\WindowsBotModel\WinLoadWait.py", line 21, in _Send
    self.request.sendall(data)
OSError: [WinError 10038] 在一个非套接字上尝试了一个操作。

2025-05-26 22:29:59.040618 - ERROR : send/read tcp data error: Traceback (most recent call last):
  File "G:\tools\anaconda1\.venv\lib\site-packages\PyAibote\Tool\SendTcpData.py", line 25, in SendData
    response = self.StarLoadWait(data)
  File "G:\tools\anaconda1\.venv\lib\site-packages\PyAibote\WindowsBotModel\WinLoadWait.py", line 42, in StarLoadWait
    response = self._Send(data)
  File "G:\tools\anaconda1\.venv\lib\site-packages\PyAibote\WindowsBotModel\WinLoadWait.py", line 21, in _Send
    self.request.sendall(data)
OSError: [WinError 10038] 在一个非套接字上尝试了一个操作。

2025-05-26 22:29:59.043611 - ERROR : send/read tcp data error: Traceback (most recent call last):
  File "G:\tools\anaconda1\.venv\lib\site-packages\PyAibote\Tool\SendTcpData.py", line 25, in SendData
    response = self.StarLoadWait(data)
  File "G:\tools\anaconda1\.venv\lib\site-packages\PyAibote\WindowsBotModel\WinLoadWait.py", line 42, in StarLoadWait
    response = self._Send(data)
  File "G:\tools\anaconda1\.venv\lib\site-packages\PyAibote\WindowsBotModel\WinLoadWait.py", line 21, in _Send
    self.request.sendall(data)
OSError: [WinError 10038] 在一个非套接字上尝试了一个操作。

2025-05-26 22:29:59.046603 - ERROR : send/read tcp data error: Traceback (most recent call last):
  File "G:\tools\anaconda1\.venv\lib\site-packages\PyAibote\Tool\SendTcpData.py", line 25, in SendData
    response = self.StarLoadWait(data)
  File "G:\tools\anaconda1\.venv\lib\site-packages\PyAibote\WindowsBotModel\WinLoadWait.py", line 42, in StarLoadWait
    response = self._Send(data)
  File "G:\tools\anaconda1\.venv\lib\site-packages\PyAibote\WindowsBotModel\WinLoadWait.py", line 21, in _Send
    self.request.sendall(data)
OSError: [WinError 10038] 在一个非套接字上尝试了一个操作。

2025-05-26 22:29:59.048597 - ERROR : send/read tcp data error: Traceback (most recent call last):
  File "G:\tools\anaconda1\.venv\lib\site-packages\PyAibote\Tool\SendTcpData.py", line 25, in SendData
    response = self.StarLoadWait(data)
  File "G:\tools\anaconda1\.venv\lib\site-packages\PyAibote\WindowsBotModel\WinLoadWait.py", line 42, in StarLoadWait
    response = self._Send(data)
  File "G:\tools\anaconda1\.venv\lib\site-packages\PyAibote\WindowsBotModel\WinLoadWait.py", line 21, in _Send
    self.request.sendall(data)
OSError: [WinError 10038] 在一个非套接字上尝试了一个操作。

2025-05-26 22:29:59.051590 - ERROR : send/read tcp data error: Traceback (most recent call last):
  File "G:\tools\anaconda1\.venv\lib\site-packages\PyAibote\Tool\SendTcpData.py", line 25, in SendData
    response = self.StarLoadWait(data)
  File "G:\tools\anaconda1\.venv\lib\site-packages\PyAibote\WindowsBotModel\WinLoadWait.py", line 42, in StarLoadWait
    response = self._Send(data)
  File "G:\tools\anaconda1\.venv\lib\site-packages\PyAibote\WindowsBotModel\WinLoadWait.py", line 21, in _Send
    self.request.sendall(data)
OSError: [WinError 10038] 在一个非套接字上尝试了一个操作。

2025-05-26 22:29:59.053585 - ERROR : send/read tcp data error: Traceback (most recent call last):
  File "G:\tools\anaconda1\.venv\lib\site-packages\PyAibote\Tool\SendTcpData.py", line 25, in SendData
    response = self.StarLoadWait(data)
  File "G:\tools\anaconda1\.venv\lib\site-packages\PyAibote\WindowsBotModel\WinLoadWait.py", line 42, in StarLoadWait
    response = self._Send(data)
  File "G:\tools\anaconda1\.venv\lib\site-packages\PyAibote\WindowsBotModel\WinLoadWait.py", line 21, in _Send
    self.request.sendall(data)
OSError: [WinError 10038] 在一个非套接字上尝试了一个操作。

2025-05-26 22:29:59.055580 - ERROR : send/read tcp data error: Traceback (most recent call last):
  File "G:\tools\anaconda1\.venv\lib\site-packages\PyAibote\Tool\SendTcpData.py", line 25, in SendData
    response = self.StarLoadWait(data)
  File "G:\tools\anaconda1\.venv\lib\site-packages\PyAibote\WindowsBotModel\WinLoadWait.py", line 42, in StarLoadWait
    response = self._Send(data)
  File "G:\tools\anaconda1\.venv\lib\site-packages\PyAibote\WindowsBotModel\WinLoadWait.py", line 21, in _Send
    self.request.sendall(data)
OSError: [WinError 10038] 在一个非套接字上尝试了一个操作。

2025-05-26 22:29:59.058572 - ERROR : send/read tcp data error: Traceback (most recent call last):
  File "G:\tools\anaconda1\.venv\lib\site-packages\PyAibote\Tool\SendTcpData.py", line 25, in SendData
    response = self.StarLoadWait(data)
  File "G:\tools\anaconda1\.venv\lib\site-packages\PyAibote\WindowsBotModel\WinLoadWait.py", line 42, in StarLoadWait
    response = self._Send(data)
  File "G:\tools\anaconda1\.venv\lib\site-packages\PyAibote\WindowsBotModel\WinLoadWait.py", line 21, in _Send
    self.request.sendall(data)
OSError: [WinError 10038] 在一个非套接字上尝试了一个操作。

2025-05-26 22:29:59.060567 - ERROR : send/read tcp data error: Traceback (most recent call last):
  File "G:\tools\anaconda1\.venv\lib\site-packages\PyAibote\Tool\SendTcpData.py", line 25, in SendData
    response = self.StarLoadWait(data)
  File "G:\tools\anaconda1\.venv\lib\site-packages\PyAibote\WindowsBotModel\WinLoadWait.py", line 42, in StarLoadWait
    response = self._Send(data)
  File "G:\tools\anaconda1\.venv\lib\site-packages\PyAibote\WindowsBotModel\WinLoadWait.py", line 21, in _Send
    self.request.sendall(data)
OSError: [WinError 10038] 在一个非套接字上尝试了一个操作。

2025-05-26 22:29:59.062562 - ERROR : send/read tcp data error: Traceback (most recent call last):
  File "G:\tools\anaconda1\.venv\lib\site-packages\PyAibote\Tool\SendTcpData.py", line 25, in SendData
    response = self.StarLoadWait(data)
  File "G:\tools\anaconda1\.venv\lib\site-packages\PyAibote\WindowsBotModel\WinLoadWait.py", line 42, in StarLoadWait
    response = self._Send(data)
  File "G:\tools\anaconda1\.venv\lib\site-packages\PyAibote\WindowsBotModel\WinLoadWait.py", line 21, in _Send
    self.request.sendall(data)
OSError: [WinError 10038] 在一个非套接字上尝试了一个操作。

2025-05-26 22:29:59.091585 - ERROR : send/read tcp data error: Traceback (most recent call last):
  File "G:\tools\anaconda1\.venv\lib\site-packages\PyAibote\Tool\SendTcpData.py", line 25, in SendData
    response = self.StarLoadWait(data)
  File "G:\tools\anaconda1\.venv\lib\site-packages\PyAibote\WindowsBotModel\WinLoadWait.py", line 42, in StarLoadWait
    response = self._Send(data)
  File "G:\tools\anaconda1\.venv\lib\site-packages\PyAibote\WindowsBotModel\WinLoadWait.py", line 21, in _Send
    self.request.sendall(data)
OSError: [WinError 10038] 在一个非套接字上尝试了一个操作。

2025-05-26 22:29:59.093580 - ERROR : send/read tcp data error: Traceback (most recent call last):
  File "G:\tools\anaconda1\.venv\lib\site-packages\PyAibote\Tool\SendTcpData.py", line 25, in SendData
    response = self.StarLoadWait(data)
  File "G:\tools\anaconda1\.venv\lib\site-packages\PyAibote\WindowsBotModel\WinLoadWait.py", line 42, in StarLoadWait
    response = self._Send(data)
  File "G:\tools\anaconda1\.venv\lib\site-packages\PyAibote\WindowsBotModel\WinLoadWait.py", line 21, in _Send
    self.request.sendall(data)
OSError: [WinError 10038] 在一个非套接字上尝试了一个操作。

2025-05-26 22:29:59.096572 - ERROR : send/read tcp data error: Traceback (most recent call last):
  File "G:\tools\anaconda1\.venv\lib\site-packages\PyAibote\Tool\SendTcpData.py", line 25, in SendData
    response = self.StarLoadWait(data)
  File "G:\tools\anaconda1\.venv\lib\site-packages\PyAibote\WindowsBotModel\WinLoadWait.py", line 42, in StarLoadWait
    response = self._Send(data)
  File "G:\tools\anaconda1\.venv\lib\site-packages\PyAibote\WindowsBotModel\WinLoadWait.py", line 21, in _Send
    self.request.sendall(data)
OSError: [WinError 10038] 在一个非套接字上尝试了一个操作。

2025-05-26 22:29:59.100082 - ERROR : send/read tcp data error: Traceback (most recent call last):
  File "G:\tools\anaconda1\.venv\lib\site-packages\PyAibote\Tool\SendTcpData.py", line 25, in SendData
    response = self.StarLoadWait(data)
  File "G:\tools\anaconda1\.venv\lib\site-packages\PyAibote\WindowsBotModel\WinLoadWait.py", line 42, in StarLoadWait
    response = self._Send(data)
  File "G:\tools\anaconda1\.venv\lib\site-packages\PyAibote\WindowsBotModel\WinLoadWait.py", line 21, in _Send
    self.request.sendall(data)
OSError: [WinError 10038] 在一个非套接字上尝试了一个操作。

2025-05-26 22:29:59.101587 - ERROR : send/read tcp data error: Traceback (most recent call last):
  File "G:\tools\anaconda1\.venv\lib\site-packages\PyAibote\Tool\SendTcpData.py", line 25, in SendData
    response = self.StarLoadWait(data)
  File "G:\tools\anaconda1\.venv\lib\site-packages\PyAibote\WindowsBotModel\WinLoadWait.py", line 42, in StarLoadWait
    response = self._Send(data)
  File "G:\tools\anaconda1\.venv\lib\site-packages\PyAibote\WindowsBotModel\WinLoadWait.py", line 21, in _Send
    self.request.sendall(data)
OSError: [WinError 10038] 在一个非套接字上尝试了一个操作。

2025-05-26 22:29:59.104581 - ERROR : send/read tcp data error: Traceback (most recent call last):
  File "G:\tools\anaconda1\.venv\lib\site-packages\PyAibote\Tool\SendTcpData.py", line 25, in SendData
    response = self.StarLoadWait(data)
  File "G:\tools\anaconda1\.venv\lib\site-packages\PyAibote\WindowsBotModel\WinLoadWait.py", line 42, in StarLoadWait
    response = self._Send(data)
  File "G:\tools\anaconda1\.venv\lib\site-packages\PyAibote\WindowsBotModel\WinLoadWait.py", line 21, in _Send
    self.request.sendall(data)
OSError: [WinError 10038] 在一个非套接字上尝试了一个操作。

2025-05-26 22:29:59.107573 - ERROR : send/read tcp data error: Traceback (most recent call last):
  File "G:\tools\anaconda1\.venv\lib\site-packages\PyAibote\Tool\SendTcpData.py", line 25, in SendData
    response = self.StarLoadWait(data)
  File "G:\tools\anaconda1\.venv\lib\site-packages\PyAibote\WindowsBotModel\WinLoadWait.py", line 42, in StarLoadWait
    response = self._Send(data)
  File "G:\tools\anaconda1\.venv\lib\site-packages\PyAibote\WindowsBotModel\WinLoadWait.py", line 21, in _Send
    self.request.sendall(data)
OSError: [WinError 10038] 在一个非套接字上尝试了一个操作。

2025-05-26 22:29:59.110087 - ERROR : send/read tcp data error: Traceback (most recent call last):
  File "G:\tools\anaconda1\.venv\lib\site-packages\PyAibote\Tool\SendTcpData.py", line 25, in SendData
    response = self.StarLoadWait(data)
  File "G:\tools\anaconda1\.venv\lib\site-packages\PyAibote\WindowsBotModel\WinLoadWait.py", line 42, in StarLoadWait
    response = self._Send(data)
  File "G:\tools\anaconda1\.venv\lib\site-packages\PyAibote\WindowsBotModel\WinLoadWait.py", line 21, in _Send
    self.request.sendall(data)
OSError: [WinError 10038] 在一个非套接字上尝试了一个操作。

2025-05-26 22:29:59.112591 - ERROR : send/read tcp data error: Traceback (most recent call last):
  File "G:\tools\anaconda1\.venv\lib\site-packages\PyAibote\Tool\SendTcpData.py", line 25, in SendData
    response = self.StarLoadWait(data)
  File "G:\tools\anaconda1\.venv\lib\site-packages\PyAibote\WindowsBotModel\WinLoadWait.py", line 42, in StarLoadWait
    response = self._Send(data)
  File "G:\tools\anaconda1\.venv\lib\site-packages\PyAibote\WindowsBotModel\WinLoadWait.py", line 21, in _Send
    self.request.sendall(data)
OSError: [WinError 10038] 在一个非套接字上尝试了一个操作。

2025-05-26 22:29:59.115583 - ERROR : send/read tcp data error: Traceback (most recent call last):
  File "G:\tools\anaconda1\.venv\lib\site-packages\PyAibote\Tool\SendTcpData.py", line 25, in SendData
    response = self.StarLoadWait(data)
  File "G:\tools\anaconda1\.venv\lib\site-packages\PyAibote\WindowsBotModel\WinLoadWait.py", line 42, in StarLoadWait
    response = self._Send(data)
  File "G:\tools\anaconda1\.venv\lib\site-packages\PyAibote\WindowsBotModel\WinLoadWait.py", line 21, in _Send
    self.request.sendall(data)
OSError: [WinError 10038] 在一个非套接字上尝试了一个操作。

2025-05-26 22:29:59.117578 - ERROR : send/read tcp data error: Traceback (most recent call last):
  File "G:\tools\anaconda1\.venv\lib\site-packages\PyAibote\Tool\SendTcpData.py", line 25, in SendData
    response = self.StarLoadWait(data)
  File "G:\tools\anaconda1\.venv\lib\site-packages\PyAibote\WindowsBotModel\WinLoadWait.py", line 42, in StarLoadWait
    response = self._Send(data)
  File "G:\tools\anaconda1\.venv\lib\site-packages\PyAibote\WindowsBotModel\WinLoadWait.py", line 21, in _Send
    self.request.sendall(data)
OSError: [WinError 10038] 在一个非套接字上尝试了一个操作。

2025-05-26 22:29:59.120570 - ERROR : send/read tcp data error: Traceback (most recent call last):
  File "G:\tools\anaconda1\.venv\lib\site-packages\PyAibote\Tool\SendTcpData.py", line 25, in SendData
    response = self.StarLoadWait(data)
  File "G:\tools\anaconda1\.venv\lib\site-packages\PyAibote\WindowsBotModel\WinLoadWait.py", line 42, in StarLoadWait
    response = self._Send(data)
  File "G:\tools\anaconda1\.venv\lib\site-packages\PyAibote\WindowsBotModel\WinLoadWait.py", line 21, in _Send
    self.request.sendall(data)
OSError: [WinError 10038] 在一个非套接字上尝试了一个操作。

2025-05-26 22:29:59.122565 - ERROR : send/read tcp data error: Traceback (most recent call last):
  File "G:\tools\anaconda1\.venv\lib\site-packages\PyAibote\Tool\SendTcpData.py", line 25, in SendData
    response = self.StarLoadWait(data)
  File "G:\tools\anaconda1\.venv\lib\site-packages\PyAibote\WindowsBotModel\WinLoadWait.py", line 42, in StarLoadWait
    response = self._Send(data)
  File "G:\tools\anaconda1\.venv\lib\site-packages\PyAibote\WindowsBotModel\WinLoadWait.py", line 21, in _Send
    self.request.sendall(data)
OSError: [WinError 10038] 在一个非套接字上尝试了一个操作。

2025-05-26 22:29:59.140073 - ERROR : send/read tcp data error: Traceback (most recent call last):
  File "G:\tools\anaconda1\.venv\lib\site-packages\PyAibote\Tool\SendTcpData.py", line 25, in SendData
    response = self.StarLoadWait(data)
  File "G:\tools\anaconda1\.venv\lib\site-packages\PyAibote\WindowsBotModel\WinLoadWait.py", line 42, in StarLoadWait
    response = self._Send(data)
  File "G:\tools\anaconda1\.venv\lib\site-packages\PyAibote\WindowsBotModel\WinLoadWait.py", line 21, in _Send
    self.request.sendall(data)
OSError: [WinError 10038] 在一个非套接字上尝试了一个操作。

2025-05-26 22:29:59.142577 - ERROR : send/read tcp data error: Traceback (most recent call last):
  File "G:\tools\anaconda1\.venv\lib\site-packages\PyAibote\Tool\SendTcpData.py", line 25, in SendData
    response = self.StarLoadWait(data)
  File "G:\tools\anaconda1\.venv\lib\site-packages\PyAibote\WindowsBotModel\WinLoadWait.py", line 42, in StarLoadWait
    response = self._Send(data)
  File "G:\tools\anaconda1\.venv\lib\site-packages\PyAibote\WindowsBotModel\WinLoadWait.py", line 21, in _Send
    self.request.sendall(data)
OSError: [WinError 10038] 在一个非套接字上尝试了一个操作。

2025-05-26 22:29:59.144571 - ERROR : send/read tcp data error: Traceback (most recent call last):
  File "G:\tools\anaconda1\.venv\lib\site-packages\PyAibote\Tool\SendTcpData.py", line 25, in SendData
    response = self.StarLoadWait(data)
  File "G:\tools\anaconda1\.venv\lib\site-packages\PyAibote\WindowsBotModel\WinLoadWait.py", line 42, in StarLoadWait
    response = self._Send(data)
  File "G:\tools\anaconda1\.venv\lib\site-packages\PyAibote\WindowsBotModel\WinLoadWait.py", line 21, in _Send
    self.request.sendall(data)
OSError: [WinError 10038] 在一个非套接字上尝试了一个操作。

2025-05-26 22:29:59.168569 - ERROR : send/read tcp data error: Traceback (most recent call last):
  File "G:\tools\anaconda1\.venv\lib\site-packages\PyAibote\Tool\SendTcpData.py", line 25, in SendData
    response = self.StarLoadWait(data)
  File "G:\tools\anaconda1\.venv\lib\site-packages\PyAibote\WindowsBotModel\WinLoadWait.py", line 42, in StarLoadWait
    response = self._Send(data)
  File "G:\tools\anaconda1\.venv\lib\site-packages\PyAibote\WindowsBotModel\WinLoadWait.py", line 21, in _Send
    self.request.sendall(data)
OSError: [WinError 10038] 在一个非套接字上尝试了一个操作。

2025-05-26 22:29:59.171597 - ERROR : send/read tcp data error: Traceback (most recent call last):
  File "G:\tools\anaconda1\.venv\lib\site-packages\PyAibote\Tool\SendTcpData.py", line 25, in SendData
    response = self.StarLoadWait(data)
  File "G:\tools\anaconda1\.venv\lib\site-packages\PyAibote\WindowsBotModel\WinLoadWait.py", line 42, in StarLoadWait
    response = self._Send(data)
  File "G:\tools\anaconda1\.venv\lib\site-packages\PyAibote\WindowsBotModel\WinLoadWait.py", line 21, in _Send
    self.request.sendall(data)
OSError: [WinError 10038] 在一个非套接字上尝试了一个操作。

2025-05-26 22:29:59.174589 - ERROR : send/read tcp data error: Traceback (most recent call last):
  File "G:\tools\anaconda1\.venv\lib\site-packages\PyAibote\Tool\SendTcpData.py", line 25, in SendData
    response = self.StarLoadWait(data)
  File "G:\tools\anaconda1\.venv\lib\site-packages\PyAibote\WindowsBotModel\WinLoadWait.py", line 42, in StarLoadWait
    response = self._Send(data)
  File "G:\tools\anaconda1\.venv\lib\site-packages\PyAibote\WindowsBotModel\WinLoadWait.py", line 21, in _Send
    self.request.sendall(data)
OSError: [WinError 10038] 在一个非套接字上尝试了一个操作。

2025-05-26 22:29:59.177581 - ERROR : send/read tcp data error: Traceback (most recent call last):
  File "G:\tools\anaconda1\.venv\lib\site-packages\PyAibote\Tool\SendTcpData.py", line 25, in SendData
    response = self.StarLoadWait(data)
  File "G:\tools\anaconda1\.venv\lib\site-packages\PyAibote\WindowsBotModel\WinLoadWait.py", line 42, in StarLoadWait
    response = self._Send(data)
  File "G:\tools\anaconda1\.venv\lib\site-packages\PyAibote\WindowsBotModel\WinLoadWait.py", line 21, in _Send
    self.request.sendall(data)
OSError: [WinError 10038] 在一个非套接字上尝试了一个操作。

2025-05-26 22:29:59.180098 - ERROR : send/read tcp data error: Traceback (most recent call last):
  File "G:\tools\anaconda1\.venv\lib\site-packages\PyAibote\Tool\SendTcpData.py", line 25, in SendData
    response = self.StarLoadWait(data)
  File "G:\tools\anaconda1\.venv\lib\site-packages\PyAibote\WindowsBotModel\WinLoadWait.py", line 42, in StarLoadWait
    response = self._Send(data)
  File "G:\tools\anaconda1\.venv\lib\site-packages\PyAibote\WindowsBotModel\WinLoadWait.py", line 21, in _Send
    self.request.sendall(data)
OSError: [WinError 10038] 在一个非套接字上尝试了一个操作。

2025-05-26 22:29:59.182602 - ERROR : send/read tcp data error: Traceback (most recent call last):
  File "G:\tools\anaconda1\.venv\lib\site-packages\PyAibote\Tool\SendTcpData.py", line 25, in SendData
    response = self.StarLoadWait(data)
  File "G:\tools\anaconda1\.venv\lib\site-packages\PyAibote\WindowsBotModel\WinLoadWait.py", line 42, in StarLoadWait
    response = self._Send(data)
  File "G:\tools\anaconda1\.venv\lib\site-packages\PyAibote\WindowsBotModel\WinLoadWait.py", line 21, in _Send
    self.request.sendall(data)
OSError: [WinError 10038] 在一个非套接字上尝试了一个操作。

2025-05-26 22:29:59.191579 - ERROR : send/read tcp data error: Traceback (most recent call last):
  File "G:\tools\anaconda1\.venv\lib\site-packages\PyAibote\Tool\SendTcpData.py", line 25, in SendData
    response = self.StarLoadWait(data)
  File "G:\tools\anaconda1\.venv\lib\site-packages\PyAibote\WindowsBotModel\WinLoadWait.py", line 42, in StarLoadWait
    response = self._Send(data)
  File "G:\tools\anaconda1\.venv\lib\site-packages\PyAibote\WindowsBotModel\WinLoadWait.py", line 21, in _Send
    self.request.sendall(data)
OSError: [WinError 10038] 在一个非套接字上尝试了一个操作。

2025-05-26 22:29:59.199558 - ERROR : send/read tcp data error: Traceback (most recent call last):
  File "G:\tools\anaconda1\.venv\lib\site-packages\PyAibote\Tool\SendTcpData.py", line 25, in SendData
    response = self.StarLoadWait(data)
  File "G:\tools\anaconda1\.venv\lib\site-packages\PyAibote\WindowsBotModel\WinLoadWait.py", line 42, in StarLoadWait
    response = self._Send(data)
  File "G:\tools\anaconda1\.venv\lib\site-packages\PyAibote\WindowsBotModel\WinLoadWait.py", line 21, in _Send
    self.request.sendall(data)
OSError: [WinError 10038] 在一个非套接字上尝试了一个操作。

2025-05-26 22:29:59.201612 - ERROR : send/read tcp data error: Traceback (most recent call last):
  File "G:\tools\anaconda1\.venv\lib\site-packages\PyAibote\Tool\SendTcpData.py", line 25, in SendData
    response = self.StarLoadWait(data)
  File "G:\tools\anaconda1\.venv\lib\site-packages\PyAibote\WindowsBotModel\WinLoadWait.py", line 42, in StarLoadWait
    response = self._Send(data)
  File "G:\tools\anaconda1\.venv\lib\site-packages\PyAibote\WindowsBotModel\WinLoadWait.py", line 21, in _Send
    self.request.sendall(data)
OSError: [WinError 10038] 在一个非套接字上尝试了一个操作。

2025-05-26 22:29:59.203607 - ERROR : send/read tcp data error: Traceback (most recent call last):
  File "G:\tools\anaconda1\.venv\lib\site-packages\PyAibote\Tool\SendTcpData.py", line 25, in SendData
    response = self.StarLoadWait(data)
  File "G:\tools\anaconda1\.venv\lib\site-packages\PyAibote\WindowsBotModel\WinLoadWait.py", line 42, in StarLoadWait
    response = self._Send(data)
  File "G:\tools\anaconda1\.venv\lib\site-packages\PyAibote\WindowsBotModel\WinLoadWait.py", line 21, in _Send
    self.request.sendall(data)
OSError: [WinError 10038] 在一个非套接字上尝试了一个操作。

2025-05-26 22:29:59.316587 - ERROR : send/read tcp data error: Traceback (most recent call last):
  File "G:\tools\anaconda1\.venv\lib\site-packages\PyAibote\Tool\SendTcpData.py", line 25, in SendData
    response = self.StarLoadWait(data)
  File "G:\tools\anaconda1\.venv\lib\site-packages\PyAibote\WindowsBotModel\WinLoadWait.py", line 42, in StarLoadWait
    response = self._Send(data)
  File "G:\tools\anaconda1\.venv\lib\site-packages\PyAibote\WindowsBotModel\WinLoadWait.py", line 21, in _Send
    self.request.sendall(data)
OSError: [WinError 10038] 在一个非套接字上尝试了一个操作。

2025-05-26 22:29:59.319580 - ERROR : send/read tcp data error: Traceback (most recent call last):
  File "G:\tools\anaconda1\.venv\lib\site-packages\PyAibote\Tool\SendTcpData.py", line 25, in SendData
    response = self.StarLoadWait(data)
  File "G:\tools\anaconda1\.venv\lib\site-packages\PyAibote\WindowsBotModel\WinLoadWait.py", line 42, in StarLoadWait
    response = self._Send(data)
  File "G:\tools\anaconda1\.venv\lib\site-packages\PyAibote\WindowsBotModel\WinLoadWait.py", line 21, in _Send
    self.request.sendall(data)
OSError: [WinError 10038] 在一个非套接字上尝试了一个操作。

2025-05-26 22:29:59.321613 - ERROR : send/read tcp data error: Traceback (most recent call last):
  File "G:\tools\anaconda1\.venv\lib\site-packages\PyAibote\Tool\SendTcpData.py", line 25, in SendData
    response = self.StarLoadWait(data)
  File "G:\tools\anaconda1\.venv\lib\site-packages\PyAibote\WindowsBotModel\WinLoadWait.py", line 42, in StarLoadWait
    response = self._Send(data)
  File "G:\tools\anaconda1\.venv\lib\site-packages\PyAibote\WindowsBotModel\WinLoadWait.py", line 21, in _Send
    self.request.sendall(data)
OSError: [WinError 10038] 在一个非套接字上尝试了一个操作。

2025-05-26 22:29:59.323608 - ERROR : send/read tcp data error: Traceback (most recent call last):
  File "G:\tools\anaconda1\.venv\lib\site-packages\PyAibote\Tool\SendTcpData.py", line 25, in SendData
    response = self.StarLoadWait(data)
  File "G:\tools\anaconda1\.venv\lib\site-packages\PyAibote\WindowsBotModel\WinLoadWait.py", line 42, in StarLoadWait
    response = self._Send(data)
  File "G:\tools\anaconda1\.venv\lib\site-packages\PyAibote\WindowsBotModel\WinLoadWait.py", line 21, in _Send
    self.request.sendall(data)
OSError: [WinError 10038] 在一个非套接字上尝试了一个操作。

2025-05-26 22:29:59.359576 - ERROR : send/read tcp data error: Traceback (most recent call last):
  File "G:\tools\anaconda1\.venv\lib\site-packages\PyAibote\Tool\SendTcpData.py", line 25, in SendData
    response = self.StarLoadWait(data)
  File "G:\tools\anaconda1\.venv\lib\site-packages\PyAibote\WindowsBotModel\WinLoadWait.py", line 42, in StarLoadWait
    response = self._Send(data)
  File "G:\tools\anaconda1\.venv\lib\site-packages\PyAibote\WindowsBotModel\WinLoadWait.py", line 21, in _Send
    self.request.sendall(data)
OSError: [WinError 10038] 在一个非套接字上尝试了一个操作。

2025-05-26 22:29:59.361599 - ERROR : send/read tcp data error: Traceback (most recent call last):
  File "G:\tools\anaconda1\.venv\lib\site-packages\PyAibote\Tool\SendTcpData.py", line 25, in SendData
    response = self.StarLoadWait(data)
  File "G:\tools\anaconda1\.venv\lib\site-packages\PyAibote\WindowsBotModel\WinLoadWait.py", line 42, in StarLoadWait
    response = self._Send(data)
  File "G:\tools\anaconda1\.venv\lib\site-packages\PyAibote\WindowsBotModel\WinLoadWait.py", line 21, in _Send
    self.request.sendall(data)
OSError: [WinError 10038] 在一个非套接字上尝试了一个操作。

2025-05-26 22:29:59.363594 - ERROR : send/read tcp data error: Traceback (most recent call last):
  File "G:\tools\anaconda1\.venv\lib\site-packages\PyAibote\Tool\SendTcpData.py", line 25, in SendData
    response = self.StarLoadWait(data)
  File "G:\tools\anaconda1\.venv\lib\site-packages\PyAibote\WindowsBotModel\WinLoadWait.py", line 42, in StarLoadWait
    response = self._Send(data)
  File "G:\tools\anaconda1\.venv\lib\site-packages\PyAibote\WindowsBotModel\WinLoadWait.py", line 21, in _Send
    self.request.sendall(data)
OSError: [WinError 10038] 在一个非套接字上尝试了一个操作。

2025-05-26 22:29:59.365589 - ERROR : send/read tcp data error: Traceback (most recent call last):
  File "G:\tools\anaconda1\.venv\lib\site-packages\PyAibote\Tool\SendTcpData.py", line 25, in SendData
    response = self.StarLoadWait(data)
  File "G:\tools\anaconda1\.venv\lib\site-packages\PyAibote\WindowsBotModel\WinLoadWait.py", line 42, in StarLoadWait
    response = self._Send(data)
  File "G:\tools\anaconda1\.venv\lib\site-packages\PyAibote\WindowsBotModel\WinLoadWait.py", line 21, in _Send
    self.request.sendall(data)
OSError: [WinError 10038] 在一个非套接字上尝试了一个操作。

2025-05-26 22:29:59.367584 - ERROR : send/read tcp data error: Traceback (most recent call last):
  File "G:\tools\anaconda1\.venv\lib\site-packages\PyAibote\Tool\SendTcpData.py", line 25, in SendData
    response = self.StarLoadWait(data)
  File "G:\tools\anaconda1\.venv\lib\site-packages\PyAibote\WindowsBotModel\WinLoadWait.py", line 42, in StarLoadWait
    response = self._Send(data)
  File "G:\tools\anaconda1\.venv\lib\site-packages\PyAibote\WindowsBotModel\WinLoadWait.py", line 21, in _Send
    self.request.sendall(data)
OSError: [WinError 10038] 在一个非套接字上尝试了一个操作。

2025-05-26 22:29:59.370614 - ERROR : send/read tcp data error: Traceback (most recent call last):
  File "G:\tools\anaconda1\.venv\lib\site-packages\PyAibote\Tool\SendTcpData.py", line 25, in SendData
    response = self.StarLoadWait(data)
  File "G:\tools\anaconda1\.venv\lib\site-packages\PyAibote\WindowsBotModel\WinLoadWait.py", line 42, in StarLoadWait
    response = self._Send(data)
  File "G:\tools\anaconda1\.venv\lib\site-packages\PyAibote\WindowsBotModel\WinLoadWait.py", line 21, in _Send
    self.request.sendall(data)
OSError: [WinError 10038] 在一个非套接字上尝试了一个操作。

2025-05-26 22:29:59.372599 - ERROR : send/read tcp data error: Traceback (most recent call last):
  File "G:\tools\anaconda1\.venv\lib\site-packages\PyAibote\Tool\SendTcpData.py", line 25, in SendData
    response = self.StarLoadWait(data)
  File "G:\tools\anaconda1\.venv\lib\site-packages\PyAibote\WindowsBotModel\WinLoadWait.py", line 42, in StarLoadWait
    response = self._Send(data)
  File "G:\tools\anaconda1\.venv\lib\site-packages\PyAibote\WindowsBotModel\WinLoadWait.py", line 21, in _Send
    self.request.sendall(data)
OSError: [WinError 10038] 在一个非套接字上尝试了一个操作。

2025-05-26 22:29:59.375591 - ERROR : send/read tcp data error: Traceback (most recent call last):
  File "G:\tools\anaconda1\.venv\lib\site-packages\PyAibote\Tool\SendTcpData.py", line 25, in SendData
    response = self.StarLoadWait(data)
  File "G:\tools\anaconda1\.venv\lib\site-packages\PyAibote\WindowsBotModel\WinLoadWait.py", line 42, in StarLoadWait
    response = self._Send(data)
  File "G:\tools\anaconda1\.venv\lib\site-packages\PyAibote\WindowsBotModel\WinLoadWait.py", line 21, in _Send
    self.request.sendall(data)
OSError: [WinError 10038] 在一个非套接字上尝试了一个操作。

2025-05-26 22:29:59.377587 - ERROR : send/read tcp data error: Traceback (most recent call last):
  File "G:\tools\anaconda1\.venv\lib\site-packages\PyAibote\Tool\SendTcpData.py", line 25, in SendData
    response = self.StarLoadWait(data)
  File "G:\tools\anaconda1\.venv\lib\site-packages\PyAibote\WindowsBotModel\WinLoadWait.py", line 42, in StarLoadWait
    response = self._Send(data)
  File "G:\tools\anaconda1\.venv\lib\site-packages\PyAibote\WindowsBotModel\WinLoadWait.py", line 21, in _Send
    self.request.sendall(data)
OSError: [WinError 10038] 在一个非套接字上尝试了一个操作。

2025-05-26 22:29:59.380102 - ERROR : send/read tcp data error: Traceback (most recent call last):
  File "G:\tools\anaconda1\.venv\lib\site-packages\PyAibote\Tool\SendTcpData.py", line 25, in SendData
    response = self.StarLoadWait(data)
  File "G:\tools\anaconda1\.venv\lib\site-packages\PyAibote\WindowsBotModel\WinLoadWait.py", line 42, in StarLoadWait
    response = self._Send(data)
  File "G:\tools\anaconda1\.venv\lib\site-packages\PyAibote\WindowsBotModel\WinLoadWait.py", line 21, in _Send
    self.request.sendall(data)
OSError: [WinError 10038] 在一个非套接字上尝试了一个操作。

2025-05-26 22:29:59.382605 - ERROR : send/read tcp data error: Traceback (most recent call last):
  File "G:\tools\anaconda1\.venv\lib\site-packages\PyAibote\Tool\SendTcpData.py", line 25, in SendData
    response = self.StarLoadWait(data)
  File "G:\tools\anaconda1\.venv\lib\site-packages\PyAibote\WindowsBotModel\WinLoadWait.py", line 42, in StarLoadWait
    response = self._Send(data)
  File "G:\tools\anaconda1\.venv\lib\site-packages\PyAibote\WindowsBotModel\WinLoadWait.py", line 21, in _Send
    self.request.sendall(data)
OSError: [WinError 10038] 在一个非套接字上尝试了一个操作。

2025-05-26 22:29:59.443586 - ERROR : send/read tcp data error: Traceback (most recent call last):
  File "G:\tools\anaconda1\.venv\lib\site-packages\PyAibote\Tool\SendTcpData.py", line 25, in SendData
    response = self.StarLoadWait(data)
  File "G:\tools\anaconda1\.venv\lib\site-packages\PyAibote\WindowsBotModel\WinLoadWait.py", line 42, in StarLoadWait
    response = self._Send(data)
  File "G:\tools\anaconda1\.venv\lib\site-packages\PyAibote\WindowsBotModel\WinLoadWait.py", line 21, in _Send
    self.request.sendall(data)
OSError: [WinError 10038] 在一个非套接字上尝试了一个操作。

2025-05-26 22:29:59.445581 - ERROR : send/read tcp data error: Traceback (most recent call last):
  File "G:\tools\anaconda1\.venv\lib\site-packages\PyAibote\Tool\SendTcpData.py", line 25, in SendData
    response = self.StarLoadWait(data)
  File "G:\tools\anaconda1\.venv\lib\site-packages\PyAibote\WindowsBotModel\WinLoadWait.py", line 42, in StarLoadWait
    response = self._Send(data)
  File "G:\tools\anaconda1\.venv\lib\site-packages\PyAibote\WindowsBotModel\WinLoadWait.py", line 21, in _Send
    self.request.sendall(data)
OSError: [WinError 10038] 在一个非套接字上尝试了一个操作。

2025-05-26 22:29:59.448573 - ERROR : send/read tcp data error: Traceback (most recent call last):
  File "G:\tools\anaconda1\.venv\lib\site-packages\PyAibote\Tool\SendTcpData.py", line 25, in SendData
    response = self.StarLoadWait(data)
  File "G:\tools\anaconda1\.venv\lib\site-packages\PyAibote\WindowsBotModel\WinLoadWait.py", line 42, in StarLoadWait
    response = self._Send(data)
  File "G:\tools\anaconda1\.venv\lib\site-packages\PyAibote\WindowsBotModel\WinLoadWait.py", line 21, in _Send
    self.request.sendall(data)
OSError: [WinError 10038] 在一个非套接字上尝试了一个操作。

2025-05-26 22:29:59.450604 - ERROR : send/read tcp data error: Traceback (most recent call last):
  File "G:\tools\anaconda1\.venv\lib\site-packages\PyAibote\Tool\SendTcpData.py", line 25, in SendData
    response = self.StarLoadWait(data)
  File "G:\tools\anaconda1\.venv\lib\site-packages\PyAibote\WindowsBotModel\WinLoadWait.py", line 42, in StarLoadWait
    response = self._Send(data)
  File "G:\tools\anaconda1\.venv\lib\site-packages\PyAibote\WindowsBotModel\WinLoadWait.py", line 21, in _Send
    self.request.sendall(data)
OSError: [WinError 10038] 在一个非套接字上尝试了一个操作。

2025-05-26 22:29:59.452590 - ERROR : send/read tcp data error: Traceback (most recent call last):
  File "G:\tools\anaconda1\.venv\lib\site-packages\PyAibote\Tool\SendTcpData.py", line 25, in SendData
    response = self.StarLoadWait(data)
  File "G:\tools\anaconda1\.venv\lib\site-packages\PyAibote\WindowsBotModel\WinLoadWait.py", line 42, in StarLoadWait
    response = self._Send(data)
  File "G:\tools\anaconda1\.venv\lib\site-packages\PyAibote\WindowsBotModel\WinLoadWait.py", line 21, in _Send
    self.request.sendall(data)
OSError: [WinError 10038] 在一个非套接字上尝试了一个操作。

2025-05-26 22:29:59.454585 - ERROR : send/read tcp data error: Traceback (most recent call last):
  File "G:\tools\anaconda1\.venv\lib\site-packages\PyAibote\Tool\SendTcpData.py", line 25, in SendData
    response = self.StarLoadWait(data)
  File "G:\tools\anaconda1\.venv\lib\site-packages\PyAibote\WindowsBotModel\WinLoadWait.py", line 42, in StarLoadWait
    response = self._Send(data)
  File "G:\tools\anaconda1\.venv\lib\site-packages\PyAibote\WindowsBotModel\WinLoadWait.py", line 21, in _Send
    self.request.sendall(data)
OSError: [WinError 10038] 在一个非套接字上尝试了一个操作。

2025-05-26 22:29:59.456580 - ERROR : send/read tcp data error: Traceback (most recent call last):
  File "G:\tools\anaconda1\.venv\lib\site-packages\PyAibote\Tool\SendTcpData.py", line 25, in SendData
    response = self.StarLoadWait(data)
  File "G:\tools\anaconda1\.venv\lib\site-packages\PyAibote\WindowsBotModel\WinLoadWait.py", line 42, in StarLoadWait
    response = self._Send(data)
  File "G:\tools\anaconda1\.venv\lib\site-packages\PyAibote\WindowsBotModel\WinLoadWait.py", line 21, in _Send
    self.request.sendall(data)
OSError: [WinError 10038] 在一个非套接字上尝试了一个操作。

2025-05-26 22:29:59.458574 - ERROR : send/read tcp data error: Traceback (most recent call last):
  File "G:\tools\anaconda1\.venv\lib\site-packages\PyAibote\Tool\SendTcpData.py", line 25, in SendData
    response = self.StarLoadWait(data)
  File "G:\tools\anaconda1\.venv\lib\site-packages\PyAibote\WindowsBotModel\WinLoadWait.py", line 42, in StarLoadWait
    response = self._Send(data)
  File "G:\tools\anaconda1\.venv\lib\site-packages\PyAibote\WindowsBotModel\WinLoadWait.py", line 21, in _Send
    self.request.sendall(data)
OSError: [WinError 10038] 在一个非套接字上尝试了一个操作。

2025-05-26 22:29:59.460598 - ERROR : send/read tcp data error: Traceback (most recent call last):
  File "G:\tools\anaconda1\.venv\lib\site-packages\PyAibote\Tool\SendTcpData.py", line 25, in SendData
    response = self.StarLoadWait(data)
  File "G:\tools\anaconda1\.venv\lib\site-packages\PyAibote\WindowsBotModel\WinLoadWait.py", line 42, in StarLoadWait
    response = self._Send(data)
  File "G:\tools\anaconda1\.venv\lib\site-packages\PyAibote\WindowsBotModel\WinLoadWait.py", line 21, in _Send
    self.request.sendall(data)
OSError: [WinError 10038] 在一个非套接字上尝试了一个操作。

2025-05-26 22:29:59.462586 - ERROR : send/read tcp data error: Traceback (most recent call last):
  File "G:\tools\anaconda1\.venv\lib\site-packages\PyAibote\Tool\SendTcpData.py", line 25, in SendData
    response = self.StarLoadWait(data)
  File "G:\tools\anaconda1\.venv\lib\site-packages\PyAibote\WindowsBotModel\WinLoadWait.py", line 42, in StarLoadWait
    response = self._Send(data)
  File "G:\tools\anaconda1\.venv\lib\site-packages\PyAibote\WindowsBotModel\WinLoadWait.py", line 21, in _Send
    self.request.sendall(data)
OSError: [WinError 10038] 在一个非套接字上尝试了一个操作。

2025-05-26 22:29:59.464581 - ERROR : send/read tcp data error: Traceback (most recent call last):
  File "G:\tools\anaconda1\.venv\lib\site-packages\PyAibote\Tool\SendTcpData.py", line 25, in SendData
    response = self.StarLoadWait(data)
  File "G:\tools\anaconda1\.venv\lib\site-packages\PyAibote\WindowsBotModel\WinLoadWait.py", line 42, in StarLoadWait
    response = self._Send(data)
  File "G:\tools\anaconda1\.venv\lib\site-packages\PyAibote\WindowsBotModel\WinLoadWait.py", line 21, in _Send
    self.request.sendall(data)
OSError: [WinError 10038] 在一个非套接字上尝试了一个操作。

2025-05-26 22:29:59.466576 - ERROR : send/read tcp data error: Traceback (most recent call last):
  File "G:\tools\anaconda1\.venv\lib\site-packages\PyAibote\Tool\SendTcpData.py", line 25, in SendData
    response = self.StarLoadWait(data)
  File "G:\tools\anaconda1\.venv\lib\site-packages\PyAibote\WindowsBotModel\WinLoadWait.py", line 42, in StarLoadWait
    response = self._Send(data)
  File "G:\tools\anaconda1\.venv\lib\site-packages\PyAibote\WindowsBotModel\WinLoadWait.py", line 21, in _Send
    self.request.sendall(data)
OSError: [WinError 10038] 在一个非套接字上尝试了一个操作。

2025-05-26 22:29:59.469568 - ERROR : send/read tcp data error: Traceback (most recent call last):
  File "G:\tools\anaconda1\.venv\lib\site-packages\PyAibote\Tool\SendTcpData.py", line 25, in SendData
    response = self.StarLoadWait(data)
  File "G:\tools\anaconda1\.venv\lib\site-packages\PyAibote\WindowsBotModel\WinLoadWait.py", line 42, in StarLoadWait
    response = self._Send(data)
  File "G:\tools\anaconda1\.venv\lib\site-packages\PyAibote\WindowsBotModel\WinLoadWait.py", line 21, in _Send
    self.request.sendall(data)
OSError: [WinError 10038] 在一个非套接字上尝试了一个操作。

2025-05-26 22:29:59.471610 - ERROR : send/read tcp data error: Traceback (most recent call last):
  File "G:\tools\anaconda1\.venv\lib\site-packages\PyAibote\Tool\SendTcpData.py", line 25, in SendData
    response = self.StarLoadWait(data)
  File "G:\tools\anaconda1\.venv\lib\site-packages\PyAibote\WindowsBotModel\WinLoadWait.py", line 42, in StarLoadWait
    response = self._Send(data)
  File "G:\tools\anaconda1\.venv\lib\site-packages\PyAibote\WindowsBotModel\WinLoadWait.py", line 21, in _Send
    self.request.sendall(data)
OSError: [WinError 10038] 在一个非套接字上尝试了一个操作。

2025-05-26 22:29:59.473605 - ERROR : send/read tcp data error: Traceback (most recent call last):
  File "G:\tools\anaconda1\.venv\lib\site-packages\PyAibote\Tool\SendTcpData.py", line 25, in SendData
    response = self.StarLoadWait(data)
  File "G:\tools\anaconda1\.venv\lib\site-packages\PyAibote\WindowsBotModel\WinLoadWait.py", line 42, in StarLoadWait
    response = self._Send(data)
  File "G:\tools\anaconda1\.venv\lib\site-packages\PyAibote\WindowsBotModel\WinLoadWait.py", line 21, in _Send
    self.request.sendall(data)
OSError: [WinError 10038] 在一个非套接字上尝试了一个操作。

2025-05-26 22:29:59.475600 - ERROR : send/read tcp data error: Traceback (most recent call last):
  File "G:\tools\anaconda1\.venv\lib\site-packages\PyAibote\Tool\SendTcpData.py", line 25, in SendData
    response = self.StarLoadWait(data)
  File "G:\tools\anaconda1\.venv\lib\site-packages\PyAibote\WindowsBotModel\WinLoadWait.py", line 42, in StarLoadWait
    response = self._Send(data)
  File "G:\tools\anaconda1\.venv\lib\site-packages\PyAibote\WindowsBotModel\WinLoadWait.py", line 21, in _Send
    self.request.sendall(data)
OSError: [WinError 10038] 在一个非套接字上尝试了一个操作。

2025-05-26 22:29:59.534576 - ERROR : send/read tcp data error: Traceback (most recent call last):
  File "G:\tools\anaconda1\.venv\lib\site-packages\PyAibote\Tool\SendTcpData.py", line 25, in SendData
    response = self.StarLoadWait(data)
  File "G:\tools\anaconda1\.venv\lib\site-packages\PyAibote\WindowsBotModel\WinLoadWait.py", line 42, in StarLoadWait
    response = self._Send(data)
  File "G:\tools\anaconda1\.venv\lib\site-packages\PyAibote\WindowsBotModel\WinLoadWait.py", line 21, in _Send
    self.request.sendall(data)
OSError: [WinError 10038] 在一个非套接字上尝试了一个操作。

2025-05-26 22:29:59.536571 - ERROR : send/read tcp data error: Traceback (most recent call last):
  File "G:\tools\anaconda1\.venv\lib\site-packages\PyAibote\Tool\SendTcpData.py", line 25, in SendData
    response = self.StarLoadWait(data)
  File "G:\tools\anaconda1\.venv\lib\site-packages\PyAibote\WindowsBotModel\WinLoadWait.py", line 42, in StarLoadWait
    response = self._Send(data)
  File "G:\tools\anaconda1\.venv\lib\site-packages\PyAibote\WindowsBotModel\WinLoadWait.py", line 21, in _Send
    self.request.sendall(data)
OSError: [WinError 10038] 在一个非套接字上尝试了一个操作。

2025-05-26 22:29:59.538566 - ERROR : send/read tcp data error: Traceback (most recent call last):
  File "G:\tools\anaconda1\.venv\lib\site-packages\PyAibote\Tool\SendTcpData.py", line 25, in SendData
    response = self.StarLoadWait(data)
  File "G:\tools\anaconda1\.venv\lib\site-packages\PyAibote\WindowsBotModel\WinLoadWait.py", line 42, in StarLoadWait
    response = self._Send(data)
  File "G:\tools\anaconda1\.venv\lib\site-packages\PyAibote\WindowsBotModel\WinLoadWait.py", line 21, in _Send
    self.request.sendall(data)
OSError: [WinError 10038] 在一个非套接字上尝试了一个操作。

2025-05-26 22:29:59.541581 - ERROR : send/read tcp data error: Traceback (most recent call last):
  File "G:\tools\anaconda1\.venv\lib\site-packages\PyAibote\Tool\SendTcpData.py", line 25, in SendData
    response = self.StarLoadWait(data)
  File "G:\tools\anaconda1\.venv\lib\site-packages\PyAibote\WindowsBotModel\WinLoadWait.py", line 42, in StarLoadWait
    response = self._Send(data)
  File "G:\tools\anaconda1\.venv\lib\site-packages\PyAibote\WindowsBotModel\WinLoadWait.py", line 21, in _Send
    self.request.sendall(data)
OSError: [WinError 10038] 在一个非套接字上尝试了一个操作。

2025-05-26 22:29:59.543576 - ERROR : send/read tcp data error: Traceback (most recent call last):
  File "G:\tools\anaconda1\.venv\lib\site-packages\PyAibote\Tool\SendTcpData.py", line 25, in SendData
    response = self.StarLoadWait(data)
  File "G:\tools\anaconda1\.venv\lib\site-packages\PyAibote\WindowsBotModel\WinLoadWait.py", line 42, in StarLoadWait
    response = self._Send(data)
  File "G:\tools\anaconda1\.venv\lib\site-packages\PyAibote\WindowsBotModel\WinLoadWait.py", line 21, in _Send
    self.request.sendall(data)
OSError: [WinError 10038] 在一个非套接字上尝试了一个操作。

2025-05-26 22:29:59.544574 - ERROR : send/read tcp data error: Traceback (most recent call last):
  File "G:\tools\anaconda1\.venv\lib\site-packages\PyAibote\Tool\SendTcpData.py", line 25, in SendData
    response = self.StarLoadWait(data)
  File "G:\tools\anaconda1\.venv\lib\site-packages\PyAibote\WindowsBotModel\WinLoadWait.py", line 42, in StarLoadWait
    response = self._Send(data)
  File "G:\tools\anaconda1\.venv\lib\site-packages\PyAibote\WindowsBotModel\WinLoadWait.py", line 21, in _Send
    self.request.sendall(data)
OSError: [WinError 10038] 在一个非套接字上尝试了一个操作。

2025-05-26 22:29:59.547566 - ERROR : send/read tcp data error: Traceback (most recent call last):
  File "G:\tools\anaconda1\.venv\lib\site-packages\PyAibote\Tool\SendTcpData.py", line 25, in SendData
    response = self.StarLoadWait(data)
  File "G:\tools\anaconda1\.venv\lib\site-packages\PyAibote\WindowsBotModel\WinLoadWait.py", line 42, in StarLoadWait
    response = self._Send(data)
  File "G:\tools\anaconda1\.venv\lib\site-packages\PyAibote\WindowsBotModel\WinLoadWait.py", line 21, in _Send
    self.request.sendall(data)
OSError: [WinError 10038] 在一个非套接字上尝试了一个操作。

2025-05-26 22:29:59.550080 - ERROR : send/read tcp data error: Traceback (most recent call last):
  File "G:\tools\anaconda1\.venv\lib\site-packages\PyAibote\Tool\SendTcpData.py", line 25, in SendData
    response = self.StarLoadWait(data)
  File "G:\tools\anaconda1\.venv\lib\site-packages\PyAibote\WindowsBotModel\WinLoadWait.py", line 42, in StarLoadWait
    response = self._Send(data)
  File "G:\tools\anaconda1\.venv\lib\site-packages\PyAibote\WindowsBotModel\WinLoadWait.py", line 21, in _Send
    self.request.sendall(data)
OSError: [WinError 10038] 在一个非套接字上尝试了一个操作。

2025-05-26 22:29:59.551584 - ERROR : send/read tcp data error: Traceback (most recent call last):
  File "G:\tools\anaconda1\.venv\lib\site-packages\PyAibote\Tool\SendTcpData.py", line 25, in SendData
    response = self.StarLoadWait(data)
  File "G:\tools\anaconda1\.venv\lib\site-packages\PyAibote\WindowsBotModel\WinLoadWait.py", line 42, in StarLoadWait
    response = self._Send(data)
  File "G:\tools\anaconda1\.venv\lib\site-packages\PyAibote\WindowsBotModel\WinLoadWait.py", line 21, in _Send
    self.request.sendall(data)
OSError: [WinError 10038] 在一个非套接字上尝试了一个操作。

2025-05-26 22:29:59.553579 - ERROR : send/read tcp data error: Traceback (most recent call last):
  File "G:\tools\anaconda1\.venv\lib\site-packages\PyAibote\Tool\SendTcpData.py", line 25, in SendData
    response = self.StarLoadWait(data)
  File "G:\tools\anaconda1\.venv\lib\site-packages\PyAibote\WindowsBotModel\WinLoadWait.py", line 42, in StarLoadWait
    response = self._Send(data)
  File "G:\tools\anaconda1\.venv\lib\site-packages\PyAibote\WindowsBotModel\WinLoadWait.py", line 21, in _Send
    self.request.sendall(data)
OSError: [WinError 10038] 在一个非套接字上尝试了一个操作。

2025-05-26 22:29:59.555574 - ERROR : send/read tcp data error: Traceback (most recent call last):
  File "G:\tools\anaconda1\.venv\lib\site-packages\PyAibote\Tool\SendTcpData.py", line 25, in SendData
    response = self.StarLoadWait(data)
  File "G:\tools\anaconda1\.venv\lib\site-packages\PyAibote\WindowsBotModel\WinLoadWait.py", line 42, in StarLoadWait
    response = self._Send(data)
  File "G:\tools\anaconda1\.venv\lib\site-packages\PyAibote\WindowsBotModel\WinLoadWait.py", line 21, in _Send
    self.request.sendall(data)
OSError: [WinError 10038] 在一个非套接字上尝试了一个操作。

2025-05-26 22:29:59.557568 - ERROR : send/read tcp data error: Traceback (most recent call last):
  File "G:\tools\anaconda1\.venv\lib\site-packages\PyAibote\Tool\SendTcpData.py", line 25, in SendData
    response = self.StarLoadWait(data)
  File "G:\tools\anaconda1\.venv\lib\site-packages\PyAibote\WindowsBotModel\WinLoadWait.py", line 42, in StarLoadWait
    response = self._Send(data)
  File "G:\tools\anaconda1\.venv\lib\site-packages\PyAibote\WindowsBotModel\WinLoadWait.py", line 21, in _Send
    self.request.sendall(data)
OSError: [WinError 10038] 在一个非套接字上尝试了一个操作。

2025-05-26 22:29:59.560076 - ERROR : send/read tcp data error: Traceback (most recent call last):
  File "G:\tools\anaconda1\.venv\lib\site-packages\PyAibote\Tool\SendTcpData.py", line 25, in SendData
    response = self.StarLoadWait(data)
  File "G:\tools\anaconda1\.venv\lib\site-packages\PyAibote\WindowsBotModel\WinLoadWait.py", line 42, in StarLoadWait
    response = self._Send(data)
  File "G:\tools\anaconda1\.venv\lib\site-packages\PyAibote\WindowsBotModel\WinLoadWait.py", line 21, in _Send
    self.request.sendall(data)
OSError: [WinError 10038] 在一个非套接字上尝试了一个操作。

2025-05-26 22:29:59.561579 - ERROR : send/read tcp data error: Traceback (most recent call last):
  File "G:\tools\anaconda1\.venv\lib\site-packages\PyAibote\Tool\SendTcpData.py", line 25, in SendData
    response = self.StarLoadWait(data)
  File "G:\tools\anaconda1\.venv\lib\site-packages\PyAibote\WindowsBotModel\WinLoadWait.py", line 42, in StarLoadWait
    response = self._Send(data)
  File "G:\tools\anaconda1\.venv\lib\site-packages\PyAibote\WindowsBotModel\WinLoadWait.py", line 21, in _Send
    self.request.sendall(data)
OSError: [WinError 10038] 在一个非套接字上尝试了一个操作。

2025-05-26 22:29:59.563574 - ERROR : send/read tcp data error: Traceback (most recent call last):
  File "G:\tools\anaconda1\.venv\lib\site-packages\PyAibote\Tool\SendTcpData.py", line 25, in SendData
    response = self.StarLoadWait(data)
  File "G:\tools\anaconda1\.venv\lib\site-packages\PyAibote\WindowsBotModel\WinLoadWait.py", line 42, in StarLoadWait
    response = self._Send(data)
  File "G:\tools\anaconda1\.venv\lib\site-packages\PyAibote\WindowsBotModel\WinLoadWait.py", line 21, in _Send
    self.request.sendall(data)
OSError: [WinError 10038] 在一个非套接字上尝试了一个操作。

2025-05-26 22:29:59.565569 - ERROR : send/read tcp data error: Traceback (most recent call last):
  File "G:\tools\anaconda1\.venv\lib\site-packages\PyAibote\Tool\SendTcpData.py", line 25, in SendData
    response = self.StarLoadWait(data)
  File "G:\tools\anaconda1\.venv\lib\site-packages\PyAibote\WindowsBotModel\WinLoadWait.py", line 42, in StarLoadWait
    response = self._Send(data)
  File "G:\tools\anaconda1\.venv\lib\site-packages\PyAibote\WindowsBotModel\WinLoadWait.py", line 21, in _Send
    self.request.sendall(data)
OSError: [WinError 10038] 在一个非套接字上尝试了一个操作。

2025-05-26 22:29:59.567564 - ERROR : send/read tcp data error: Traceback (most recent call last):
  File "G:\tools\anaconda1\.venv\lib\site-packages\PyAibote\Tool\SendTcpData.py", line 25, in SendData
    response = self.StarLoadWait(data)
  File "G:\tools\anaconda1\.venv\lib\site-packages\PyAibote\WindowsBotModel\WinLoadWait.py", line 42, in StarLoadWait
    response = self._Send(data)
  File "G:\tools\anaconda1\.venv\lib\site-packages\PyAibote\WindowsBotModel\WinLoadWait.py", line 21, in _Send
    self.request.sendall(data)
OSError: [WinError 10038] 在一个非套接字上尝试了一个操作。

2025-05-26 22:29:59.592570 - ERROR : send/read tcp data error: Traceback (most recent call last):
  File "G:\tools\anaconda1\.venv\lib\site-packages\PyAibote\Tool\SendTcpData.py", line 25, in SendData
    response = self.StarLoadWait(data)
  File "G:\tools\anaconda1\.venv\lib\site-packages\PyAibote\WindowsBotModel\WinLoadWait.py", line 42, in StarLoadWait
    response = self._Send(data)
  File "G:\tools\anaconda1\.venv\lib\site-packages\PyAibote\WindowsBotModel\WinLoadWait.py", line 21, in _Send
    self.request.sendall(data)
OSError: [WinError 10038] 在一个非套接字上尝试了一个操作。

2025-05-26 22:29:59.604574 - ERROR : send/read tcp data error: Traceback (most recent call last):
  File "G:\tools\anaconda1\.venv\lib\site-packages\PyAibote\Tool\SendTcpData.py", line 25, in SendData
    response = self.StarLoadWait(data)
  File "G:\tools\anaconda1\.venv\lib\site-packages\PyAibote\WindowsBotModel\WinLoadWait.py", line 42, in StarLoadWait
    response = self._Send(data)
  File "G:\tools\anaconda1\.venv\lib\site-packages\PyAibote\WindowsBotModel\WinLoadWait.py", line 21, in _Send
    self.request.sendall(data)
OSError: [WinError 10038] 在一个非套接字上尝试了一个操作。

2025-05-26 22:29:59.620593 - ERROR : send/read tcp data error: Traceback (most recent call last):
  File "G:\tools\anaconda1\.venv\lib\site-packages\PyAibote\Tool\SendTcpData.py", line 25, in SendData
    response = self.StarLoadWait(data)
  File "G:\tools\anaconda1\.venv\lib\site-packages\PyAibote\WindowsBotModel\WinLoadWait.py", line 42, in StarLoadWait
    response = self._Send(data)
  File "G:\tools\anaconda1\.venv\lib\site-packages\PyAibote\WindowsBotModel\WinLoadWait.py", line 21, in _Send
    self.request.sendall(data)
OSError: [WinError 10038] 在一个非套接字上尝试了一个操作。

2025-05-26 22:29:59.622581 - ERROR : send/read tcp data error: Traceback (most recent call last):
  File "G:\tools\anaconda1\.venv\lib\site-packages\PyAibote\Tool\SendTcpData.py", line 25, in SendData
    response = self.StarLoadWait(data)
  File "G:\tools\anaconda1\.venv\lib\site-packages\PyAibote\WindowsBotModel\WinLoadWait.py", line 42, in StarLoadWait
    response = self._Send(data)
  File "G:\tools\anaconda1\.venv\lib\site-packages\PyAibote\WindowsBotModel\WinLoadWait.py", line 21, in _Send
    self.request.sendall(data)
OSError: [WinError 10038] 在一个非套接字上尝试了一个操作。

2025-05-26 22:29:59.624576 - ERROR : send/read tcp data error: Traceback (most recent call last):
  File "G:\tools\anaconda1\.venv\lib\site-packages\PyAibote\Tool\SendTcpData.py", line 25, in SendData
    response = self.StarLoadWait(data)
  File "G:\tools\anaconda1\.venv\lib\site-packages\PyAibote\WindowsBotModel\WinLoadWait.py", line 42, in StarLoadWait
    response = self._Send(data)
  File "G:\tools\anaconda1\.venv\lib\site-packages\PyAibote\WindowsBotModel\WinLoadWait.py", line 21, in _Send
    self.request.sendall(data)
OSError: [WinError 10038] 在一个非套接字上尝试了一个操作。

2025-05-26 22:29:59.627568 - ERROR : send/read tcp data error: Traceback (most recent call last):
  File "G:\tools\anaconda1\.venv\lib\site-packages\PyAibote\Tool\SendTcpData.py", line 25, in SendData
    response = self.StarLoadWait(data)
  File "G:\tools\anaconda1\.venv\lib\site-packages\PyAibote\WindowsBotModel\WinLoadWait.py", line 42, in StarLoadWait
    response = self._Send(data)
  File "G:\tools\anaconda1\.venv\lib\site-packages\PyAibote\WindowsBotModel\WinLoadWait.py", line 21, in _Send
    self.request.sendall(data)
OSError: [WinError 10038] 在一个非套接字上尝试了一个操作。

2025-05-26 22:29:59.630079 - ERROR : send/read tcp data error: Traceback (most recent call last):
  File "G:\tools\anaconda1\.venv\lib\site-packages\PyAibote\Tool\SendTcpData.py", line 25, in SendData
    response = self.StarLoadWait(data)
  File "G:\tools\anaconda1\.venv\lib\site-packages\PyAibote\WindowsBotModel\WinLoadWait.py", line 42, in StarLoadWait
    response = self._Send(data)
  File "G:\tools\anaconda1\.venv\lib\site-packages\PyAibote\WindowsBotModel\WinLoadWait.py", line 21, in _Send
    self.request.sendall(data)
OSError: [WinError 10038] 在一个非套接字上尝试了一个操作。

2025-05-26 22:29:59.632581 - ERROR : send/read tcp data error: Traceback (most recent call last):
  File "G:\tools\anaconda1\.venv\lib\site-packages\PyAibote\Tool\SendTcpData.py", line 25, in SendData
    response = self.StarLoadWait(data)
  File "G:\tools\anaconda1\.venv\lib\site-packages\PyAibote\WindowsBotModel\WinLoadWait.py", line 42, in StarLoadWait
    response = self._Send(data)
  File "G:\tools\anaconda1\.venv\lib\site-packages\PyAibote\WindowsBotModel\WinLoadWait.py", line 21, in _Send
    self.request.sendall(data)
OSError: [WinError 10038] 在一个非套接字上尝试了一个操作。

2025-05-26 22:29:59.634576 - ERROR : send/read tcp data error: Traceback (most recent call last):
  File "G:\tools\anaconda1\.venv\lib\site-packages\PyAibote\Tool\SendTcpData.py", line 25, in SendData
    response = self.StarLoadWait(data)
  File "G:\tools\anaconda1\.venv\lib\site-packages\PyAibote\WindowsBotModel\WinLoadWait.py", line 42, in StarLoadWait
    response = self._Send(data)
  File "G:\tools\anaconda1\.venv\lib\site-packages\PyAibote\WindowsBotModel\WinLoadWait.py", line 21, in _Send
    self.request.sendall(data)
OSError: [WinError 10038] 在一个非套接字上尝试了一个操作。

2025-05-26 22:29:59.636570 - ERROR : send/read tcp data error: Traceback (most recent call last):
  File "G:\tools\anaconda1\.venv\lib\site-packages\PyAibote\Tool\SendTcpData.py", line 25, in SendData
    response = self.StarLoadWait(data)
  File "G:\tools\anaconda1\.venv\lib\site-packages\PyAibote\WindowsBotModel\WinLoadWait.py", line 42, in StarLoadWait
    response = self._Send(data)
  File "G:\tools\anaconda1\.venv\lib\site-packages\PyAibote\WindowsBotModel\WinLoadWait.py", line 21, in _Send
    self.request.sendall(data)
OSError: [WinError 10038] 在一个非套接字上尝试了一个操作。

2025-05-26 22:29:59.638565 - ERROR : send/read tcp data error: Traceback (most recent call last):
  File "G:\tools\anaconda1\.venv\lib\site-packages\PyAibote\Tool\SendTcpData.py", line 25, in SendData
    response = self.StarLoadWait(data)
  File "G:\tools\anaconda1\.venv\lib\site-packages\PyAibote\WindowsBotModel\WinLoadWait.py", line 42, in StarLoadWait
    response = self._Send(data)
  File "G:\tools\anaconda1\.venv\lib\site-packages\PyAibote\WindowsBotModel\WinLoadWait.py", line 21, in _Send
    self.request.sendall(data)
OSError: [WinError 10038] 在一个非套接字上尝试了一个操作。

2025-05-26 22:29:59.640587 - ERROR : send/read tcp data error: Traceback (most recent call last):
  File "G:\tools\anaconda1\.venv\lib\site-packages\PyAibote\Tool\SendTcpData.py", line 25, in SendData
    response = self.StarLoadWait(data)
  File "G:\tools\anaconda1\.venv\lib\site-packages\PyAibote\WindowsBotModel\WinLoadWait.py", line 42, in StarLoadWait
    response = self._Send(data)
  File "G:\tools\anaconda1\.venv\lib\site-packages\PyAibote\WindowsBotModel\WinLoadWait.py", line 21, in _Send
    self.request.sendall(data)
OSError: [WinError 10038] 在一个非套接字上尝试了一个操作。

2025-05-26 22:29:59.643574 - ERROR : send/read tcp data error: Traceback (most recent call last):
  File "G:\tools\anaconda1\.venv\lib\site-packages\PyAibote\Tool\SendTcpData.py", line 25, in SendData
    response = self.StarLoadWait(data)
  File "G:\tools\anaconda1\.venv\lib\site-packages\PyAibote\WindowsBotModel\WinLoadWait.py", line 42, in StarLoadWait
    response = self._Send(data)
  File "G:\tools\anaconda1\.venv\lib\site-packages\PyAibote\WindowsBotModel\WinLoadWait.py", line 21, in _Send
    self.request.sendall(data)
OSError: [WinError 10038] 在一个非套接字上尝试了一个操作。

2025-05-26 22:29:59.645569 - ERROR : send/read tcp data error: Traceback (most recent call last):
  File "G:\tools\anaconda1\.venv\lib\site-packages\PyAibote\Tool\SendTcpData.py", line 25, in SendData
    response = self.StarLoadWait(data)
  File "G:\tools\anaconda1\.venv\lib\site-packages\PyAibote\WindowsBotModel\WinLoadWait.py", line 42, in StarLoadWait
    response = self._Send(data)
  File "G:\tools\anaconda1\.venv\lib\site-packages\PyAibote\WindowsBotModel\WinLoadWait.py", line 21, in _Send
    self.request.sendall(data)
OSError: [WinError 10038] 在一个非套接字上尝试了一个操作。

2025-05-26 22:29:59.647564 - ERROR : send/read tcp data error: Traceback (most recent call last):
  File "G:\tools\anaconda1\.venv\lib\site-packages\PyAibote\Tool\SendTcpData.py", line 25, in SendData
    response = self.StarLoadWait(data)
  File "G:\tools\anaconda1\.venv\lib\site-packages\PyAibote\WindowsBotModel\WinLoadWait.py", line 42, in StarLoadWait
    response = self._Send(data)
  File "G:\tools\anaconda1\.venv\lib\site-packages\PyAibote\WindowsBotModel\WinLoadWait.py", line 21, in _Send
    self.request.sendall(data)
OSError: [WinError 10038] 在一个非套接字上尝试了一个操作。

2025-05-26 22:29:59.683528 - ERROR : send/read tcp data error: Traceback (most recent call last):
  File "G:\tools\anaconda1\.venv\lib\site-packages\PyAibote\Tool\SendTcpData.py", line 25, in SendData
    response = self.StarLoadWait(data)
  File "G:\tools\anaconda1\.venv\lib\site-packages\PyAibote\WindowsBotModel\WinLoadWait.py", line 42, in StarLoadWait
    response = self._Send(data)
  File "G:\tools\anaconda1\.venv\lib\site-packages\PyAibote\WindowsBotModel\WinLoadWait.py", line 21, in _Send
    self.request.sendall(data)
OSError: [WinError 10038] 在一个非套接字上尝试了一个操作。

2025-05-26 22:29:59.685523 - ERROR : send/read tcp data error: Traceback (most recent call last):
  File "G:\tools\anaconda1\.venv\lib\site-packages\PyAibote\Tool\SendTcpData.py", line 25, in SendData
    response = self.StarLoadWait(data)
  File "G:\tools\anaconda1\.venv\lib\site-packages\PyAibote\WindowsBotModel\WinLoadWait.py", line 42, in StarLoadWait
    response = self._Send(data)
  File "G:\tools\anaconda1\.venv\lib\site-packages\PyAibote\WindowsBotModel\WinLoadWait.py", line 21, in _Send
    self.request.sendall(data)
OSError: [WinError 10038] 在一个非套接字上尝试了一个操作。

2025-05-26 22:29:59.690032 - ERROR : send/read tcp data error: Traceback (most recent call last):
  File "G:\tools\anaconda1\.venv\lib\site-packages\PyAibote\Tool\SendTcpData.py", line 25, in SendData
    response = self.StarLoadWait(data)
  File "G:\tools\anaconda1\.venv\lib\site-packages\PyAibote\WindowsBotModel\WinLoadWait.py", line 42, in StarLoadWait
    response = self._Send(data)
  File "G:\tools\anaconda1\.venv\lib\site-packages\PyAibote\WindowsBotModel\WinLoadWait.py", line 21, in _Send
    self.request.sendall(data)
OSError: [WinError 10038] 在一个非套接字上尝试了一个操作。

2025-05-26 22:29:59.692532 - ERROR : send/read tcp data error: Traceback (most recent call last):
  File "G:\tools\anaconda1\.venv\lib\site-packages\PyAibote\Tool\SendTcpData.py", line 25, in SendData
    response = self.StarLoadWait(data)
  File "G:\tools\anaconda1\.venv\lib\site-packages\PyAibote\WindowsBotModel\WinLoadWait.py", line 42, in StarLoadWait
    response = self._Send(data)
  File "G:\tools\anaconda1\.venv\lib\site-packages\PyAibote\WindowsBotModel\WinLoadWait.py", line 21, in _Send
    self.request.sendall(data)
OSError: [WinError 10038] 在一个非套接字上尝试了一个操作。

2025-05-26 22:29:59.694528 - ERROR : send/read tcp data error: Traceback (most recent call last):
  File "G:\tools\anaconda1\.venv\lib\site-packages\PyAibote\Tool\SendTcpData.py", line 25, in SendData
    response = self.StarLoadWait(data)
  File "G:\tools\anaconda1\.venv\lib\site-packages\PyAibote\WindowsBotModel\WinLoadWait.py", line 42, in StarLoadWait
    response = self._Send(data)
  File "G:\tools\anaconda1\.venv\lib\site-packages\PyAibote\WindowsBotModel\WinLoadWait.py", line 21, in _Send
    self.request.sendall(data)
OSError: [WinError 10038] 在一个非套接字上尝试了一个操作。

2025-05-26 22:29:59.696522 - ERROR : send/read tcp data error: Traceback (most recent call last):
  File "G:\tools\anaconda1\.venv\lib\site-packages\PyAibote\Tool\SendTcpData.py", line 25, in SendData
    response = self.StarLoadWait(data)
  File "G:\tools\anaconda1\.venv\lib\site-packages\PyAibote\WindowsBotModel\WinLoadWait.py", line 42, in StarLoadWait
    response = self._Send(data)
  File "G:\tools\anaconda1\.venv\lib\site-packages\PyAibote\WindowsBotModel\WinLoadWait.py", line 21, in _Send
    self.request.sendall(data)
OSError: [WinError 10038] 在一个非套接字上尝试了一个操作。

2025-05-26 22:29:59.698517 - ERROR : send/read tcp data error: Traceback (most recent call last):
  File "G:\tools\anaconda1\.venv\lib\site-packages\PyAibote\Tool\SendTcpData.py", line 25, in SendData
    response = self.StarLoadWait(data)
  File "G:\tools\anaconda1\.venv\lib\site-packages\PyAibote\WindowsBotModel\WinLoadWait.py", line 42, in StarLoadWait
    response = self._Send(data)
  File "G:\tools\anaconda1\.venv\lib\site-packages\PyAibote\WindowsBotModel\WinLoadWait.py", line 21, in _Send
    self.request.sendall(data)
OSError: [WinError 10038] 在一个非套接字上尝试了一个操作。

2025-05-26 22:29:59.701534 - ERROR : send/read tcp data error: Traceback (most recent call last):
  File "G:\tools\anaconda1\.venv\lib\site-packages\PyAibote\Tool\SendTcpData.py", line 25, in SendData
    response = self.StarLoadWait(data)
  File "G:\tools\anaconda1\.venv\lib\site-packages\PyAibote\WindowsBotModel\WinLoadWait.py", line 42, in StarLoadWait
    response = self._Send(data)
  File "G:\tools\anaconda1\.venv\lib\site-packages\PyAibote\WindowsBotModel\WinLoadWait.py", line 21, in _Send
    self.request.sendall(data)
OSError: [WinError 10038] 在一个非套接字上尝试了一个操作。

2025-05-26 22:29:59.705523 - ERROR : send/read tcp data error: Traceback (most recent call last):
  File "G:\tools\anaconda1\.venv\lib\site-packages\PyAibote\Tool\SendTcpData.py", line 25, in SendData
    response = self.StarLoadWait(data)
  File "G:\tools\anaconda1\.venv\lib\site-packages\PyAibote\WindowsBotModel\WinLoadWait.py", line 42, in StarLoadWait
    response = self._Send(data)
  File "G:\tools\anaconda1\.venv\lib\site-packages\PyAibote\WindowsBotModel\WinLoadWait.py", line 21, in _Send
    self.request.sendall(data)
OSError: [WinError 10038] 在一个非套接字上尝试了一个操作。

2025-05-26 22:29:59.707518 - ERROR : send/read tcp data error: Traceback (most recent call last):
  File "G:\tools\anaconda1\.venv\lib\site-packages\PyAibote\Tool\SendTcpData.py", line 25, in SendData
    response = self.StarLoadWait(data)
  File "G:\tools\anaconda1\.venv\lib\site-packages\PyAibote\WindowsBotModel\WinLoadWait.py", line 42, in StarLoadWait
    response = self._Send(data)
  File "G:\tools\anaconda1\.venv\lib\site-packages\PyAibote\WindowsBotModel\WinLoadWait.py", line 21, in _Send
    self.request.sendall(data)
OSError: [WinError 10038] 在一个非套接字上尝试了一个操作。

2025-05-26 22:29:59.710027 - ERROR : send/read tcp data error: Traceback (most recent call last):
  File "G:\tools\anaconda1\.venv\lib\site-packages\PyAibote\Tool\SendTcpData.py", line 25, in SendData
    response = self.StarLoadWait(data)
  File "G:\tools\anaconda1\.venv\lib\site-packages\PyAibote\WindowsBotModel\WinLoadWait.py", line 42, in StarLoadWait
    response = self._Send(data)
  File "G:\tools\anaconda1\.venv\lib\site-packages\PyAibote\WindowsBotModel\WinLoadWait.py", line 21, in _Send
    self.request.sendall(data)
OSError: [WinError 10038] 在一个非套接字上尝试了一个操作。

2025-05-26 22:29:59.711530 - ERROR : send/read tcp data error: Traceback (most recent call last):
  File "G:\tools\anaconda1\.venv\lib\site-packages\PyAibote\Tool\SendTcpData.py", line 25, in SendData
    response = self.StarLoadWait(data)
  File "G:\tools\anaconda1\.venv\lib\site-packages\PyAibote\WindowsBotModel\WinLoadWait.py", line 42, in StarLoadWait
    response = self._Send(data)
  File "G:\tools\anaconda1\.venv\lib\site-packages\PyAibote\WindowsBotModel\WinLoadWait.py", line 21, in _Send
    self.request.sendall(data)
OSError: [WinError 10038] 在一个非套接字上尝试了一个操作。

2025-05-26 22:29:59.713525 - ERROR : send/read tcp data error: Traceback (most recent call last):
  File "G:\tools\anaconda1\.venv\lib\site-packages\PyAibote\Tool\SendTcpData.py", line 25, in SendData
    response = self.StarLoadWait(data)
  File "G:\tools\anaconda1\.venv\lib\site-packages\PyAibote\WindowsBotModel\WinLoadWait.py", line 42, in StarLoadWait
    response = self._Send(data)
  File "G:\tools\anaconda1\.venv\lib\site-packages\PyAibote\WindowsBotModel\WinLoadWait.py", line 21, in _Send
    self.request.sendall(data)
OSError: [WinError 10038] 在一个非套接字上尝试了一个操作。

2025-05-26 22:29:59.716517 - ERROR : send/read tcp data error: Traceback (most recent call last):
  File "G:\tools\anaconda1\.venv\lib\site-packages\PyAibote\Tool\SendTcpData.py", line 25, in SendData
    response = self.StarLoadWait(data)
  File "G:\tools\anaconda1\.venv\lib\site-packages\PyAibote\WindowsBotModel\WinLoadWait.py", line 42, in StarLoadWait
    response = self._Send(data)
  File "G:\tools\anaconda1\.venv\lib\site-packages\PyAibote\WindowsBotModel\WinLoadWait.py", line 21, in _Send
    self.request.sendall(data)
OSError: [WinError 10038] 在一个非套接字上尝试了一个操作。

2025-05-26 22:29:59.749500 - ERROR : send/read tcp data error: Traceback (most recent call last):
  File "G:\tools\anaconda1\.venv\lib\site-packages\PyAibote\Tool\SendTcpData.py", line 25, in SendData
    response = self.StarLoadWait(data)
  File "G:\tools\anaconda1\.venv\lib\site-packages\PyAibote\WindowsBotModel\WinLoadWait.py", line 42, in StarLoadWait
    response = self._Send(data)
  File "G:\tools\anaconda1\.venv\lib\site-packages\PyAibote\WindowsBotModel\WinLoadWait.py", line 21, in _Send
    self.request.sendall(data)
OSError: [WinError 10038] 在一个非套接字上尝试了一个操作。

2025-05-26 22:29:59.752522 - ERROR : send/read tcp data error: Traceback (most recent call last):
  File "G:\tools\anaconda1\.venv\lib\site-packages\PyAibote\Tool\SendTcpData.py", line 25, in SendData
    response = self.StarLoadWait(data)
  File "G:\tools\anaconda1\.venv\lib\site-packages\PyAibote\WindowsBotModel\WinLoadWait.py", line 42, in StarLoadWait
    response = self._Send(data)
  File "G:\tools\anaconda1\.venv\lib\site-packages\PyAibote\WindowsBotModel\WinLoadWait.py", line 21, in _Send
    self.request.sendall(data)
OSError: [WinError 10038] 在一个非套接字上尝试了一个操作。

2025-05-26 22:29:59.755514 - ERROR : send/read tcp data error: Traceback (most recent call last):
  File "G:\tools\anaconda1\.venv\lib\site-packages\PyAibote\Tool\SendTcpData.py", line 25, in SendData
    response = self.StarLoadWait(data)
  File "G:\tools\anaconda1\.venv\lib\site-packages\PyAibote\WindowsBotModel\WinLoadWait.py", line 42, in StarLoadWait
    response = self._Send(data)
  File "G:\tools\anaconda1\.venv\lib\site-packages\PyAibote\WindowsBotModel\WinLoadWait.py", line 21, in _Send
    self.request.sendall(data)
OSError: [WinError 10038] 在一个非套接字上尝试了一个操作。

2025-05-26 22:29:59.757509 - ERROR : send/read tcp data error: Traceback (most recent call last):
  File "G:\tools\anaconda1\.venv\lib\site-packages\PyAibote\Tool\SendTcpData.py", line 25, in SendData
    response = self.StarLoadWait(data)
  File "G:\tools\anaconda1\.venv\lib\site-packages\PyAibote\WindowsBotModel\WinLoadWait.py", line 42, in StarLoadWait
    response = self._Send(data)
  File "G:\tools\anaconda1\.venv\lib\site-packages\PyAibote\WindowsBotModel\WinLoadWait.py", line 21, in _Send
    self.request.sendall(data)
OSError: [WinError 10038] 在一个非套接字上尝试了一个操作。

2025-05-26 22:29:59.760023 - ERROR : send/read tcp data error: Traceback (most recent call last):
  File "G:\tools\anaconda1\.venv\lib\site-packages\PyAibote\Tool\SendTcpData.py", line 25, in SendData
    response = self.StarLoadWait(data)
  File "G:\tools\anaconda1\.venv\lib\site-packages\PyAibote\WindowsBotModel\WinLoadWait.py", line 42, in StarLoadWait
    response = self._Send(data)
  File "G:\tools\anaconda1\.venv\lib\site-packages\PyAibote\WindowsBotModel\WinLoadWait.py", line 21, in _Send
    self.request.sendall(data)
OSError: [WinError 10038] 在一个非套接字上尝试了一个操作。

2025-05-26 22:29:59.761527 - ERROR : send/read tcp data error: Traceback (most recent call last):
  File "G:\tools\anaconda1\.venv\lib\site-packages\PyAibote\Tool\SendTcpData.py", line 25, in SendData
    response = self.StarLoadWait(data)
  File "G:\tools\anaconda1\.venv\lib\site-packages\PyAibote\WindowsBotModel\WinLoadWait.py", line 42, in StarLoadWait
    response = self._Send(data)
  File "G:\tools\anaconda1\.venv\lib\site-packages\PyAibote\WindowsBotModel\WinLoadWait.py", line 21, in _Send
    self.request.sendall(data)
OSError: [WinError 10038] 在一个非套接字上尝试了一个操作。

2025-05-26 22:29:59.763523 - ERROR : send/read tcp data error: Traceback (most recent call last):
  File "G:\tools\anaconda1\.venv\lib\site-packages\PyAibote\Tool\SendTcpData.py", line 25, in SendData
    response = self.StarLoadWait(data)
  File "G:\tools\anaconda1\.venv\lib\site-packages\PyAibote\WindowsBotModel\WinLoadWait.py", line 42, in StarLoadWait
    response = self._Send(data)
  File "G:\tools\anaconda1\.venv\lib\site-packages\PyAibote\WindowsBotModel\WinLoadWait.py", line 21, in _Send
    self.request.sendall(data)
OSError: [WinError 10038] 在一个非套接字上尝试了一个操作。

2025-05-26 22:29:59.765517 - ERROR : send/read tcp data error: Traceback (most recent call last):
  File "G:\tools\anaconda1\.venv\lib\site-packages\PyAibote\Tool\SendTcpData.py", line 25, in SendData
    response = self.StarLoadWait(data)
  File "G:\tools\anaconda1\.venv\lib\site-packages\PyAibote\WindowsBotModel\WinLoadWait.py", line 42, in StarLoadWait
    response = self._Send(data)
  File "G:\tools\anaconda1\.venv\lib\site-packages\PyAibote\WindowsBotModel\WinLoadWait.py", line 21, in _Send
    self.request.sendall(data)
OSError: [WinError 10038] 在一个非套接字上尝试了一个操作。

2025-05-26 22:29:59.767512 - ERROR : send/read tcp data error: Traceback (most recent call last):
  File "G:\tools\anaconda1\.venv\lib\site-packages\PyAibote\Tool\SendTcpData.py", line 25, in SendData
    response = self.StarLoadWait(data)
  File "G:\tools\anaconda1\.venv\lib\site-packages\PyAibote\WindowsBotModel\WinLoadWait.py", line 42, in StarLoadWait
    response = self._Send(data)
  File "G:\tools\anaconda1\.venv\lib\site-packages\PyAibote\WindowsBotModel\WinLoadWait.py", line 21, in _Send
    self.request.sendall(data)
OSError: [WinError 10038] 在一个非套接字上尝试了一个操作。

2025-05-26 22:29:59.769507 - ERROR : send/read tcp data error: Traceback (most recent call last):
  File "G:\tools\anaconda1\.venv\lib\site-packages\PyAibote\Tool\SendTcpData.py", line 25, in SendData
    response = self.StarLoadWait(data)
  File "G:\tools\anaconda1\.venv\lib\site-packages\PyAibote\WindowsBotModel\WinLoadWait.py", line 42, in StarLoadWait
    response = self._Send(data)
  File "G:\tools\anaconda1\.venv\lib\site-packages\PyAibote\WindowsBotModel\WinLoadWait.py", line 21, in _Send
    self.request.sendall(data)
OSError: [WinError 10038] 在一个非套接字上尝试了一个操作。

2025-05-26 22:29:59.771528 - ERROR : send/read tcp data error: Traceback (most recent call last):
  File "G:\tools\anaconda1\.venv\lib\site-packages\PyAibote\Tool\SendTcpData.py", line 25, in SendData
    response = self.StarLoadWait(data)
  File "G:\tools\anaconda1\.venv\lib\site-packages\PyAibote\WindowsBotModel\WinLoadWait.py", line 42, in StarLoadWait
    response = self._Send(data)
  File "G:\tools\anaconda1\.venv\lib\site-packages\PyAibote\WindowsBotModel\WinLoadWait.py", line 21, in _Send
    self.request.sendall(data)
OSError: [WinError 10038] 在一个非套接字上尝试了一个操作。

2025-05-26 22:29:59.773523 - ERROR : send/read tcp data error: Traceback (most recent call last):
  File "G:\tools\anaconda1\.venv\lib\site-packages\PyAibote\Tool\SendTcpData.py", line 25, in SendData
    response = self.StarLoadWait(data)
  File "G:\tools\anaconda1\.venv\lib\site-packages\PyAibote\WindowsBotModel\WinLoadWait.py", line 42, in StarLoadWait
    response = self._Send(data)
  File "G:\tools\anaconda1\.venv\lib\site-packages\PyAibote\WindowsBotModel\WinLoadWait.py", line 21, in _Send
    self.request.sendall(data)
OSError: [WinError 10038] 在一个非套接字上尝试了一个操作。

2025-05-26 22:29:59.775518 - ERROR : send/read tcp data error: Traceback (most recent call last):
  File "G:\tools\anaconda1\.venv\lib\site-packages\PyAibote\Tool\SendTcpData.py", line 25, in SendData
    response = self.StarLoadWait(data)
  File "G:\tools\anaconda1\.venv\lib\site-packages\PyAibote\WindowsBotModel\WinLoadWait.py", line 42, in StarLoadWait
    response = self._Send(data)
  File "G:\tools\anaconda1\.venv\lib\site-packages\PyAibote\WindowsBotModel\WinLoadWait.py", line 21, in _Send
    self.request.sendall(data)
OSError: [WinError 10038] 在一个非套接字上尝试了一个操作。

2025-05-26 22:29:59.777513 - ERROR : send/read tcp data error: Traceback (most recent call last):
  File "G:\tools\anaconda1\.venv\lib\site-packages\PyAibote\Tool\SendTcpData.py", line 25, in SendData
    response = self.StarLoadWait(data)
  File "G:\tools\anaconda1\.venv\lib\site-packages\PyAibote\WindowsBotModel\WinLoadWait.py", line 42, in StarLoadWait
    response = self._Send(data)
  File "G:\tools\anaconda1\.venv\lib\site-packages\PyAibote\WindowsBotModel\WinLoadWait.py", line 21, in _Send
    self.request.sendall(data)
OSError: [WinError 10038] 在一个非套接字上尝试了一个操作。

2025-05-26 22:29:59.779508 - ERROR : send/read tcp data error: Traceback (most recent call last):
  File "G:\tools\anaconda1\.venv\lib\site-packages\PyAibote\Tool\SendTcpData.py", line 25, in SendData
    response = self.StarLoadWait(data)
  File "G:\tools\anaconda1\.venv\lib\site-packages\PyAibote\WindowsBotModel\WinLoadWait.py", line 42, in StarLoadWait
    response = self._Send(data)
  File "G:\tools\anaconda1\.venv\lib\site-packages\PyAibote\WindowsBotModel\WinLoadWait.py", line 21, in _Send
    self.request.sendall(data)
OSError: [WinError 10038] 在一个非套接字上尝试了一个操作。

2025-05-26 22:29:59.781531 - ERROR : send/read tcp data error: Traceback (most recent call last):
  File "G:\tools\anaconda1\.venv\lib\site-packages\PyAibote\Tool\SendTcpData.py", line 25, in SendData
    response = self.StarLoadWait(data)
  File "G:\tools\anaconda1\.venv\lib\site-packages\PyAibote\WindowsBotModel\WinLoadWait.py", line 42, in StarLoadWait
    response = self._Send(data)
  File "G:\tools\anaconda1\.venv\lib\site-packages\PyAibote\WindowsBotModel\WinLoadWait.py", line 21, in _Send
    self.request.sendall(data)
OSError: [WinError 10038] 在一个非套接字上尝试了一个操作。

2025-05-26 22:29:59.806527 - ERROR : send/read tcp data error: Traceback (most recent call last):
  File "G:\tools\anaconda1\.venv\lib\site-packages\PyAibote\Tool\SendTcpData.py", line 25, in SendData
    response = self.StarLoadWait(data)
  File "G:\tools\anaconda1\.venv\lib\site-packages\PyAibote\WindowsBotModel\WinLoadWait.py", line 42, in StarLoadWait
    response = self._Send(data)
  File "G:\tools\anaconda1\.venv\lib\site-packages\PyAibote\WindowsBotModel\WinLoadWait.py", line 21, in _Send
    self.request.sendall(data)
OSError: [WinError 10038] 在一个非套接字上尝试了一个操作。

2025-05-26 22:29:59.810566 - ERROR : send/read tcp data error: Traceback (most recent call last):
  File "G:\tools\anaconda1\.venv\lib\site-packages\PyAibote\Tool\SendTcpData.py", line 25, in SendData
    response = self.StarLoadWait(data)
  File "G:\tools\anaconda1\.venv\lib\site-packages\PyAibote\WindowsBotModel\WinLoadWait.py", line 42, in StarLoadWait
    response = self._Send(data)
  File "G:\tools\anaconda1\.venv\lib\site-packages\PyAibote\WindowsBotModel\WinLoadWait.py", line 21, in _Send
    self.request.sendall(data)
OSError: [WinError 10038] 在一个非套接字上尝试了一个操作。

2025-05-26 22:29:59.812550 - ERROR : send/read tcp data error: Traceback (most recent call last):
  File "G:\tools\anaconda1\.venv\lib\site-packages\PyAibote\Tool\SendTcpData.py", line 25, in SendData
    response = self.StarLoadWait(data)
  File "G:\tools\anaconda1\.venv\lib\site-packages\PyAibote\WindowsBotModel\WinLoadWait.py", line 42, in StarLoadWait
    response = self._Send(data)
  File "G:\tools\anaconda1\.venv\lib\site-packages\PyAibote\WindowsBotModel\WinLoadWait.py", line 21, in _Send
    self.request.sendall(data)
OSError: [WinError 10038] 在一个非套接字上尝试了一个操作。

2025-05-26 22:29:59.815543 - ERROR : send/read tcp data error: Traceback (most recent call last):
  File "G:\tools\anaconda1\.venv\lib\site-packages\PyAibote\Tool\SendTcpData.py", line 25, in SendData
    response = self.StarLoadWait(data)
  File "G:\tools\anaconda1\.venv\lib\site-packages\PyAibote\WindowsBotModel\WinLoadWait.py", line 42, in StarLoadWait
    response = self._Send(data)
  File "G:\tools\anaconda1\.venv\lib\site-packages\PyAibote\WindowsBotModel\WinLoadWait.py", line 21, in _Send
    self.request.sendall(data)
OSError: [WinError 10038] 在一个非套接字上尝试了一个操作。

2025-05-26 22:29:59.820561 - ERROR : send/read tcp data error: Traceback (most recent call last):
  File "G:\tools\anaconda1\.venv\lib\site-packages\PyAibote\Tool\SendTcpData.py", line 25, in SendData
    response = self.StarLoadWait(data)
  File "G:\tools\anaconda1\.venv\lib\site-packages\PyAibote\WindowsBotModel\WinLoadWait.py", line 42, in StarLoadWait
    response = self._Send(data)
  File "G:\tools\anaconda1\.venv\lib\site-packages\PyAibote\WindowsBotModel\WinLoadWait.py", line 21, in _Send
    self.request.sendall(data)
OSError: [WinError 10038] 在一个非套接字上尝试了一个操作。

2025-05-26 22:29:59.822551 - ERROR : send/read tcp data error: Traceback (most recent call last):
  File "G:\tools\anaconda1\.venv\lib\site-packages\PyAibote\Tool\SendTcpData.py", line 25, in SendData
    response = self.StarLoadWait(data)
  File "G:\tools\anaconda1\.venv\lib\site-packages\PyAibote\WindowsBotModel\WinLoadWait.py", line 42, in StarLoadWait
    response = self._Send(data)
  File "G:\tools\anaconda1\.venv\lib\site-packages\PyAibote\WindowsBotModel\WinLoadWait.py", line 21, in _Send
    self.request.sendall(data)
OSError: [WinError 10038] 在一个非套接字上尝试了一个操作。

2025-05-26 22:29:59.825544 - ERROR : send/read tcp data error: Traceback (most recent call last):
  File "G:\tools\anaconda1\.venv\lib\site-packages\PyAibote\Tool\SendTcpData.py", line 25, in SendData
    response = self.StarLoadWait(data)
  File "G:\tools\anaconda1\.venv\lib\site-packages\PyAibote\WindowsBotModel\WinLoadWait.py", line 42, in StarLoadWait
    response = self._Send(data)
  File "G:\tools\anaconda1\.venv\lib\site-packages\PyAibote\WindowsBotModel\WinLoadWait.py", line 21, in _Send
    self.request.sendall(data)
OSError: [WinError 10038] 在一个非套接字上尝试了一个操作。

2025-05-26 22:29:59.827538 - ERROR : send/read tcp data error: Traceback (most recent call last):
  File "G:\tools\anaconda1\.venv\lib\site-packages\PyAibote\Tool\SendTcpData.py", line 25, in SendData
    response = self.StarLoadWait(data)
  File "G:\tools\anaconda1\.venv\lib\site-packages\PyAibote\WindowsBotModel\WinLoadWait.py", line 42, in StarLoadWait
    response = self._Send(data)
  File "G:\tools\anaconda1\.venv\lib\site-packages\PyAibote\WindowsBotModel\WinLoadWait.py", line 21, in _Send
    self.request.sendall(data)
OSError: [WinError 10038] 在一个非套接字上尝试了一个操作。

2025-05-26 22:29:59.830049 - ERROR : send/read tcp data error: Traceback (most recent call last):
  File "G:\tools\anaconda1\.venv\lib\site-packages\PyAibote\Tool\SendTcpData.py", line 25, in SendData
    response = self.StarLoadWait(data)
  File "G:\tools\anaconda1\.venv\lib\site-packages\PyAibote\WindowsBotModel\WinLoadWait.py", line 42, in StarLoadWait
    response = self._Send(data)
  File "G:\tools\anaconda1\.venv\lib\site-packages\PyAibote\WindowsBotModel\WinLoadWait.py", line 21, in _Send
    self.request.sendall(data)
OSError: [WinError 10038] 在一个非套接字上尝试了一个操作。

2025-05-26 22:29:59.831552 - ERROR : send/read tcp data error: Traceback (most recent call last):
  File "G:\tools\anaconda1\.venv\lib\site-packages\PyAibote\Tool\SendTcpData.py", line 25, in SendData
    response = self.StarLoadWait(data)
  File "G:\tools\anaconda1\.venv\lib\site-packages\PyAibote\WindowsBotModel\WinLoadWait.py", line 42, in StarLoadWait
    response = self._Send(data)
  File "G:\tools\anaconda1\.venv\lib\site-packages\PyAibote\WindowsBotModel\WinLoadWait.py", line 21, in _Send
    self.request.sendall(data)
OSError: [WinError 10038] 在一个非套接字上尝试了一个操作。

2025-05-26 22:29:59.834544 - ERROR : send/read tcp data error: Traceback (most recent call last):
  File "G:\tools\anaconda1\.venv\lib\site-packages\PyAibote\Tool\SendTcpData.py", line 25, in SendData
    response = self.StarLoadWait(data)
  File "G:\tools\anaconda1\.venv\lib\site-packages\PyAibote\WindowsBotModel\WinLoadWait.py", line 42, in StarLoadWait
    response = self._Send(data)
  File "G:\tools\anaconda1\.venv\lib\site-packages\PyAibote\WindowsBotModel\WinLoadWait.py", line 21, in _Send
    self.request.sendall(data)
OSError: [WinError 10038] 在一个非套接字上尝试了一个操作。

2025-05-26 22:29:59.836539 - ERROR : send/read tcp data error: Traceback (most recent call last):
  File "G:\tools\anaconda1\.venv\lib\site-packages\PyAibote\Tool\SendTcpData.py", line 25, in SendData
    response = self.StarLoadWait(data)
  File "G:\tools\anaconda1\.venv\lib\site-packages\PyAibote\WindowsBotModel\WinLoadWait.py", line 42, in StarLoadWait
    response = self._Send(data)
  File "G:\tools\anaconda1\.venv\lib\site-packages\PyAibote\WindowsBotModel\WinLoadWait.py", line 21, in _Send
    self.request.sendall(data)
OSError: [WinError 10038] 在一个非套接字上尝试了一个操作。

2025-05-26 22:29:59.838534 - ERROR : send/read tcp data error: Traceback (most recent call last):
  File "G:\tools\anaconda1\.venv\lib\site-packages\PyAibote\Tool\SendTcpData.py", line 25, in SendData
    response = self.StarLoadWait(data)
  File "G:\tools\anaconda1\.venv\lib\site-packages\PyAibote\WindowsBotModel\WinLoadWait.py", line 42, in StarLoadWait
    response = self._Send(data)
  File "G:\tools\anaconda1\.venv\lib\site-packages\PyAibote\WindowsBotModel\WinLoadWait.py", line 21, in _Send
    self.request.sendall(data)
OSError: [WinError 10038] 在一个非套接字上尝试了一个操作。

2025-05-26 22:29:59.840559 - ERROR : send/read tcp data error: Traceback (most recent call last):
  File "G:\tools\anaconda1\.venv\lib\site-packages\PyAibote\Tool\SendTcpData.py", line 25, in SendData
    response = self.StarLoadWait(data)
  File "G:\tools\anaconda1\.venv\lib\site-packages\PyAibote\WindowsBotModel\WinLoadWait.py", line 42, in StarLoadWait
    response = self._Send(data)
  File "G:\tools\anaconda1\.venv\lib\site-packages\PyAibote\WindowsBotModel\WinLoadWait.py", line 21, in _Send
    self.request.sendall(data)
OSError: [WinError 10038] 在一个非套接字上尝试了一个操作。

2025-05-26 22:29:59.842547 - ERROR : send/read tcp data error: Traceback (most recent call last):
  File "G:\tools\anaconda1\.venv\lib\site-packages\PyAibote\Tool\SendTcpData.py", line 25, in SendData
    response = self.StarLoadWait(data)
  File "G:\tools\anaconda1\.venv\lib\site-packages\PyAibote\WindowsBotModel\WinLoadWait.py", line 42, in StarLoadWait
    response = self._Send(data)
  File "G:\tools\anaconda1\.venv\lib\site-packages\PyAibote\WindowsBotModel\WinLoadWait.py", line 21, in _Send
    self.request.sendall(data)
OSError: [WinError 10038] 在一个非套接字上尝试了一个操作。

2025-05-26 22:29:59.861537 - ERROR : send/read tcp data error: Traceback (most recent call last):
  File "G:\tools\anaconda1\.venv\lib\site-packages\PyAibote\Tool\SendTcpData.py", line 25, in SendData
    response = self.StarLoadWait(data)
  File "G:\tools\anaconda1\.venv\lib\site-packages\PyAibote\WindowsBotModel\WinLoadWait.py", line 42, in StarLoadWait
    response = self._Send(data)
  File "G:\tools\anaconda1\.venv\lib\site-packages\PyAibote\WindowsBotModel\WinLoadWait.py", line 21, in _Send
    self.request.sendall(data)
OSError: [WinError 10038] 在一个非套接字上尝试了一个操作。

2025-05-26 22:29:59.863532 - ERROR : send/read tcp data error: Traceback (most recent call last):
  File "G:\tools\anaconda1\.venv\lib\site-packages\PyAibote\Tool\SendTcpData.py", line 25, in SendData
    response = self.StarLoadWait(data)
  File "G:\tools\anaconda1\.venv\lib\site-packages\PyAibote\WindowsBotModel\WinLoadWait.py", line 42, in StarLoadWait
    response = self._Send(data)
  File "G:\tools\anaconda1\.venv\lib\site-packages\PyAibote\WindowsBotModel\WinLoadWait.py", line 21, in _Send
    self.request.sendall(data)
OSError: [WinError 10038] 在一个非套接字上尝试了一个操作。

2025-05-26 22:29:59.865527 - ERROR : send/read tcp data error: Traceback (most recent call last):
  File "G:\tools\anaconda1\.venv\lib\site-packages\PyAibote\Tool\SendTcpData.py", line 25, in SendData
    response = self.StarLoadWait(data)
  File "G:\tools\anaconda1\.venv\lib\site-packages\PyAibote\WindowsBotModel\WinLoadWait.py", line 42, in StarLoadWait
    response = self._Send(data)
  File "G:\tools\anaconda1\.venv\lib\site-packages\PyAibote\WindowsBotModel\WinLoadWait.py", line 21, in _Send
    self.request.sendall(data)
OSError: [WinError 10038] 在一个非套接字上尝试了一个操作。

2025-05-26 22:29:59.867522 - ERROR : send/read tcp data error: Traceback (most recent call last):
  File "G:\tools\anaconda1\.venv\lib\site-packages\PyAibote\Tool\SendTcpData.py", line 25, in SendData
    response = self.StarLoadWait(data)
  File "G:\tools\anaconda1\.venv\lib\site-packages\PyAibote\WindowsBotModel\WinLoadWait.py", line 42, in StarLoadWait
    response = self._Send(data)
  File "G:\tools\anaconda1\.venv\lib\site-packages\PyAibote\WindowsBotModel\WinLoadWait.py", line 21, in _Send
    self.request.sendall(data)
OSError: [WinError 10038] 在一个非套接字上尝试了一个操作。

2025-05-26 22:29:59.870021 - ERROR : send/read tcp data error: Traceback (most recent call last):
  File "G:\tools\anaconda1\.venv\lib\site-packages\PyAibote\Tool\SendTcpData.py", line 25, in SendData
    response = self.StarLoadWait(data)
  File "G:\tools\anaconda1\.venv\lib\site-packages\PyAibote\WindowsBotModel\WinLoadWait.py", line 42, in StarLoadWait
    response = self._Send(data)
  File "G:\tools\anaconda1\.venv\lib\site-packages\PyAibote\WindowsBotModel\WinLoadWait.py", line 21, in _Send
    self.request.sendall(data)
OSError: [WinError 10038] 在一个非套接字上尝试了一个操作。

2025-05-26 22:29:59.871539 - ERROR : send/read tcp data error: Traceback (most recent call last):
  File "G:\tools\anaconda1\.venv\lib\site-packages\PyAibote\Tool\SendTcpData.py", line 25, in SendData
    response = self.StarLoadWait(data)
  File "G:\tools\anaconda1\.venv\lib\site-packages\PyAibote\WindowsBotModel\WinLoadWait.py", line 42, in StarLoadWait
    response = self._Send(data)
  File "G:\tools\anaconda1\.venv\lib\site-packages\PyAibote\WindowsBotModel\WinLoadWait.py", line 21, in _Send
    self.request.sendall(data)
OSError: [WinError 10038] 在一个非套接字上尝试了一个操作。

2025-05-26 22:29:59.873534 - ERROR : send/read tcp data error: Traceback (most recent call last):
  File "G:\tools\anaconda1\.venv\lib\site-packages\PyAibote\Tool\SendTcpData.py", line 25, in SendData
    response = self.StarLoadWait(data)
  File "G:\tools\anaconda1\.venv\lib\site-packages\PyAibote\WindowsBotModel\WinLoadWait.py", line 42, in StarLoadWait
    response = self._Send(data)
  File "G:\tools\anaconda1\.venv\lib\site-packages\PyAibote\WindowsBotModel\WinLoadWait.py", line 21, in _Send
    self.request.sendall(data)
OSError: [WinError 10038] 在一个非套接字上尝试了一个操作。

2025-05-26 22:29:59.875529 - ERROR : send/read tcp data error: Traceback (most recent call last):
  File "G:\tools\anaconda1\.venv\lib\site-packages\PyAibote\Tool\SendTcpData.py", line 25, in SendData
    response = self.StarLoadWait(data)
  File "G:\tools\anaconda1\.venv\lib\site-packages\PyAibote\WindowsBotModel\WinLoadWait.py", line 42, in StarLoadWait
    response = self._Send(data)
  File "G:\tools\anaconda1\.venv\lib\site-packages\PyAibote\WindowsBotModel\WinLoadWait.py", line 21, in _Send
    self.request.sendall(data)
OSError: [WinError 10038] 在一个非套接字上尝试了一个操作。

2025-05-26 22:29:59.878521 - ERROR : send/read tcp data error: Traceback (most recent call last):
  File "G:\tools\anaconda1\.venv\lib\site-packages\PyAibote\Tool\SendTcpData.py", line 25, in SendData
    response = self.StarLoadWait(data)
  File "G:\tools\anaconda1\.venv\lib\site-packages\PyAibote\WindowsBotModel\WinLoadWait.py", line 42, in StarLoadWait
    response = self._Send(data)
  File "G:\tools\anaconda1\.venv\lib\site-packages\PyAibote\WindowsBotModel\WinLoadWait.py", line 21, in _Send
    self.request.sendall(data)
OSError: [WinError 10038] 在一个非套接字上尝试了一个操作。

2025-05-26 22:29:59.881555 - ERROR : send/read tcp data error: Traceback (most recent call last):
  File "G:\tools\anaconda1\.venv\lib\site-packages\PyAibote\Tool\SendTcpData.py", line 25, in SendData
    response = self.StarLoadWait(data)
  File "G:\tools\anaconda1\.venv\lib\site-packages\PyAibote\WindowsBotModel\WinLoadWait.py", line 42, in StarLoadWait
    response = self._Send(data)
  File "G:\tools\anaconda1\.venv\lib\site-packages\PyAibote\WindowsBotModel\WinLoadWait.py", line 21, in _Send
    self.request.sendall(data)
OSError: [WinError 10038] 在一个非套接字上尝试了一个操作。

2025-05-26 22:29:59.883550 - ERROR : send/read tcp data error: Traceback (most recent call last):
  File "G:\tools\anaconda1\.venv\lib\site-packages\PyAibote\Tool\SendTcpData.py", line 25, in SendData
    response = self.StarLoadWait(data)
  File "G:\tools\anaconda1\.venv\lib\site-packages\PyAibote\WindowsBotModel\WinLoadWait.py", line 42, in StarLoadWait
    response = self._Send(data)
  File "G:\tools\anaconda1\.venv\lib\site-packages\PyAibote\WindowsBotModel\WinLoadWait.py", line 21, in _Send
    self.request.sendall(data)
OSError: [WinError 10038] 在一个非套接字上尝试了一个操作。

2025-05-26 22:29:59.885545 - ERROR : send/read tcp data error: Traceback (most recent call last):
  File "G:\tools\anaconda1\.venv\lib\site-packages\PyAibote\Tool\SendTcpData.py", line 25, in SendData
    response = self.StarLoadWait(data)
  File "G:\tools\anaconda1\.venv\lib\site-packages\PyAibote\WindowsBotModel\WinLoadWait.py", line 42, in StarLoadWait
    response = self._Send(data)
  File "G:\tools\anaconda1\.venv\lib\site-packages\PyAibote\WindowsBotModel\WinLoadWait.py", line 21, in _Send
    self.request.sendall(data)
OSError: [WinError 10038] 在一个非套接字上尝试了一个操作。

2025-05-26 22:29:59.888537 - ERROR : send/read tcp data error: Traceback (most recent call last):
  File "G:\tools\anaconda1\.venv\lib\site-packages\PyAibote\Tool\SendTcpData.py", line 25, in SendData
    response = self.StarLoadWait(data)
  File "G:\tools\anaconda1\.venv\lib\site-packages\PyAibote\WindowsBotModel\WinLoadWait.py", line 42, in StarLoadWait
    response = self._Send(data)
  File "G:\tools\anaconda1\.venv\lib\site-packages\PyAibote\WindowsBotModel\WinLoadWait.py", line 21, in _Send
    self.request.sendall(data)
OSError: [WinError 10038] 在一个非套接字上尝试了一个操作。

2025-05-26 22:29:59.890564 - ERROR : send/read tcp data error: Traceback (most recent call last):
  File "G:\tools\anaconda1\.venv\lib\site-packages\PyAibote\Tool\SendTcpData.py", line 25, in SendData
    response = self.StarLoadWait(data)
  File "G:\tools\anaconda1\.venv\lib\site-packages\PyAibote\WindowsBotModel\WinLoadWait.py", line 42, in StarLoadWait
    response = self._Send(data)
  File "G:\tools\anaconda1\.venv\lib\site-packages\PyAibote\WindowsBotModel\WinLoadWait.py", line 21, in _Send
    self.request.sendall(data)
OSError: [WinError 10038] 在一个非套接字上尝试了一个操作。

2025-05-26 22:29:59.892552 - ERROR : send/read tcp data error: Traceback (most recent call last):
  File "G:\tools\anaconda1\.venv\lib\site-packages\PyAibote\Tool\SendTcpData.py", line 25, in SendData
    response = self.StarLoadWait(data)
  File "G:\tools\anaconda1\.venv\lib\site-packages\PyAibote\WindowsBotModel\WinLoadWait.py", line 42, in StarLoadWait
    response = self._Send(data)
  File "G:\tools\anaconda1\.venv\lib\site-packages\PyAibote\WindowsBotModel\WinLoadWait.py", line 21, in _Send
    self.request.sendall(data)
OSError: [WinError 10038] 在一个非套接字上尝试了一个操作。

2025-05-26 22:29:59.894547 - ERROR : send/read tcp data error: Traceback (most recent call last):
  File "G:\tools\anaconda1\.venv\lib\site-packages\PyAibote\Tool\SendTcpData.py", line 25, in SendData
    response = self.StarLoadWait(data)
  File "G:\tools\anaconda1\.venv\lib\site-packages\PyAibote\WindowsBotModel\WinLoadWait.py", line 42, in StarLoadWait
    response = self._Send(data)
  File "G:\tools\anaconda1\.venv\lib\site-packages\PyAibote\WindowsBotModel\WinLoadWait.py", line 21, in _Send
    self.request.sendall(data)
OSError: [WinError 10038] 在一个非套接字上尝试了一个操作。

2025-05-26 22:29:59.897539 - ERROR : send/read tcp data error: Traceback (most recent call last):
  File "G:\tools\anaconda1\.venv\lib\site-packages\PyAibote\Tool\SendTcpData.py", line 25, in SendData
    response = self.StarLoadWait(data)
  File "G:\tools\anaconda1\.venv\lib\site-packages\PyAibote\WindowsBotModel\WinLoadWait.py", line 42, in StarLoadWait
    response = self._Send(data)
  File "G:\tools\anaconda1\.venv\lib\site-packages\PyAibote\WindowsBotModel\WinLoadWait.py", line 21, in _Send
    self.request.sendall(data)
OSError: [WinError 10038] 在一个非套接字上尝试了一个操作。

2025-05-26 22:29:59.900563 - ERROR : send/read tcp data error: Traceback (most recent call last):
  File "G:\tools\anaconda1\.venv\lib\site-packages\PyAibote\Tool\SendTcpData.py", line 25, in SendData
    response = self.StarLoadWait(data)
  File "G:\tools\anaconda1\.venv\lib\site-packages\PyAibote\WindowsBotModel\WinLoadWait.py", line 42, in StarLoadWait
    response = self._Send(data)
  File "G:\tools\anaconda1\.venv\lib\site-packages\PyAibote\WindowsBotModel\WinLoadWait.py", line 21, in _Send
    self.request.sendall(data)
OSError: [WinError 10038] 在一个非套接字上尝试了一个操作。

2025-05-26 22:29:59.902552 - ERROR : send/read tcp data error: Traceback (most recent call last):
  File "G:\tools\anaconda1\.venv\lib\site-packages\PyAibote\Tool\SendTcpData.py", line 25, in SendData
    response = self.StarLoadWait(data)
  File "G:\tools\anaconda1\.venv\lib\site-packages\PyAibote\WindowsBotModel\WinLoadWait.py", line 42, in StarLoadWait
    response = self._Send(data)
  File "G:\tools\anaconda1\.venv\lib\site-packages\PyAibote\WindowsBotModel\WinLoadWait.py", line 21, in _Send
    self.request.sendall(data)
OSError: [WinError 10038] 在一个非套接字上尝试了一个操作。

2025-05-26 22:29:59.905544 - ERROR : send/read tcp data error: Traceback (most recent call last):
  File "G:\tools\anaconda1\.venv\lib\site-packages\PyAibote\Tool\SendTcpData.py", line 25, in SendData
    response = self.StarLoadWait(data)
  File "G:\tools\anaconda1\.venv\lib\site-packages\PyAibote\WindowsBotModel\WinLoadWait.py", line 42, in StarLoadWait
    response = self._Send(data)
  File "G:\tools\anaconda1\.venv\lib\site-packages\PyAibote\WindowsBotModel\WinLoadWait.py", line 21, in _Send
    self.request.sendall(data)
OSError: [WinError 10038] 在一个非套接字上尝试了一个操作。

2025-05-26 22:29:59.908536 - ERROR : send/read tcp data error: Traceback (most recent call last):
  File "G:\tools\anaconda1\.venv\lib\site-packages\PyAibote\Tool\SendTcpData.py", line 25, in SendData
    response = self.StarLoadWait(data)
  File "G:\tools\anaconda1\.venv\lib\site-packages\PyAibote\WindowsBotModel\WinLoadWait.py", line 42, in StarLoadWait
    response = self._Send(data)
  File "G:\tools\anaconda1\.venv\lib\site-packages\PyAibote\WindowsBotModel\WinLoadWait.py", line 21, in _Send
    self.request.sendall(data)
OSError: [WinError 10038] 在一个非套接字上尝试了一个操作。

2025-05-26 22:29:59.910577 - ERROR : send/read tcp data error: Traceback (most recent call last):
  File "G:\tools\anaconda1\.venv\lib\site-packages\PyAibote\Tool\SendTcpData.py", line 25, in SendData
    response = self.StarLoadWait(data)
  File "G:\tools\anaconda1\.venv\lib\site-packages\PyAibote\WindowsBotModel\WinLoadWait.py", line 42, in StarLoadWait
    response = self._Send(data)
  File "G:\tools\anaconda1\.venv\lib\site-packages\PyAibote\WindowsBotModel\WinLoadWait.py", line 21, in _Send
    self.request.sendall(data)
OSError: [WinError 10038] 在一个非套接字上尝试了一个操作。

2025-05-26 22:29:59.912549 - ERROR : send/read tcp data error: Traceback (most recent call last):
  File "G:\tools\anaconda1\.venv\lib\site-packages\PyAibote\Tool\SendTcpData.py", line 25, in SendData
    response = self.StarLoadWait(data)
  File "G:\tools\anaconda1\.venv\lib\site-packages\PyAibote\WindowsBotModel\WinLoadWait.py", line 42, in StarLoadWait
    response = self._Send(data)
  File "G:\tools\anaconda1\.venv\lib\site-packages\PyAibote\WindowsBotModel\WinLoadWait.py", line 21, in _Send
    self.request.sendall(data)
OSError: [WinError 10038] 在一个非套接字上尝试了一个操作。

2025-05-26 22:29:59.914543 - ERROR : send/read tcp data error: Traceback (most recent call last):
  File "G:\tools\anaconda1\.venv\lib\site-packages\PyAibote\Tool\SendTcpData.py", line 25, in SendData
    response = self.StarLoadWait(data)
  File "G:\tools\anaconda1\.venv\lib\site-packages\PyAibote\WindowsBotModel\WinLoadWait.py", line 42, in StarLoadWait
    response = self._Send(data)
  File "G:\tools\anaconda1\.venv\lib\site-packages\PyAibote\WindowsBotModel\WinLoadWait.py", line 21, in _Send
    self.request.sendall(data)
OSError: [WinError 10038] 在一个非套接字上尝试了一个操作。

2025-05-26 22:29:59.916538 - ERROR : send/read tcp data error: Traceback (most recent call last):
  File "G:\tools\anaconda1\.venv\lib\site-packages\PyAibote\Tool\SendTcpData.py", line 25, in SendData
    response = self.StarLoadWait(data)
  File "G:\tools\anaconda1\.venv\lib\site-packages\PyAibote\WindowsBotModel\WinLoadWait.py", line 42, in StarLoadWait
    response = self._Send(data)
  File "G:\tools\anaconda1\.venv\lib\site-packages\PyAibote\WindowsBotModel\WinLoadWait.py", line 21, in _Send
    self.request.sendall(data)
OSError: [WinError 10038] 在一个非套接字上尝试了一个操作。

2025-05-26 22:29:59.918533 - ERROR : send/read tcp data error: Traceback (most recent call last):
  File "G:\tools\anaconda1\.venv\lib\site-packages\PyAibote\Tool\SendTcpData.py", line 25, in SendData
    response = self.StarLoadWait(data)
  File "G:\tools\anaconda1\.venv\lib\site-packages\PyAibote\WindowsBotModel\WinLoadWait.py", line 42, in StarLoadWait
    response = self._Send(data)
  File "G:\tools\anaconda1\.venv\lib\site-packages\PyAibote\WindowsBotModel\WinLoadWait.py", line 21, in _Send
    self.request.sendall(data)
OSError: [WinError 10038] 在一个非套接字上尝试了一个操作。

