2025-05-25 01:22:15.451370 - DEBUG : <-<- Client connection at 127.0.0.1: 60811
2025-05-25 01:22:15.452368 - DEBUG : ->>> b'17/84/6\ninitSpeechServiceCmwzTb35WSvnOYEPoY9wC12ExtiNJkI37VJlc9itceLmM6osBYstJQQJ99BAACYeBjFXJ3w3AAAYACOG1fhOeastus'
2025-05-25 01:22:15.461345 - DEBUG : <-<- true
2025-05-25 01:22:15.462341 - DEBUG : ->>> b'13/25/3/3/5/5\ninitMetahuman../humanModel/humanModel20.50.5falsefalse'
2025-05-25 01:22:43.861535 - DEBUG : <-<- true
2025-05-25 01:22:43.862533 - DEBUG : ->>> b'17/28/2/2/2/2\nreplaceBackground../NewHuman/background/2.jpg-1-1-150'
2025-05-25 01:22:43.936238 - DEBUG : <-<- true
2025-05-25 01:23:12.121622 - DEBUG : <-<- Client connection at 127.0.0.1: 60898
2025-05-25 01:23:12.121622 - DEBUG : ->>> b'17/84/6\ninitSpeechServiceCmwzTb35WSvnOYEPoY9wC12ExtiNJkI37VJlc9itceLmM6osBYstJQQJ99BAACYeBjFXJ3w3AAAYACOG1fhOeastus'
2025-05-25 01:23:12.130565 - DEBUG : <-<- true
2025-05-25 01:23:12.130565 - DEBUG : ->>> b'13/25/3/3/5/5\ninitMetahuman../humanModel/humanModel20.50.5falsefalse'
2025-05-25 01:23:34.642194 - DEBUG : <-<- true
2025-05-25 01:23:34.643150 - DEBUG : ->>> b'17/28/2/2/2/2\nreplaceBackground../NewHuman/background/2.jpg-1-1-150'
2025-05-25 01:23:34.706024 - DEBUG : <-<- true
2025-05-25 01:23:36.972735 - DEBUG : ->>> b'16/5\nmicrophoneToTextzh-cn'
2025-05-25 01:23:41.827883 - DEBUG : <-<- 你好。
2025-05-25 01:23:41.828882 - DEBUG : ->>> b'14/1/6/2/3/3/1/5/5\nshowSpeechText0\xe6\xa5\xb7\xe4\xbd\x93201282550falsefalse'
2025-05-25 01:23:41.829921 - DEBUG : <-<- true
2025-05-25 01:23:41.829921 - DEBUG : ->>> b'15/37/9/5/20/1/4/1/7\nmetahumanSpeech../humanModel/humanModel2/voice/2.mp3\xe4\xbd\xa0\xe5\xa5\xbd\xe3\x80\x82zh-cnzh-cn-XiaochenNeural0true0General'
2025-05-25 01:23:45.247259 - DEBUG : <-<- 1100
2025-05-25 01:23:45.248257 - DEBUG : ->>> b'16/5\nmicrophoneToTextzh-cn'
2025-05-25 01:23:51.247148 - DEBUG : <-<- null
2025-05-25 01:23:51.248146 - DEBUG : ->>> b'14/1/6/2/3/3/1/5/5\nshowSpeechText0\xe6\xa5\xb7\xe4\xbd\x93201282550falsefalse'
2025-05-25 01:23:51.249144 - DEBUG : <-<- true
2025-05-25 01:23:51.249144 - DEBUG : ->>> b'15/37/0/5/20/1/4/1/7\nmetahumanSpeech../humanModel/humanModel2/voice/2.mp3zh-cnzh-cn-XiaochenNeural0true0General'
2025-05-25 01:23:51.250140 - DEBUG : <-<- false
2025-05-25 01:23:51.250140 - DEBUG : ->>> b'16/5\nmicrophoneToTextzh-cn'
2025-05-25 01:23:53.854731 - DEBUG : <-<- 你好。
2025-05-25 01:23:53.854731 - DEBUG : ->>> b'14/1/6/2/3/3/1/5/5\nshowSpeechText0\xe6\xa5\xb7\xe4\xbd\x93201282550falsefalse'
2025-05-25 01:23:53.855770 - DEBUG : <-<- true
2025-05-25 01:23:53.856767 - DEBUG : ->>> b'15/37/9/5/20/1/4/1/7\nmetahumanSpeech../humanModel/humanModel2/voice/2.mp3\xe4\xbd\xa0\xe5\xa5\xbd\xe3\x80\x82zh-cnzh-cn-XiaochenNeural0true0General'
2025-05-25 01:23:57.178374 - DEBUG : <-<- 1100
2025-05-25 01:23:57.179328 - DEBUG : ->>> b'16/5\nmicrophoneToTextzh-cn'
2025-05-25 01:24:01.985022 - DEBUG : <-<- 叫哥哥。
2025-05-25 01:24:01.985022 - DEBUG : ->>> b'14/1/6/2/3/3/1/5/5\nshowSpeechText0\xe6\xa5\xb7\xe4\xbd\x93201282550falsefalse'
2025-05-25 01:24:01.986019 - DEBUG : <-<- true
2025-05-25 01:24:01.986019 - DEBUG : ->>> b'15/37/12/5/20/1/4/1/7\nmetahumanSpeech../humanModel/humanModel2/voice/2.mp3\xe5\x8f\xab\xe5\x93\xa5\xe5\x93\xa5\xe3\x80\x82zh-cnzh-cn-XiaochenNeural0true0General'
2025-05-25 01:24:05.931179 - DEBUG : <-<- 1475
2025-05-25 01:24:05.932180 - DEBUG : ->>> b'16/5\nmicrophoneToTextzh-cn'
2025-05-25 01:24:10.395186 - DEBUG : <-<- 你大爷。
2025-05-25 01:24:10.395186 - DEBUG : ->>> b'14/1/6/2/3/3/1/5/5\nshowSpeechText0\xe6\xa5\xb7\xe4\xbd\x93201282550falsefalse'
2025-05-25 01:24:10.396182 - DEBUG : <-<- true
2025-05-25 01:24:10.397179 - DEBUG : ->>> b'15/37/12/5/20/1/4/1/7\nmetahumanSpeech../humanModel/humanModel2/voice/2.mp3\xe4\xbd\xa0\xe5\xa4\xa7\xe7\x88\xb7\xe3\x80\x82zh-cnzh-cn-XiaochenNeural0true0General'
2025-05-25 01:24:14.002237 - DEBUG : <-<- 1287
2025-05-25 01:24:14.003263 - DEBUG : ->>> b'16/5\nmicrophoneToTextzh-cn'
2025-05-25 01:24:19.989807 - DEBUG : <-<- null
2025-05-25 01:24:19.990805 - DEBUG : ->>> b'14/1/6/2/3/3/1/5/5\nshowSpeechText0\xe6\xa5\xb7\xe4\xbd\x93201282550falsefalse'
2025-05-25 01:24:19.991801 - DEBUG : <-<- true
2025-05-25 01:24:19.992799 - DEBUG : ->>> b'15/37/0/5/20/1/4/1/7\nmetahumanSpeech../humanModel/humanModel2/voice/2.mp3zh-cnzh-cn-XiaochenNeural0true0General'
2025-05-25 01:24:19.993797 - DEBUG : <-<- false
2025-05-25 01:24:19.993797 - DEBUG : ->>> b'16/5\nmicrophoneToTextzh-cn'
2025-05-25 01:24:27.159951 - DEBUG : <-<- null
2025-05-25 01:24:27.160951 - DEBUG : ->>> b'14/1/6/2/3/3/1/5/5\nshowSpeechText0\xe6\xa5\xb7\xe4\xbd\x93201282550falsefalse'
2025-05-25 01:24:27.161947 - DEBUG : <-<- true
2025-05-25 01:24:27.162946 - DEBUG : ->>> b'15/37/0/5/20/1/4/1/7\nmetahumanSpeech../humanModel/humanModel2/voice/2.mp3zh-cnzh-cn-XiaochenNeural0true0General'
2025-05-25 01:24:27.163943 - DEBUG : <-<- false
2025-05-25 01:24:27.164952 - DEBUG : ->>> b'16/5\nmicrophoneToTextzh-cn'
2025-05-25 01:24:33.207149 - DEBUG : <-<- null
2025-05-25 01:24:33.207149 - DEBUG : ->>> b'14/1/6/2/3/3/1/5/5\nshowSpeechText0\xe6\xa5\xb7\xe4\xbd\x93201282550falsefalse'
2025-05-25 01:24:33.208177 - DEBUG : <-<- true
2025-05-25 01:24:33.208177 - DEBUG : ->>> b'15/37/0/5/20/1/4/1/7\nmetahumanSpeech../humanModel/humanModel2/voice/2.mp3zh-cnzh-cn-XiaochenNeural0true0General'
2025-05-25 01:24:33.209171 - DEBUG : <-<- false
2025-05-25 01:24:33.209171 - DEBUG : ->>> b'16/5\nmicrophoneToTextzh-cn'
2025-05-25 01:24:39.115478 - DEBUG : <-<- 说话。
2025-05-25 01:24:39.116476 - DEBUG : ->>> b'14/1/6/2/3/3/1/5/5\nshowSpeechText0\xe6\xa5\xb7\xe4\xbd\x93201282550falsefalse'
2025-05-25 01:24:39.117473 - DEBUG : <-<- true
2025-05-25 01:24:39.117473 - DEBUG : ->>> b'15/37/9/5/20/1/4/1/7\nmetahumanSpeech../humanModel/humanModel2/voice/2.mp3\xe8\xaf\xb4\xe8\xaf\x9d\xe3\x80\x82zh-cnzh-cn-XiaochenNeural0true0General'
2025-05-25 01:24:43.308847 - DEBUG : <-<- 1162
2025-05-25 01:24:43.309861 - DEBUG : ->>> b'16/5\nmicrophoneToTextzh-cn'
2025-05-25 01:24:49.244930 - DEBUG : <-<- null
2025-05-25 01:24:49.244930 - DEBUG : ->>> b'14/1/6/2/3/3/1/5/5\nshowSpeechText0\xe6\xa5\xb7\xe4\xbd\x93201282550falsefalse'
2025-05-25 01:24:49.245973 - DEBUG : <-<- true
2025-05-25 01:24:49.246924 - DEBUG : ->>> b'15/37/0/5/20/1/4/1/7\nmetahumanSpeech../humanModel/humanModel2/voice/2.mp3zh-cnzh-cn-XiaochenNeural0true0General'
2025-05-25 01:24:49.246924 - DEBUG : <-<- false
2025-05-25 01:24:49.247966 - DEBUG : ->>> b'16/5\nmicrophoneToTextzh-cn'
2025-05-25 01:24:55.167359 - DEBUG : <-<- null
2025-05-25 01:24:55.168358 - DEBUG : ->>> b'14/1/6/2/3/3/1/5/5\nshowSpeechText0\xe6\xa5\xb7\xe4\xbd\x93201282550falsefalse'
2025-05-25 01:24:55.169392 - DEBUG : <-<- true
2025-05-25 01:24:55.169392 - DEBUG : ->>> b'15/37/0/5/20/1/4/1/7\nmetahumanSpeech../humanModel/humanModel2/voice/2.mp3zh-cnzh-cn-XiaochenNeural0true0General'
2025-05-25 01:24:55.170384 - DEBUG : <-<- false
2025-05-25 01:24:55.170384 - DEBUG : ->>> b'16/5\nmicrophoneToTextzh-cn'
2025-05-25 01:25:01.162592 - DEBUG : <-<- null
2025-05-25 01:25:01.163589 - DEBUG : ->>> b'14/1/6/2/3/3/1/5/5\nshowSpeechText0\xe6\xa5\xb7\xe4\xbd\x93201282550falsefalse'
2025-05-25 01:25:01.163589 - DEBUG : <-<- true
2025-05-25 01:25:01.164587 - DEBUG : ->>> b'15/37/0/5/20/1/4/1/7\nmetahumanSpeech../humanModel/humanModel2/voice/2.mp3zh-cnzh-cn-XiaochenNeural0true0General'
2025-05-25 01:25:01.165584 - DEBUG : <-<- false
2025-05-25 01:25:01.165584 - DEBUG : ->>> b'16/5\nmicrophoneToTextzh-cn'
2025-05-25 01:25:07.050844 - DEBUG : <-<- null
2025-05-25 01:25:07.051797 - DEBUG : ->>> b'14/1/6/2/3/3/1/5/5\nshowSpeechText0\xe6\xa5\xb7\xe4\xbd\x93201282550falsefalse'
2025-05-25 01:25:07.052813 - DEBUG : <-<- true
2025-05-25 01:25:07.052813 - DEBUG : ->>> b'15/37/0/5/20/1/4/1/7\nmetahumanSpeech../humanModel/humanModel2/voice/2.mp3zh-cnzh-cn-XiaochenNeural0true0General'
2025-05-25 01:25:07.053791 - DEBUG : <-<- false
2025-05-25 01:25:07.054787 - DEBUG : ->>> b'16/5\nmicrophoneToTextzh-cn'
2025-05-25 01:25:12.965151 - DEBUG : <-<- null
2025-05-25 01:25:12.965151 - DEBUG : ->>> b'14/1/6/2/3/3/1/5/5\nshowSpeechText0\xe6\xa5\xb7\xe4\xbd\x93201282550falsefalse'
2025-05-25 01:25:12.966203 - DEBUG : <-<- true
2025-05-25 01:25:12.967187 - DEBUG : ->>> b'15/37/0/5/20/1/4/1/7\nmetahumanSpeech../humanModel/humanModel2/voice/2.mp3zh-cnzh-cn-XiaochenNeural0true0General'
2025-05-25 01:25:12.968143 - DEBUG : <-<- false
2025-05-25 01:25:12.968143 - DEBUG : ->>> b'16/5\nmicrophoneToTextzh-cn'
2025-05-25 01:25:18.796981 - DEBUG : <-<- null
2025-05-25 01:25:18.797977 - DEBUG : ->>> b'14/1/6/2/3/3/1/5/5\nshowSpeechText0\xe6\xa5\xb7\xe4\xbd\x93201282550falsefalse'
2025-05-25 01:25:18.798976 - DEBUG : <-<- true
2025-05-25 01:25:18.800971 - DEBUG : ->>> b'15/37/0/5/20/1/4/1/7\nmetahumanSpeech../humanModel/humanModel2/voice/2.mp3zh-cnzh-cn-XiaochenNeural0true0General'
2025-05-25 01:25:18.801967 - DEBUG : <-<- false
2025-05-25 01:25:18.802964 - DEBUG : ->>> b'16/5\nmicrophoneToTextzh-cn'
2025-05-25 01:25:24.982962 - DEBUG : <-<- null
2025-05-25 01:25:24.983965 - DEBUG : ->>> b'14/1/6/2/3/3/1/5/5\nshowSpeechText0\xe6\xa5\xb7\xe4\xbd\x93201282550falsefalse'
2025-05-25 01:25:24.984961 - DEBUG : <-<- true
2025-05-25 01:25:24.985959 - DEBUG : ->>> b'15/37/0/5/20/1/4/1/7\nmetahumanSpeech../humanModel/humanModel2/voice/2.mp3zh-cnzh-cn-XiaochenNeural0true0General'
2025-05-25 01:25:24.985959 - DEBUG : <-<- false
2025-05-25 01:25:24.986956 - DEBUG : ->>> b'16/5\nmicrophoneToTextzh-cn'
2025-05-25 01:26:19.716641 - DEBUG : <-<- Client connection at 127.0.0.1: 61038
2025-05-25 01:26:19.717638 - DEBUG : ->>> b'17/84/6\ninitSpeechServiceCmwzTb35WSvnOYEPoY9wC12ExtiNJkI37VJlc9itceLmM6osBYstJQQJ99BAACYeBjFXJ3w3AAAYACOG1fhOeastus'
2025-05-25 01:26:19.726614 - DEBUG : <-<- true
2025-05-25 01:26:19.726614 - DEBUG : ->>> b'13/25/3/3/5/5\ninitMetahuman../humanModel/humanModel20.50.5falsefalse'
2025-05-25 01:26:48.604220 - DEBUG : <-<- true
2025-05-25 01:26:48.605218 - DEBUG : ->>> b'17/28/2/2/2/2\nreplaceBackground../NewHuman/background/2.jpg-1-1-150'
2025-05-25 01:26:48.669046 - DEBUG : <-<- true
2025-05-25 01:26:48.670043 - DEBUG : ->>> b'16/5\nmicrophoneToTextzh-cn'
2025-05-25 01:26:53.557030 - DEBUG : <-<- Client connection at 127.0.0.1: 61059
2025-05-25 01:26:53.558066 - DEBUG : ->>> b'17/84/6\ninitSpeechServiceCmwzTb35WSvnOYEPoY9wC12ExtiNJkI37VJlc9itceLmM6osBYstJQQJ99BAACYeBjFXJ3w3AAAYACOG1fhOeastus'
2025-05-25 01:26:53.566496 - DEBUG : <-<- true
2025-05-25 01:26:53.566496 - DEBUG : ->>> b'13/25/3/3/5/5\ninitMetahuman../humanModel/humanModel20.50.5falsefalse'
2025-05-25 01:27:23.978574 - DEBUG : <-<- true
2025-05-25 01:27:23.978574 - DEBUG : ->>> b'17/28/2/2/2/2\nreplaceBackground../NewHuman/background/2.jpg-1-1-150'
2025-05-25 01:27:24.041406 - DEBUG : <-<- true
2025-05-25 01:27:24.042445 - DEBUG : ->>> b'16/5\nmicrophoneToTextzh-cn'
2025-05-25 01:27:30.063064 - DEBUG : <-<- null
2025-05-25 01:28:10.277080 - DEBUG : <-<- Client connection at 127.0.0.1: 61102
2025-05-25 01:28:10.277080 - DEBUG : ->>> b'17/84/6\ninitSpeechServiceCmwzTb35WSvnOYEPoY9wC12ExtiNJkI37VJlc9itceLmM6osBYstJQQJ99BAACYeBjFXJ3w3AAAYACOG1fhOeastus'
2025-05-25 01:28:10.286056 - DEBUG : <-<- true
2025-05-25 01:28:10.286056 - DEBUG : ->>> b'13/25/3/3/5/5\ninitMetahuman../humanModel/humanModel20.50.5falsefalse'
2025-05-25 01:28:32.894324 - DEBUG : <-<- true
2025-05-25 01:28:32.894324 - DEBUG : ->>> b'17/28/2/2/2/2\nreplaceBackground../NewHuman/background/2.jpg-1-1-150'
2025-05-25 01:28:32.959150 - DEBUG : <-<- true
2025-05-25 01:28:32.959150 - DEBUG : ->>> b'16/5\nmicrophoneToTextzh-cn'
2025-05-25 01:28:40.111119 - DEBUG : <-<- 你好。
2025-05-25 01:28:41.549407 - DEBUG : ->>> b'14/1/6/2/3/3/1/5/5\nshowSpeechText0\xe6\xa5\xb7\xe4\xbd\x93201282550falsefalse'
2025-05-25 01:28:41.551188 - DEBUG : <-<- true
2025-05-25 01:28:41.551188 - DEBUG : ->>> b'15/37/42/5/20/1/4/1/7\nmetahumanSpeech../humanModel/humanModel2/voice/2.mp3\xe4\xbd\xa0\xe5\xa5\xbd\xef\xbc\x81\xe6\x9c\x89\xe4\xbb\x80\xe4\xb9\x88\xe5\x8f\xaf\xe4\xbb\xa5\xe5\xb8\xae\xe5\x8a\xa9\xe4\xbd\xa0\xe7\x9a\x84\xe5\x90\x97\xef\xbc\x9fzh-cnzh-cn-XiaochenNeural0true0General'
2025-05-25 01:28:48.536430 - DEBUG : <-<- 3412
2025-05-25 01:29:18.114086 - DEBUG : <-<- Client connection at 127.0.0.1: 61171
2025-05-25 01:29:18.115086 - DEBUG : ->>> b'17/84/6\ninitSpeechServiceCmwzTb35WSvnOYEPoY9wC12ExtiNJkI37VJlc9itceLmM6osBYstJQQJ99BAACYeBjFXJ3w3AAAYACOG1fhOeastus'
2025-05-25 01:29:18.123070 - DEBUG : <-<- true
2025-05-25 01:29:18.123070 - DEBUG : ->>> b'13/25/3/3/5/5\ninitMetahuman../humanModel/humanModel20.50.5falsefalse'
2025-05-25 01:29:46.381955 - DEBUG : <-<- true
2025-05-25 01:29:46.382952 - DEBUG : ->>> b'17/28/2/2/2/2\nreplaceBackground../NewHuman/background/2.jpg-1-1-150'
2025-05-25 01:29:46.447778 - DEBUG : <-<- true
2025-05-25 01:29:46.448775 - DEBUG : ->>> b'16/5\nmicrophoneToTextzh-cn'
2025-05-25 01:29:50.526520 - DEBUG : <-<- 你好。
2025-05-25 01:29:52.109213 - DEBUG : ->>> b'14/1/6/2/3/3/1/5/5\nshowSpeechText0\xe6\xa5\xb7\xe4\xbd\x93201282550falsefalse'
2025-05-25 01:29:52.110169 - DEBUG : <-<- true
2025-05-25 01:29:52.111167 - DEBUG : ->>> b'15/37/42/5/20/1/4/1/7\nmetahumanSpeech../humanModel/humanModel2/voice/2.mp3\xe4\xbd\xa0\xe5\xa5\xbd\xef\xbc\x81\xe6\x9c\x89\xe4\xbb\x80\xe4\xb9\x88\xe5\x8f\xaf\xe4\xbb\xa5\xe5\xb8\xae\xe5\x8a\xa9\xe4\xbd\xa0\xe7\x9a\x84\xe5\x90\x97\xef\xbc\x9fzh-cnzh-cn-XiaochenNeural0true0General'
2025-05-25 01:29:58.341986 - DEBUG : <-<- 3412
2025-05-25 01:33:20.101859 - DEBUG : <-<- Client connection at 127.0.0.1: 61331
2025-05-25 01:33:20.102859 - DEBUG : ->>> b'17/84/6\ninitSpeechServiceCmwzTb35WSvnOYEPoY9wC12ExtiNJkI37VJlc9itceLmM6osBYstJQQJ99BAACYeBjFXJ3w3AAAYACOG1fhOeastus'
2025-05-25 01:33:20.111910 - DEBUG : <-<- true
2025-05-25 01:33:20.112942 - DEBUG : ->>> b'13/25/3/3/5/5\ninitMetahuman../humanModel/humanModel20.50.5falsefalse'
2025-05-25 01:33:47.666986 - DEBUG : <-<- true
2025-05-25 01:33:47.667967 - DEBUG : ->>> b'17/28/2/2/2/2\nreplaceBackground../NewHuman/background/2.jpg-1-1-150'
2025-05-25 01:33:47.731790 - DEBUG : <-<- true
2025-05-25 01:33:48.243466 - DEBUG : ->>> b'16/5\nmicrophoneToTextzh-cn'
2025-05-25 01:33:53.632940 - DEBUG : <-<- 你好。
2025-05-25 01:33:54.670068 - DEBUG : ->>> b'14/1/6/2/3/3/1/5/5\nshowSpeechText0\xe6\xa5\xb7\xe4\xbd\x93201282550falsefalse'
2025-05-25 01:33:54.671065 - DEBUG : <-<- true
2025-05-25 01:33:54.671065 - DEBUG : ->>> b'15/37/42/5/20/1/4/1/7\nmetahumanSpeech../humanModel/humanModel2/voice/2.mp3\xe4\xbd\xa0\xe5\xa5\xbd\xef\xbc\x81\xe6\x9c\x89\xe4\xbb\x80\xe4\xb9\x88\xe5\x8f\xaf\xe4\xbb\xa5\xe5\xb8\xae\xe5\x88\xb0\xe4\xbd\xa0\xe7\x9a\x84\xe5\x90\x97\xef\xbc\x9fzh-cnzh-cn-XiaochenNeural0true0General'
2025-05-25 01:34:01.071427 - DEBUG : <-<- 3450
2025-05-25 01:34:01.071427 - DEBUG : ->>> b'16/5\nmicrophoneToTextzh-cn'
2025-05-25 01:34:07.178481 - DEBUG : <-<- 嗯，你会玩儿元什么？
2025-05-25 01:34:08.908366 - DEBUG : ->>> b'14/1/6/2/3/3/1/5/5\nshowSpeechText0\xe6\xa5\xb7\xe4\xbd\x93201282550falsefalse'
2025-05-25 01:34:08.909320 - DEBUG : <-<- true
2025-05-25 01:34:08.909320 - DEBUG : ->>> b'15/37/348/5/20/1/4/1/7\nmetahumanSpeech../humanModel/humanModel2/voice/2.mp3\xe6\x82\xa8\xe5\x8f\xaf\xe8\x83\xbd\xe6\x98\xaf\xe6\x83\xb3\xe9\x97\xae\xe2\x80\x9c\xe4\xbd\xa0\xe4\xbc\x9a\xe7\x8e\xa9\xe4\xbb\x80\xe4\xb9\x88\xe6\xb8\xb8\xe6\x88\x8f\xef\xbc\x9f\xe2\x80\x9d\xe6\x88\x96\xe8\x80\x85\xe7\xb1\xbb\xe4\xbc\xbc\xe7\x9a\x84\xe9\x97\xae\xe9\xa2\x98\xe3\x80\x82\xe4\xb8\x8d\xe8\xbf\x87\xef\xbc\x8c\xe6\x88\x91\xe6\x98\xaf\xe4\xb8\x80\xe4\xb8\xaa\xe8\xaf\xad\xe8\xa8\x80\xe6\xa8\xa1\xe5\x9e\x8b\xef\xbc\x8c\xe6\xb2\xa1\xe6\x9c\x89\xe5\xae\x9e\xe9\x99\x85\xe7\x9a\x84\xe6\xb8\xb8\xe6\x88\x8f\xe6\x93\x8d\xe4\xbd\x9c\xe8\x83\xbd\xe5\x8a\x9b\xef\xbc\x8c\xe4\xbd\x86\xe6\x88\x91\xe5\x8f\xaf\xe4\xbb\xa5\xe6\x8f\x90\xe4\xbe\x9b\xe5\x85\xb3\xe4\xba\x8e\xe5\x90\x84\xe7\xa7\x8d\xe6\xb8\xb8\xe6\x88\x8f\xe7\x9a\x84\xe4\xbf\xa1\xe6\x81\xaf\xe5\x92\x8c\xe5\xbb\xba\xe8\xae\xae\xef\xbc\x8c\xe6\xaf\x94\xe5\xa6\x82\xe6\xb8\xb8\xe6\x88\x8f\xe6\x94\xbb\xe7\x95\xa5\xe3\x80\x81\xe6\x8e\xa8\xe8\x8d\x90\xe9\x80\x82\xe5\x90\x88\xe7\x9a\x84\xe7\xb1\xbb\xe5\x9e\x8b\xe7\xad\x89\xe3\x80\x82\xe5\xa6\x82\xe6\x9e\x9c\xe6\x82\xa8\xe5\xaf\xb9\xe6\x9f\x90\xe4\xb8\xaa\xe5\x85\xb7\xe4\xbd\x93\xe6\xb8\xb8\xe6\x88\x8f\xe6\x88\x96\xe6\xb8\xb8\xe6\x88\x8f\xe7\xb1\xbb\xe5\x9e\x8b\xe6\x9c\x89\xe5\x85\xb4\xe8\xb6\xa3\xef\xbc\x8c\xe8\xaf\xb7\xe5\x91\x8a\xe8\xaf\x89\xe6\x88\x91\xef\xbc\x8c\xe6\x88\x91\xe4\xbc\x9a\xe5\xb0\xbd\xe5\x8a\x9b\xe6\x8f\x90\xe4\xbe\x9b\xe5\xb8\xae\xe5\x8a\xa9\xe3\x80\x82zh-cnzh-cn-XiaochenNeural0true0General'
2025-05-25 01:34:33.475585 - DEBUG : <-<- 21425
2025-05-25 01:34:33.476546 - DEBUG : ->>> b'16/5\nmicrophoneToTextzh-cn'
2025-05-25 01:34:38.628983 - DEBUG : <-<- 如何评价原神？
2025-05-25 01:34:46.028131 - DEBUG : ->>> b'14/1/6/2/3/3/1/5/5\nshowSpeechText0\xe6\xa5\xb7\xe4\xbd\x93201282550falsefalse'
2025-05-25 01:34:46.029162 - DEBUG : <-<- true
2025-05-25 01:34:46.029162 - DEBUG : ->>> b'15/37/1620/5/20/1/4/1/7\nmetahumanSpeech../humanModel/humanModel2/voice/2.mp3\xe3\x80\x8a\xe5\x8e\x9f\xe7\xa5\x9e\xe3\x80\x8b\xe6\x98\xaf\xe7\x94\xb1\xe4\xb8\xad\xe5\x9b\xbd\xe6\xb8\xb8\xe6\x88\x8f\xe5\x85\xac\xe5\x8f\xb8miHoYo\xef\xbc\x88\xe7\xb1\xb3\xe5\x93\x88\xe6\xb8\xb8\xef\xbc\x89\xe5\xbc\x80\xe5\x8f\x91\xe7\x9a\x84\xe4\xb8\x80\xe6\xac\xbe\xe5\xbc\x80\xe6\x94\xbe\xe4\xb8\x96\xe7\x95\x8c\xe5\x8a\xa8\xe4\xbd\x9c\xe8\xa7\x92\xe8\x89\xb2\xe6\x89\xae\xe6\xbc\x94\xe6\xb8\xb8\xe6\x88\x8f\xe3\x80\x82\xe8\x87\xaa2020\xe5\xb9\xb4\xe5\x8f\x91\xe5\xb8\x83\xe4\xbb\xa5\xe6\x9d\xa5\xef\xbc\x8c\xe3\x80\x8a\xe5\x8e\x9f\xe7\xa5\x9e\xe3\x80\x8b\xe5\x9c\xa8\xe5\x85\xa8\xe7\x90\x83\xe8\x8c\x83\xe5\x9b\xb4\xe5\x86\x85\xe8\x8e\xb7\xe5\xbe\x97\xe4\xba\x86\xe6\x9e\x81\xe9\xab\x98\xe7\x9a\x84\xe5\x85\xb3\xe6\xb3\xa8\xe5\xba\xa6\xe5\x92\x8c\xe5\xb9\xbf\xe6\xb3\x9b\xe7\x9a\x84\xe7\x8e\xa9\xe5\xae\xb6\xe7\xbe\xa4\xe4\xbd\x93\xef\xbc\x8c\xe5\x85\xb6\xe6\x88\x90\xe5\x8a\x9f\xe4\xb8\xbb\xe8\xa6\x81\xe4\xbd\x93\xe7\x8e\xb0\xe5\x9c\xa8\xe4\xbb\xa5\xe4\xb8\x8b\xe5\x87\xa0\xe4\xb8\xaa\xe6\x96\xb9\xe9\x9d\xa2\xef\xbc\x9a\n\n1. **\xe7\xb2\xbe\xe7\xbe\x8e\xe7\x9a\x84\xe7\x94\xbb\xe9\x9d\xa2\xe4\xb8\x8e\xe9\x9f\xb3\xe4\xb9\x90**\xef\xbc\x9a\xe3\x80\x8a\xe5\x8e\x9f\xe7\xa5\x9e\xe3\x80\x8b\xe4\xbb\xa5\xe5\x85\xb6\xe9\xab\x98\xe8\xb4\xa8\xe9\x87\x8f\xe7\x9a\x84\xe8\xa7\x86\xe8\xa7\x89\xe6\x95\x88\xe6\x9e\x9c\xe5\x92\x8c\xe7\xb2\xbe\xe5\xbf\x83\xe5\x88\xb6\xe4\xbd\x9c\xe7\x9a\x84\xe8\x83\x8c\xe6\x99\xaf\xe9\x9f\xb3\xe4\xb9\x90\xe8\xb5\xa2\xe5\xbe\x97\xe4\xba\x86\xe5\xa4\xa7\xe9\x87\x8f\xe7\x8e\xa9\xe5\xae\xb6\xe7\x9a\x84\xe5\x96\x9c\xe7\x88\xb1\xe3\x80\x82\xe6\xb8\xb8\xe6\x88\x8f\xe4\xb8\xad\xe7\x9a\x84\xe6\xaf\x8f\xe4\xb8\x80\xe4\xb8\xaa\xe5\x9c\xba\xe6\x99\xaf\xe3\x80\x81\xe8\xa7\x92\xe8\x89\xb2\xe8\xae\xbe\xe8\xae\xa1\xe9\x83\xbd\xe5\x8a\x9b\xe6\xb1\x82\xe7\xb2\xbe\xe7\xbb\x86\xef\xbc\x8c\xe7\xbb\x99\xe7\x8e\xa9\xe5\xae\xb6\xe5\xb8\xa6\xe6\x9d\xa5\xe6\xb2\x89\xe6\xb5\xb8\xe5\xbc\x8f\xe7\x9a\x84\xe4\xbd\x93\xe9\xaa\x8c\xe3\x80\x82\n\n2. **\xe4\xb8\xb0\xe5\xaf\x8c\xe7\x9a\x84\xe5\x89\xa7\xe6\x83\x85\xe4\xb8\x8e\xe8\xa7\x92\xe8\x89\xb2**\xef\xbc\x9a\xe6\xb8\xb8\xe6\x88\x8f\xe6\x8b\xa5\xe6\x9c\x89\xe5\xba\x9e\xe5\xa4\xa7\xe7\x9a\x84\xe4\xb8\x96\xe7\x95\x8c\xe8\xa7\x82\xe5\x92\x8c\xe4\xb8\xb0\xe5\xaf\x8c\xe7\x9a\x84\xe4\xba\xba\xe7\x89\xa9\xe8\xae\xbe\xe5\xae\x9a\xef\xbc\x8c\xe9\x80\x9a\xe8\xbf\x87\xe4\xb8\xbb\xe7\xba\xbf\xe4\xbb\xbb\xe5\x8a\xa1\xe5\x92\x8c\xe6\x94\xaf\xe7\xba\xbf\xe4\xbb\xbb\xe5\x8a\xa1\xe4\xb8\xba\xe7\x8e\xa9\xe5\xae\xb6\xe8\xae\xb2\xe8\xbf\xb0\xe4\xba\x86\xe4\xb8\x80\xe4\xb8\xaa\xe4\xb8\xaa\xe5\xbc\x95\xe4\xba\xba\xe5\x85\xa5\xe8\x83\x9c\xe7\x9a\x84\xe6\x95\x85\xe4\xba\x8b\xe3\x80\x82\xe6\xaf\x8f\xe4\xb8\xaa\xe8\xa7\x92\xe8\x89\xb2\xe9\x83\xbd\xe6\x9c\x89\xe8\x87\xaa\xe5\xb7\xb1\xe7\x9a\x84\xe8\x83\x8c\xe6\x99\xaf\xe6\x95\x85\xe4\xba\x8b\xe5\x92\x8c\xe7\x8b\xac\xe7\x89\xb9\xe6\x8a\x80\xe8\x83\xbd\xef\xbc\x8c\xe5\xa2\x9e\xe5\x8a\xa0\xe4\xba\x86\xe6\xb8\xb8\xe6\x88\x8f\xe7\x9a\x84\xe5\x8f\xaf\xe7\x8e\xa9\xe6\x80\xa7\xe5\x92\x8c\xe6\x94\xb6\xe9\x9b\x86\xe6\xac\xb2\xe6\x9c\x9b\xe3\x80\x82\n\n3. **\xe5\x88\x9b\xe6\x96\xb0\xe7\x9a\x84\xe6\xb8\xb8\xe6\x88\x8f\xe6\x9c\xba\xe5\x88\xb6**\xef\xbc\x9a\xe3\x80\x8a\xe5\x8e\x9f\xe7\xa5\x9e\xe3\x80\x8b\xe7\xbb\x93\xe5\x90\x88\xe4\xba\x86\xe6\x8e\xa2\xe7\xb4\xa2\xe3\x80\x81\xe6\x88\x98\xe6\x96\x97\xe3\x80\x81\xe8\xa7\xa3\xe8\xb0\x9c\xe7\xad\x89\xe5\xa4\x9a\xe7\xa7\x8d\xe5\x85\x83\xe7\xb4\xa0\xef\xbc\x8c\xe5\xb9\xb6\xe5\xbc\x95\xe5\x85\xa5\xe4\xba\x86\xe2\x80\x9c\xe5\x85\x83\xe7\xb4\xa0\xe5\x8f\x8d\xe5\xba\x94\xe2\x80\x9d\xe7\xb3\xbb\xe7\xbb\x9f\xef\xbc\x8c\xe4\xbd\xbf\xe5\xbe\x97\xe6\x88\x98\xe6\x96\x97\xe7\xad\x96\xe7\x95\xa5\xe6\x9b\xb4\xe5\x8a\xa0\xe5\xa4\x9a\xe6\xa0\xb7\xe5\x8c\x96\xe3\x80\x82\xe5\x90\x8c\xe6\x97\xb6\xef\xbc\x8c\xe6\xb8\xb8\xe6\x88\x8f\xe4\xb8\xad\xe8\xbf\x98\xe5\x8c\x85\xe5\x90\xab\xe4\xba\x86\xe6\x8a\xbd\xe5\x8d\xa1\xe7\xad\x89\xe9\x9a\x8f\xe6\x9c\xba\xe6\x80\xa7\xe8\xbe\x83\xe5\xbc\xba\xe7\x9a\x84\xe7\x8e\xa9\xe6\xb3\x95\xef\xbc\x8c\xe8\x99\xbd\xe7\x84\xb6\xe8\xbf\x99\xe4\xb8\x80\xe6\x9c\xba\xe5\x88\xb6\xe4\xb9\x9f\xe5\xbc\x95\xe5\x8f\x91\xe4\xba\x86\xe4\xb8\x80\xe5\xae\x9a\xe4\xba\x89\xe8\xae\xae\xe3\x80\x82\n\n4. **\xe5\x85\xa8\xe7\x90\x83\xe5\x8c\x96\xe7\x9a\x84\xe8\xbf\x90\xe8\x90\xa5\xe7\xad\x96\xe7\x95\xa5**\xef\xbc\x9amiHoYo\xe9\x87\x87\xe5\x8f\x96\xe4\xba\x86\xe5\xa4\x9a\xe8\xaf\xad\xe8\xa8\x80\xe6\x94\xaf\xe6\x8c\x81\xe4\xbb\xa5\xe5\x8f\x8a\xe9\x92\x88\xe5\xaf\xb9\xe4\xb8\x8d\xe5\x90\x8c\xe5\x9c\xb0\xe5\x8c\xba\xe5\xb8\x82\xe5\x9c\xba\xe7\x9a\x84\xe5\xae\x9a\xe5\x88\xb6\xe5\x8c\x96\xe6\x8e\xa8\xe5\xb9\xbf\xe7\xad\x96\xe7\x95\xa5\xef\xbc\x8c\xe4\xbd\xbf\xe5\xbe\x97\xe3\x80\x8a\xe5\x8e\x9f\xe7\xa5\x9e\xe3\x80\x8b\xe8\x83\xbd\xe5\xa4\x9f\xe8\xb7\xa8\xe8\xb6\x8a\xe6\x96\x87\xe5\x8c\x96\xe7\x95\x8c\xe9\x99\x90\xef\xbc\x8c\xe5\x90\xb8\xe5\xbc\x95\xe6\x9d\xa5\xe8\x87\xaa\xe4\xb8\x96\xe7\x95\x8c\xe5\x90\x84\xe5\x9c\xb0\xe7\x9a\x84\xe7\x8e\xa9\xe5\xae\xb6\xe3\x80\x82\n\n\xe5\xbd\x93\xe7\x84\xb6\xef\xbc\x8c\xe3\x80\x8a\xe5\x8e\x9f\xe7\xa5\x9e\xe3\x80\x8b\xe5\xb9\xb6\xe9\x9d\x9e\xe6\xb2\xa1\xe6\x9c\x89\xe6\x89\xb9\xe8\xaf\x84\xe5\xa3\xb0\xe9\x9f\xb3\xef\xbc\x8c\xe6\xaf\x94\xe5\xa6\x82\xe5\x85\xb6\xe6\x8a\xbd\xe5\x8d\xa1\xe6\x9c\xba\xe5\x88\xb6\xe8\xa2\xab\xe9\x83\xa8\xe5\x88\x86\xe7\x8e\xa9\xe5\xae\xb6\xe8\xae\xa4\xe4\xb8\xba\xe5\xad\x98\xe5\x9c\xa8\xe8\xbf\x87\xe5\xba\xa6\xe5\x95\x86\xe4\xb8\x9a\xe5\x8c\x96\xe5\x80\xbe\xe5\x90\x91\xef\xbc\x9b\xe6\xb8\xb8\xe6\x88\x8f\xe5\x86\x85\xe8\xb4\xad\xe6\xa8\xa1\xe5\xbc\x8f\xe5\x8f\xaf\xe8\x83\xbd\xe5\xaf\xb9\xe4\xb8\x80\xe4\xba\x9b\xe7\x8e\xa9\xe5\xae\xb6\xe6\x9d\xa5\xe8\xaf\xb4\xe4\xb8\x8d\xe5\xa4\x9f\xe5\x8f\x8b\xe5\xa5\xbd\xe7\xad\x89\xe3\x80\x82\xe4\xbd\x86\xe6\x80\xbb\xe4\xbd\x93\xe8\x80\x8c\xe8\xa8\x80\xef\xbc\x8c\xe3\x80\x8a\xe5\x8e\x9f\xe7\xa5\x9e\xe3\x80\x8b\xe5\x87\xad\xe5\x80\x9f\xe5\x85\xb6\xe5\x87\xba\xe8\x89\xb2\xe7\x9a\x84\xe8\xa1\xa8\xe7\x8e\xb0\xef\xbc\x8c\xe5\x9c\xa8\xe5\x9b\xbd\xe9\x99\x85\xe5\xb8\x82\xe5\x9c\xba\xe4\xb8\x8a\xe5\x8f\x96\xe5\xbe\x97\xe4\xba\x86\xe5\xb7\xa8\xe5\xa4\xa7\xe6\x88\x90\xe5\x8a\x9f\xef\xbc\x8c\xe6\x88\x90\xe4\xb8\xba\xe8\xbf\x91\xe5\xb9\xb4\xe6\x9d\xa5\xe4\xb8\xad\xe5\x9b\xbd\xe6\xb8\xb8\xe6\x88\x8f\xe4\xba\xa7\xe4\xb8\x9a\xe8\xb5\xb0\xe5\x90\x91\xe4\xb8\x96\xe7\x95\x8c\xe7\x9a\x84\xe4\xb8\x80\xe4\xb8\xaa\xe9\x87\x8d\xe8\xa6\x81\xe6\xa0\x87\xe5\xbf\x97\xe3\x80\x82zh-cnzh-cn-XiaochenNeural0true0General'
2025-05-25 01:36:36.557413 - DEBUG : <-<- 106500
2025-05-25 01:36:36.558315 - DEBUG : ->>> b'16/5\nmicrophoneToTextzh-cn'
2025-05-25 01:37:03.000235 - DEBUG : <-<- null
2025-05-25 01:39:19.648025 - DEBUG : <-<- Client connection at 127.0.0.1: 61589
2025-05-25 01:39:19.649023 - DEBUG : ->>> b'17/84/6\ninitSpeechServiceCmwzTb35WSvnOYEPoY9wC12ExtiNJkI37VJlc9itceLmM6osBYstJQQJ99BAACYeBjFXJ3w3AAAYACOG1fhOeastus'
2025-05-25 01:39:19.659994 - DEBUG : <-<- true
2025-05-25 01:39:19.659994 - DEBUG : ->>> b'13/25/3/3/5/5\ninitMetahuman../humanModel/humanModel20.50.5falsefalse'
2025-05-25 01:39:39.787589 - DEBUG : <-<- true
2025-05-25 01:39:39.787589 - DEBUG : ->>> b'17/28/2/2/2/2\nreplaceBackground../NewHuman/background/2.jpg-1-1-150'
2025-05-25 01:39:39.854410 - DEBUG : <-<- true
2025-05-25 01:39:40.382994 - DEBUG : ->>> b'16/5\nmicrophoneToTextzh-cn'
2025-05-25 01:39:43.547079 - DEBUG : <-<- 你好。
2025-05-25 01:39:44.431179 - DEBUG : ->>> b'14/1/6/2/3/3/1/5/5\nshowSpeechText0\xe6\xa5\xb7\xe4\xbd\x93201282550falsefalse'
2025-05-25 01:39:44.432176 - DEBUG : <-<- true
2025-05-25 01:39:44.433173 - DEBUG : ->>> b'15/37/42/5/20/1/4/1/7\nmetahumanSpeech../humanModel/humanModel2/voice/2.mp3\xe4\xbd\xa0\xe5\xa5\xbd\xef\xbc\x81\xe6\x9c\x89\xe4\xbb\x80\xe4\xb9\x88\xe5\x8f\xaf\xe4\xbb\xa5\xe5\xb8\xae\xe5\x8a\xa9\xe4\xbd\xa0\xe7\x9a\x84\xe5\x90\x97\xef\xbc\x9fzh-cnzh-cn-XiaochenNeural0true0General'
2025-05-25 01:39:50.311927 - DEBUG : <-<- 3412
2025-05-25 01:39:50.312924 - DEBUG : ->>> b'16/5\nmicrophoneToTextzh-cn'
2025-05-25 01:39:54.771286 - DEBUG : <-<- 今天是几月几号？
2025-05-25 01:39:56.048804 - DEBUG : ->>> b'14/1/6/2/3/3/1/5/5\nshowSpeechText0\xe6\xa5\xb7\xe4\xbd\x93201282550falsefalse'
2025-05-25 01:39:56.049844 - DEBUG : <-<- true
2025-05-25 01:39:56.050840 - DEBUG : ->>> b'15/37/190/5/20/1/4/1/7\nmetahumanSpeech../humanModel/humanModel2/voice/2.mp3\xe4\xbb\x8a\xe5\xa4\xa9\xe6\x98\xaf2023\xe5\xb9\xb44\xe6\x9c\x8817\xe6\x97\xa5\xe3\x80\x82\xe4\xbd\x86\xe6\x98\xaf\xe8\xaf\xb7\xe6\xb3\xa8\xe6\x84\x8f\xef\xbc\x8c\xe8\xbf\x99\xe4\xb8\xaa\xe6\x97\xa5\xe6\x9c\x9f\xe4\xbc\x9a\xe9\x9a\x8f\xe7\x9d\x80\xe5\xae\x9e\xe9\x99\x85\xe7\x9a\x84\xe6\x97\xa5\xe6\x9c\x9f\xe5\x8f\x98\xe5\x8c\x96\xe8\x80\x8c\xe5\x8f\x98\xe5\x8c\x96\xef\xbc\x8c\xe5\xa6\x82\xe6\x9e\x9c\xe6\x82\xa8\xe6\x98\xaf\xe5\x9c\xa8\xe5\x85\xb6\xe4\xbb\x96\xe6\x97\xb6\xe9\x97\xb4\xe7\x9c\x8b\xe5\x88\xb0\xe8\xbf\x99\xe6\x9d\xa1\xe4\xbf\xa1\xe6\x81\xaf\xef\xbc\x8c\xe9\x82\xa3\xe4\xb9\x88\xe5\xae\x9e\xe9\x99\x85\xe7\x9a\x84\xe6\x97\xa5\xe6\x9c\x9f\xe5\xb0\x86\xe4\xbc\x9a\xe6\x9c\x89\xe6\x89\x80\xe4\xb8\x8d\xe5\x90\x8c\xe3\x80\x82zh-cnzh-cn-XiaochenNeural0true0General'
2025-05-25 01:40:12.326571 - DEBUG : <-<- 13087
2025-05-25 01:40:12.326571 - DEBUG : ->>> b'16/5\nmicrophoneToTextzh-cn'
2025-05-25 01:40:16.523052 - DEBUG : <-<- 嗯，你会玩儿些什么？
2025-05-25 01:40:17.869359 - DEBUG : ->>> b'14/1/6/2/3/3/1/5/5\nshowSpeechText0\xe6\xa5\xb7\xe4\xbd\x93201282550falsefalse'
2025-05-25 01:40:17.870640 - DEBUG : <-<- true
2025-05-25 01:40:17.870640 - DEBUG : ->>> b'15/37/255/5/20/1/4/1/7\nmetahumanSpeech../humanModel/humanModel2/voice/2.mp3\xe4\xbd\x9c\xe4\xb8\xba\xe4\xb8\x80\xe4\xb8\xaa\xe4\xba\xba\xe5\xb7\xa5\xe6\x99\xba\xe8\x83\xbd\xe6\xa8\xa1\xe5\x9e\x8b\xef\xbc\x8c\xe6\x88\x91\xe8\x87\xaa\xe5\xb7\xb1\xe5\xb9\xb6\xe4\xb8\x8d\xe7\x8e\xa9\xe6\xb8\xb8\xe6\x88\x8f\xef\xbc\x8c\xe4\xbd\x86\xe6\x88\x91\xe5\x8f\xaf\xe4\xbb\xa5\xe5\x92\x8c\xe4\xbd\xa0\xe8\xae\xa8\xe8\xae\xba\xe6\xb8\xb8\xe6\x88\x8f\xef\xbc\x8c\xe6\x8f\x90\xe4\xbe\x9b\xe6\xb8\xb8\xe6\x88\x8f\xe6\x94\xbb\xe7\x95\xa5\xe5\xbb\xba\xe8\xae\xae\xef\xbc\x8c\xe6\x88\x96\xe8\x80\x85\xe5\xb8\xae\xe5\x8a\xa9\xe8\xa7\xa3\xe7\xad\x94\xe5\x85\xb3\xe4\xba\x8e\xe6\xb8\xb8\xe6\x88\x8f\xe7\x9a\x84\xe9\x97\xae\xe9\xa2\x98\xe3\x80\x82\xe5\xa6\x82\xe6\x9e\x9c\xe4\xbd\xa0\xe6\x9c\x89\xe4\xbb\xbb\xe4\xbd\x95\xe6\xb8\xb8\xe6\x88\x8f\xe7\x9b\xb8\xe5\x85\xb3\xe7\x9a\x84\xe9\x9c\x80\xe6\xb1\x82\xe6\x88\x96\xe6\x83\xb3\xe8\xa6\x81\xe5\x88\x86\xe4\xba\xab\xe7\x9a\x84\xe6\xb8\xb8\xe6\x88\x8f\xe4\xbd\x93\xe9\xaa\x8c\xef\xbc\x8c\xe9\x83\xbd\xe5\x8f\xaf\xe4\xbb\xa5\xe5\x91\x8a\xe8\xaf\x89\xe6\x88\x91\xef\xbc\x81zh-cnzh-cn-XiaochenNeural0true0General'
2025-05-25 01:40:40.465025 - DEBUG : <-<- 14812
2025-05-25 01:40:40.466019 - DEBUG : ->>> b'16/5\nmicrophoneToTextzh-cn'
2025-05-25 01:40:46.264066 - DEBUG : <-<- null
2025-05-25 01:41:38.474449 - DEBUG : <-<- Client connection at 127.0.0.1: 61724
2025-05-25 01:41:38.474449 - DEBUG : ->>> b'17/84/6\ninitSpeechServiceCmwzTb35WSvnOYEPoY9wC12ExtiNJkI37VJlc9itceLmM6osBYstJQQJ99BAACYeBjFXJ3w3AAAYACOG1fhOeastus'
2025-05-25 01:41:38.483425 - DEBUG : <-<- true
2025-05-25 01:41:38.484423 - DEBUG : ->>> b'13/25/3/3/5/5\ninitMetahuman../humanModel/humanModel20.50.5falsefalse'
2025-05-25 01:42:01.005548 - DEBUG : <-<- true
2025-05-25 01:42:01.006596 - DEBUG : ->>> b'17/28/2/2/2/2\nreplaceBackground../NewHuman/background/2.jpg-1-1-150'
2025-05-25 01:42:01.070379 - DEBUG : <-<- true
2025-05-25 01:42:01.596899 - DEBUG : ->>> b'16/5\nmicrophoneToTextzh-cn'
2025-05-25 01:42:06.145964 - DEBUG : <-<- 你好。
2025-05-25 01:42:07.151551 - DEBUG : ->>> b'14/1/6/2/3/3/1/5/5\nshowSpeechText0\xe6\xa5\xb7\xe4\xbd\x93201282550falsefalse'
2025-05-25 01:42:07.152441 - DEBUG : <-<- true
2025-05-25 01:42:07.152441 - DEBUG : ->>> b'15/37/42/5/20/1/4/1/7\nmetahumanSpeech../humanModel/humanModel2/voice/2.mp3\xe4\xbd\xa0\xe5\xa5\xbd\xef\xbc\x81\xe6\x9c\x89\xe4\xbb\x80\xe4\xb9\x88\xe5\x8f\xaf\xe4\xbb\xa5\xe5\xb8\xae\xe5\x8a\xa9\xe4\xbd\xa0\xe7\x9a\x84\xe5\x90\x97\xef\xbc\x9fzh-cnzh-cn-XiaochenNeural0true0General'
2025-05-25 01:42:12.863427 - DEBUG : <-<- 3412
2025-05-25 01:42:42.367554 - DEBUG : <-<- Client connection at 127.0.0.1: 61780
2025-05-25 01:42:42.367554 - DEBUG : ->>> b'17/84/6\ninitSpeechServiceCmwzTb35WSvnOYEPoY9wC12ExtiNJkI37VJlc9itceLmM6osBYstJQQJ99BAACYeBjFXJ3w3AAAYACOG1fhOeastus'
2025-05-25 01:42:42.376529 - DEBUG : <-<- true
2025-05-25 01:42:42.377527 - DEBUG : ->>> b'13/25/3/3/5/5\ninitMetahuman../humanModel/humanModel20.50.5falsefalse'
2025-05-25 01:43:14.417346 - DEBUG : <-<- true
2025-05-25 01:43:14.417346 - DEBUG : ->>> b'17/28/2/2/2/2\nreplaceBackground../NewHuman/background/2.jpg-1-1-150'
2025-05-25 01:43:14.485165 - DEBUG : <-<- true
2025-05-25 01:43:14.999789 - DEBUG : ->>> b'16/5\nmicrophoneToTextzh-cn'
2025-05-25 01:43:17.850769 - DEBUG : <-<- 你好。
2025-05-25 01:43:18.992869 - DEBUG : ->>> b'14/1/6/2/3/3/1/5/5\nshowSpeechText0\xe6\xa5\xb7\xe4\xbd\x93201282550falsefalse'
2025-05-25 01:43:18.994873 - DEBUG : <-<- true
2025-05-25 01:43:18.995862 - DEBUG : ->>> b'15/37/42/5/20/1/4/1/7\nmetahumanSpeech../humanModel/humanModel2/voice/2.mp3\xe4\xbd\xa0\xe5\xa5\xbd\xef\xbc\x81\xe6\x9c\x89\xe4\xbb\x80\xe4\xb9\x88\xe5\x8f\xaf\xe4\xbb\xa5\xe5\xb8\xae\xe5\x8a\xa9\xe4\xbd\xa0\xe7\x9a\x84\xe5\x90\x97\xef\xbc\x9fzh-cnzh-cn-XiaochenNeural0true0General'
2025-05-25 01:43:24.713191 - DEBUG : <-<- 3412
2025-05-25 01:43:56.774993 - DEBUG : <-<- Client connection at 127.0.0.1: 61816
2025-05-25 01:43:56.775992 - DEBUG : ->>> b'17/84/6\ninitSpeechServiceCmwzTb35WSvnOYEPoY9wC12ExtiNJkI37VJlc9itceLmM6osBYstJQQJ99BAACYeBjFXJ3w3AAAYACOG1fhOeastus'
2025-05-25 01:43:56.784916 - DEBUG : <-<- true
2025-05-25 01:43:56.784916 - DEBUG : ->>> b'13/25/3/3/5/5\ninitMetahuman../humanModel/humanModel20.50.5falsefalse'
2025-05-25 01:44:24.750709 - DEBUG : <-<- true
2025-05-25 01:44:24.751710 - DEBUG : ->>> b'17/28/2/2/2/2\nreplaceBackground../NewHuman/background/2.jpg-1-1-150'
2025-05-25 01:44:24.815539 - DEBUG : <-<- true
2025-05-25 01:44:25.325219 - DEBUG : ->>> b'16/5\nmicrophoneToTextzh-cn'
2025-05-25 01:44:31.312891 - DEBUG : <-<- null
2025-05-25 01:44:56.589174 - DEBUG : <-<- Client connection at 127.0.0.1: 61864
2025-05-25 01:44:56.589174 - DEBUG : ->>> b'17/84/6\ninitSpeechServiceCmwzTb35WSvnOYEPoY9wC12ExtiNJkI37VJlc9itceLmM6osBYstJQQJ99BAACYeBjFXJ3w3AAAYACOG1fhOeastus'
2025-05-25 01:44:56.599132 - DEBUG : <-<- true
2025-05-25 01:44:56.600137 - DEBUG : ->>> b'13/25/3/3/5/5\ninitMetahuman../humanModel/humanModel20.50.5falsefalse'
2025-05-25 01:45:12.106746 - DEBUG : <-<- true
2025-05-25 01:45:12.107745 - DEBUG : ->>> b'17/28/2/2/2/2\nreplaceBackground../NewHuman/background/2.jpg-1-1-150'
2025-05-25 01:45:12.170576 - DEBUG : <-<- true
2025-05-25 01:45:12.697167 - DEBUG : ->>> b'16/5\nmicrophoneToTextzh-cn'
2025-05-25 01:45:15.939725 - DEBUG : <-<- 你好。
2025-05-25 01:45:16.912744 - DEBUG : ->>> b'14/1/6/2/3/3/1/5/5\nshowSpeechText0\xe6\xa5\xb7\xe4\xbd\x93201282550falsefalse'
2025-05-25 01:45:16.913718 - DEBUG : <-<- true
2025-05-25 01:45:16.913718 - DEBUG : ->>> b'15/37/42/5/20/1/4/1/7\nmetahumanSpeech../humanModel/humanModel2/voice/2.mp3\xe4\xbd\xa0\xe5\xa5\xbd\xef\xbc\x81\xe6\x9c\x89\xe4\xbb\x80\xe4\xb9\x88\xe5\x8f\xaf\xe4\xbb\xa5\xe5\xb8\xae\xe5\x8a\xa9\xe4\xbd\xa0\xe7\x9a\x84\xe5\x90\x97\xef\xbc\x9fzh-cnzh-cn-XiaochenNeural0true0General'
2025-05-25 01:45:22.795312 - DEBUG : <-<- 3412
2025-05-25 01:45:22.796309 - DEBUG : ->>> b'16/5\nmicrophoneToTextzh-cn'
2025-05-25 01:45:25.830875 - DEBUG : <-<- 你好。
2025-05-25 01:45:26.509806 - DEBUG : ->>> b'14/1/6/2/3/3/1/5/5\nshowSpeechText0\xe6\xa5\xb7\xe4\xbd\x93201282550falsefalse'
2025-05-25 01:45:26.510803 - DEBUG : <-<- true
2025-05-25 01:45:26.511845 - DEBUG : ->>> b'15/37/42/5/20/1/4/1/7\nmetahumanSpeech../humanModel/humanModel2/voice/2.mp3\xe4\xbd\xa0\xe5\xa5\xbd\xef\xbc\x81\xe6\x9c\x89\xe4\xbb\x80\xe4\xb9\x88\xe5\x8f\xaf\xe4\xbb\xa5\xe5\xb8\xae\xe5\x8a\xa9\xe4\xbd\xa0\xe7\x9a\x84\xe5\x90\x97\xef\xbc\x9fzh-cnzh-cn-XiaochenNeural0true0General'
2025-05-25 01:45:32.219923 - DEBUG : <-<- 3412
2025-05-25 01:45:32.220881 - DEBUG : ->>> b'16/5\nmicrophoneToTextzh-cn'
2025-05-25 01:45:35.127262 - DEBUG : <-<- 你好。
2025-05-25 01:45:35.950393 - DEBUG : ->>> b'14/1/6/2/3/3/1/5/5\nshowSpeechText0\xe6\xa5\xb7\xe4\xbd\x93201282550falsefalse'
2025-05-25 01:45:35.951388 - DEBUG : <-<- true
2025-05-25 01:45:35.951388 - DEBUG : ->>> b'15/37/42/5/20/1/4/1/7\nmetahumanSpeech../humanModel/humanModel2/voice/2.mp3\xe4\xbd\xa0\xe5\xa5\xbd\xef\xbc\x81\xe6\x9c\x89\xe4\xbb\x80\xe4\xb9\x88\xe5\x8f\xaf\xe4\xbb\xa5\xe5\xb8\xae\xe5\x88\xb0\xe4\xbd\xa0\xe7\x9a\x84\xe5\x90\x97\xef\xbc\x9fzh-cnzh-cn-XiaochenNeural0true0General'
2025-05-25 01:45:41.705007 - DEBUG : <-<- 3450
2025-05-25 01:45:41.705007 - DEBUG : ->>> b'16/5\nmicrophoneToTextzh-cn'
2025-05-25 01:45:45.107469 - DEBUG : <-<- 你玩儿点什么？
2025-05-25 01:45:46.669835 - DEBUG : ->>> b'14/1/6/2/3/3/1/5/5\nshowSpeechText0\xe6\xa5\xb7\xe4\xbd\x93201282550falsefalse'
2025-05-25 01:45:46.670831 - DEBUG : <-<- true
2025-05-25 01:45:46.671883 - DEBUG : ->>> b'15/37/258/5/20/1/4/1/7\nmetahumanSpeech../humanModel/humanModel2/voice/2.mp3\xe6\x88\x91\xe4\xbd\x9c\xe4\xb8\xba\xe4\xb8\x80\xe4\xb8\xaa\xe8\xaf\xad\xe8\xa8\x80\xe6\xa8\xa1\xe5\x9e\x8b\xef\xbc\x8c\xe4\xb8\x8d\xe8\xbf\x9b\xe8\xa1\x8c\xe5\xae\x9e\xe9\x99\x85\xe7\x9a\x84\xe7\x8e\xa9\xe8\x80\x8d\xe6\xb4\xbb\xe5\x8a\xa8\xe3\x80\x82\xe4\xbd\x86\xe6\x88\x91\xe5\x8f\xaf\xe4\xbb\xa5\xe5\xb8\xae\xe4\xbd\xa0\xe6\x89\xbe\xe5\x88\xb0\xe6\x9c\x89\xe8\xb6\xa3\xe7\x9a\x84\xe5\xa8\xb1\xe4\xb9\x90\xe6\x96\xb9\xe5\xbc\x8f\xef\xbc\x8c\xe6\xaf\x94\xe5\xa6\x82\xe6\x8e\xa8\xe8\x8d\x90\xe4\xb9\xa6\xe7\xb1\x8d\xe3\x80\x81\xe7\x94\xb5\xe5\xbd\xb1\xe3\x80\x81\xe6\xb8\xb8\xe6\x88\x8f\xe6\x88\x96\xe8\x80\x85\xe6\x8f\x90\xe4\xbe\x9b\xe4\xb8\x80\xe4\xba\x9b\xe7\x9b\x8a\xe6\x99\xba\xe9\x97\xae\xe9\xa2\x98\xe5\x92\x8c\xe6\x8c\x91\xe6\x88\x98\xe3\x80\x82\xe5\xa6\x82\xe6\x9e\x9c\xe4\xbd\xa0\xe6\x9c\x89\xe5\x85\xb4\xe8\xb6\xa3\xef\xbc\x8c\xe6\x88\x91\xe5\x8f\xaf\xe4\xbb\xa5\xe6\xa0\xb9\xe6\x8d\xae\xe4\xbd\xa0\xe7\x9a\x84\xe5\x96\x9c\xe5\xa5\xbd\xe7\xbb\x99\xe5\x87\xba\xe4\xb8\x80\xe4\xba\x9b\xe5\xbb\xba\xe8\xae\xae\xef\xbc\x81zh-cnzh-cn-XiaochenNeural0true0General'
2025-05-25 01:46:08.472312 - DEBUG : <-<- 16287
2025-05-25 01:46:08.473301 - DEBUG : ->>> b'16/5\nmicrophoneToTextzh-cn'
2025-05-25 01:46:13.064612 - DEBUG : <-<- 今天是几月几号？
2025-05-25 01:46:14.510280 - DEBUG : ->>> b'14/1/6/2/3/3/1/5/5\nshowSpeechText0\xe6\xa5\xb7\xe4\xbd\x93201282550falsefalse'
2025-05-25 01:46:14.511277 - DEBUG : <-<- true
2025-05-25 01:46:14.512317 - DEBUG : ->>> b'15/37/290/5/20/1/4/1/7\nmetahumanSpeech../humanModel/humanModel2/voice/2.mp3\xe4\xbd\x9c\xe4\xb8\xba\xe4\xb8\x80\xe4\xb8\xaaAI\xe6\xa8\xa1\xe5\x9e\x8b\xef\xbc\x8c\xe6\x88\x91\xe5\xb9\xb6\xe4\xb8\x8d\xe5\x85\xb7\xe5\xa4\x87\xe5\xae\x9e\xe6\x97\xb6\xe6\x9f\xa5\xe8\xaf\xa2\xe5\xbd\x93\xe5\x89\x8d\xe6\x97\xa5\xe6\x9c\x9f\xe7\x9a\x84\xe5\x8a\x9f\xe8\x83\xbd\xe3\x80\x82\xe6\x82\xa8\xe5\x8f\xaf\xe4\xbb\xa5\xe6\x9f\xa5\xe7\x9c\x8b\xe8\xae\xbe\xe5\xa4\x87\xe4\xb8\x8a\xe7\x9a\x84\xe6\x97\xa5\xe5\x8e\x86\xe6\x88\x96\xe6\x97\xb6\xe9\x92\x9f\xe6\x9d\xa5\xe8\x8e\xb7\xe5\x8f\x96\xe4\xbb\x8a\xe5\xa4\xa9\xe7\x9a\x84\xe5\x85\xb7\xe4\xbd\x93\xe6\x97\xa5\xe6\x9c\x9f\xe3\x80\x82\xe5\xa6\x82\xe6\x9e\x9c\xe6\x82\xa8\xe9\x9c\x80\xe8\xa6\x81\xe7\x9f\xa5\xe9\x81\x93\xe6\x9f\x90\xe4\xb8\xaa\xe7\x89\xb9\xe5\xae\x9a\xe7\x9a\x84\xe6\x97\xa5\xe6\x9c\x9f\xe6\x88\x96\xe8\x80\x85\xe6\x83\xb3\xe7\x9f\xa5\xe9\x81\x93\xe5\xa6\x82\xe4\xbd\x95\xe8\xae\xa1\xe7\xae\x97\xe6\x9c\xaa\xe6\x9d\xa5\xe7\x9a\x84\xe6\x97\xa5\xe6\x9c\x9f\xef\xbc\x8c\xe8\xaf\xb7\xe5\x91\x8a\xe8\xaf\x89\xe6\x88\x91\xe6\x9b\xb4\xe5\xa4\x9a\xe7\x9a\x84\xe7\xbb\x86\xe8\x8a\x82\xef\xbc\x8c\xe6\x88\x91\xe4\xbc\x9a\xe5\xb0\xbd\xe5\x8a\x9b\xe5\xb8\xae\xe5\x8a\xa9\xe6\x82\xa8\xe3\x80\x82zh-cnzh-cn-XiaochenNeural0true0General'
2025-05-25 01:46:35.903332 - DEBUG : <-<- 18425
2025-05-25 01:46:35.903332 - DEBUG : ->>> b'16/5\nmicrophoneToTextzh-cn'
2025-05-25 01:46:40.821337 - DEBUG : <-<- 嗯，如何评价毛主席？
2025-05-25 01:46:43.060631 - DEBUG : ->>> b'14/1/6/2/3/3/1/5/5\nshowSpeechText0\xe6\xa5\xb7\xe4\xbd\x93201282550falsefalse'
2025-05-25 01:46:43.061633 - DEBUG : <-<- true
2025-05-25 01:46:43.061633 - DEBUG : ->>> b'15/37/456/5/20/1/4/1/7\nmetahumanSpeech../humanModel/humanModel2/voice/2.mp3\xe6\xaf\x9b\xe6\xb3\xbd\xe4\xb8\x9c\xe6\x98\xaf\xe4\xb8\xad\xe5\x9b\xbd\xe5\x85\xb1\xe4\xba\xa7\xe5\x85\x9a\xe7\x9a\x84\xe9\x87\x8d\xe8\xa6\x81\xe9\xa2\x86\xe5\xaf\xbc\xe4\xba\xba\xe4\xb9\x8b\xe4\xb8\x80\xef\xbc\x8c\xe4\xb8\xad\xe5\x8d\x8e\xe4\xba\xba\xe6\xb0\x91\xe5\x85\xb1\xe5\x92\x8c\xe5\x9b\xbd\xe7\x9a\x84\xe4\xb8\xbb\xe8\xa6\x81\xe7\xbc\x94\xe9\x80\xa0\xe8\x80\x85\xe5\x92\x8c\xe9\xa2\x86\xe5\xaf\xbc\xe4\xba\xba\xe3\x80\x82\xe4\xbb\x96\xe5\x9c\xa8\xe6\x96\xb0\xe6\xb0\x91\xe4\xb8\xbb\xe4\xb8\xbb\xe4\xb9\x89\xe9\x9d\xa9\xe5\x91\xbd\xe3\x80\x81\xe7\xa4\xbe\xe4\xbc\x9a\xe4\xb8\xbb\xe4\xb9\x89\xe9\x9d\xa9\xe5\x91\xbd\xe5\x92\x8c\xe5\xbb\xba\xe8\xae\xbe\xe4\xb8\xad\xe5\x81\x9a\xe5\x87\xba\xe4\xba\x86\xe5\xb7\xa8\xe5\xa4\xa7\xe8\xb4\xa1\xe7\x8c\xae\xe3\x80\x82\xe6\xaf\x9b\xe6\xb3\xbd\xe4\xb8\x9c\xe6\x80\x9d\xe6\x83\xb3\xe5\xaf\xb9\xe4\xb8\xad\xe5\x9b\xbd\xe4\xb9\x83\xe8\x87\xb3\xe4\xb8\x96\xe7\x95\x8c\xe9\x83\xbd\xe4\xba\xa7\xe7\x94\x9f\xe4\xba\x86\xe6\xb7\xb1\xe8\xbf\x9c\xe7\x9a\x84\xe5\xbd\xb1\xe5\x93\x8d\xe3\x80\x82\xe5\x90\x8c\xe6\x97\xb6\xef\xbc\x8c\xe5\xaf\xb9\xe4\xba\x8e\xe5\x8e\x86\xe5\x8f\xb2\xe4\xba\xba\xe7\x89\xa9\xe7\x9a\x84\xe8\xaf\x84\xe4\xbb\xb7\xe5\xba\x94\xe8\xaf\xa5\xe5\x85\xa8\xe9\x9d\xa2\xe5\xae\xa2\xe8\xa7\x82\xef\xbc\x8c\xe6\x97\xa2\xe8\xa6\x81\xe7\x9c\x8b\xe5\x88\xb0\xe5\x85\xb6\xe4\xbc\x9f\xe5\xa4\xa7\xe5\x8a\x9f\xe7\xbb\xa9\xef\xbc\x8c\xe4\xb9\x9f\xe8\xa6\x81\xe6\xad\xa3\xe8\xa7\x86\xe5\x85\xb6\xe5\x8e\x86\xe5\x8f\xb2\xe5\xb1\x80\xe9\x99\x90\xe6\x80\xa7\xe3\x80\x82\xe5\x9c\xa8\xe8\xaf\x84\xe4\xbb\xb7\xe6\x97\xb6\xef\xbc\x8c\xe5\xba\x94\xe5\xbd\x93\xe7\xbb\x93\xe5\x90\x88\xe5\x85\xb7\xe4\xbd\x93\xe7\x9a\x84\xe5\x8e\x86\xe5\x8f\xb2\xe8\x83\x8c\xe6\x99\xaf\xe5\x92\x8c\xe5\x8f\x91\xe5\xb1\x95\xe9\x98\xb6\xe6\xae\xb5\xe8\xbf\x9b\xe8\xa1\x8c\xe5\x88\x86\xe6\x9e\x90\xe3\x80\x82zh-cnzh-cn-XiaochenNeural0true0General'
2025-05-25 01:47:16.595262 - DEBUG : <-<- 30412
2025-05-25 01:47:16.596208 - DEBUG : ->>> b'16/5\nmicrophoneToTextzh-cn'
2025-05-25 01:47:20.622237 - DEBUG : <-<- 如何评价希特勒？
2025-05-25 01:47:25.870785 - DEBUG : ->>> b'14/1/6/2/3/3/1/5/5\nshowSpeechText0\xe6\xa5\xb7\xe4\xbd\x93201282550falsefalse'
2025-05-25 01:47:25.871778 - DEBUG : <-<- true
2025-05-25 01:47:25.871778 - DEBUG : ->>> b'15/37/1054/5/20/1/4/1/7\nmetahumanSpeech../humanModel/humanModel2/voice/2.mp3\xe4\xbd\x9c\xe4\xb8\xba\xe4\xb8\x80\xe4\xb8\xaa\xe5\x8e\x86\xe5\x8f\xb2\xe4\xba\xba\xe7\x89\xa9\xef\xbc\x8c\xe9\x98\xbf\xe9\x81\x93\xe5\xa4\xab\xc2\xb7\xe5\xb8\x8c\xe7\x89\xb9\xe5\x8b\x92\xe6\x98\xaf20\xe4\xb8\x96\xe7\xba\xaa\xe6\x9c\x80\xe5\xa4\x8d\xe6\x9d\x82\xe5\x92\x8c\xe6\x9c\x80\xe5\x85\xb7\xe4\xba\x89\xe8\xae\xae\xe6\x80\xa7\xe7\x9a\x84\xe4\xba\xba\xe7\x89\xa9\xe4\xb9\x8b\xe4\xb8\x80\xe3\x80\x82\xe4\xbb\x96\xe4\xbd\x9c\xe4\xb8\xba\xe7\xba\xb3\xe7\xb2\xb9\xe5\x85\x9a\xe7\x9a\x84\xe9\xa2\x86\xe5\xaf\xbc\xe4\xba\xba\xe5\x92\x8c\xe4\xba\x8c\xe6\x88\x98\xe6\x9c\x9f\xe9\x97\xb4\xe7\x9a\x84\xe5\xbe\xb7\xe5\x9b\xbd\xe5\x85\x83\xe9\xa6\x96\xef\xbc\x8c\xe5\xaf\xb9\xe4\xb8\x96\xe7\x95\x8c\xe5\x8e\x86\xe5\x8f\xb2\xe4\xba\xa7\xe7\x94\x9f\xe4\xba\x86\xe6\xb7\xb1\xe8\xbf\x9c\xe7\x9a\x84\xe5\xbd\xb1\xe5\x93\x8d\xe3\x80\x82\n\n\xe4\xbb\x8e\xe7\xa7\xaf\xe6\x9e\x81\xe7\x9a\x84\xe8\xa7\x92\xe5\xba\xa6\xe6\x9d\xa5\xe7\x9c\x8b\xef\xbc\x8c\xe5\xb8\x8c\xe7\x89\xb9\xe5\x8b\x92\xe5\x9c\xa8\xe4\xb8\x80\xe5\xae\x9a\xe7\xa8\x8b\xe5\xba\xa6\xe4\xb8\x8a\xe9\x87\x8d\xe5\xa1\x91\xe4\xba\x86\xe5\xbe\xb7\xe5\x9b\xbd\xe7\x9a\x84\xe5\x9b\xbd\xe5\xae\xb6\xe5\xbd\xa2\xe8\xb1\xa1\xef\xbc\x8c\xe5\xb9\xb6\xe5\x9c\xa8\xe7\x9f\xad\xe6\x9c\x9f\xe5\x86\x85\xe6\x8f\x90\xe5\x8d\x87\xe4\xba\x86\xe5\xbe\xb7\xe5\x9b\xbd\xe7\xbb\x8f\xe6\xb5\x8e\xef\xbc\x8c\xe7\x89\xb9\xe5\x88\xab\xe6\x98\xaf\xe5\x9c\xa8\xe5\xa4\xb1\xe4\xb8\x9a\xe7\x8e\x87\xe6\x96\xb9\xe9\x9d\xa2\xe5\x8f\x96\xe5\xbe\x97\xe4\xba\x86\xe4\xb8\x80\xe5\xae\x9a\xe7\x9a\x84\xe6\x88\x90\xe7\xbb\xa9\xe3\x80\x82\xe7\x84\xb6\xe8\x80\x8c\xef\xbc\x8c\xe8\xbf\x99\xe4\xba\x9b\xe7\xa7\xaf\xe6\x9e\x81\xe5\x9b\xa0\xe7\xb4\xa0\xe8\xa2\xab\xe4\xbb\x96\xe7\x9a\x84\xe6\x94\xbf\xe7\xad\x96\xe6\x89\x80\xe5\xb8\xa6\xe6\x9d\xa5\xe7\x9a\x84\xe5\xb7\xa8\xe5\xa4\xa7\xe7\xa0\xb4\xe5\x9d\x8f\xe6\x89\x80\xe6\x8e\xa9\xe7\x9b\x96\xe3\x80\x82\n\n\xe5\xb8\x8c\xe7\x89\xb9\xe5\x8b\x92\xe9\xa2\x86\xe5\xaf\xbc\xe4\xb8\x8b\xe7\x9a\x84\xe5\xbe\xb7\xe5\x9b\xbd\xe5\x8f\x91\xe5\x8a\xa8\xe4\xba\x86\xe7\xac\xac\xe4\xba\x8c\xe6\xac\xa1\xe4\xb8\x96\xe7\x95\x8c\xe5\xa4\xa7\xe6\x88\x98\xef\xbc\x8c\xe8\xbf\x99\xe5\x9c\xba\xe6\x88\x98\xe4\xba\x89\xe5\xaf\xbc\xe8\x87\xb4\xe4\xba\x86\xe5\x85\xa8\xe7\x90\x83\xe8\x8c\x83\xe5\x9b\xb4\xe5\x86\x85\xe7\x9a\x84\xe5\xa4\xa7\xe8\xa7\x84\xe6\xa8\xa1\xe4\xbc\xa4\xe4\xba\xa1\xe5\x92\x8c\xe7\xa0\xb4\xe5\x9d\x8f\xe3\x80\x82\xe6\xad\xa4\xe5\xa4\x96\xef\xbc\x8c\xe4\xbb\x96\xe6\x8e\xa8\xe8\xa1\x8c\xe7\x9a\x84\xe7\xa7\x8d\xe6\x97\x8f\xe4\xb8\xbb\xe4\xb9\x89\xe6\x94\xbf\xe7\xad\x96\xef\xbc\x8c\xe5\xb0\xa4\xe5\x85\xb6\xe6\x98\xaf\xe9\x92\x88\xe5\xaf\xb9\xe7\x8a\xb9\xe5\xa4\xaa\xe4\xba\xba\xe7\x9a\x84\xe5\xa4\xa7\xe5\xb1\xa0\xe6\x9d\x80\xef\xbc\x88\xe5\x8d\xb3\xe2\x80\x9c\xe6\x9c\x80\xe7\xbb\x88\xe8\xa7\xa3\xe5\x86\xb3\xe6\x96\xb9\xe6\xa1\x88\xe2\x80\x9d\xef\xbc\x89\xef\xbc\x8c\xe9\x80\xa0\xe6\x88\x90\xe4\xba\x86\xe6\x95\xb0\xe7\x99\xbe\xe4\xb8\x87\xe6\x97\xa0\xe8\xbe\x9c\xe5\xb9\xb3\xe6\xb0\x91\xe7\x9a\x84\xe6\xad\xbb\xe4\xba\xa1\xef\xbc\x8c\xe8\xbf\x99\xe6\x98\xaf\xe4\xba\xba\xe7\xb1\xbb\xe5\x8e\x86\xe5\x8f\xb2\xe4\xb8\x8a\xe6\x9c\x80\xe9\xbb\x91\xe6\x9a\x97\xe7\x9a\x84\xe4\xb8\x80\xe9\xa1\xb5\xe4\xb9\x8b\xe4\xb8\x80\xe3\x80\x82\n\n\xe5\x9b\xa0\xe6\xad\xa4\xef\xbc\x8c\xe5\xa4\xa7\xe5\xa4\x9a\xe6\x95\xb0\xe5\x8e\x86\xe5\x8f\xb2\xe5\xad\xa6\xe5\xae\xb6\xe5\x92\x8c\xe5\x85\xac\xe4\xbc\x97\xe6\x99\xae\xe9\x81\x8d\xe8\xae\xa4\xe4\xb8\xba\xe5\xb8\x8c\xe7\x89\xb9\xe5\x8b\x92\xe6\x98\xaf\xe4\xb8\x80\xe4\xb8\xaa\xe6\x9e\x81\xe7\xab\xaf\xe9\x82\xaa\xe6\x81\xb6\xe7\x9a\x84\xe4\xba\xba\xe7\x89\xa9\xef\xbc\x8c\xe4\xbb\x96\xe7\x9a\x84\xe7\xbb\x9f\xe6\xb2\xbb\xe7\xbb\x99\xe4\xb8\x96\xe7\x95\x8c\xe5\xb8\xa6\xe6\x9d\xa5\xe4\xba\x86\xe5\xb7\xa8\xe5\xa4\xa7\xe7\x9a\x84\xe7\x97\x9b\xe8\x8b\xa6\xe5\x92\x8c\xe7\x81\xbe\xe9\x9a\xbe\xe3\x80\x82\xe5\xaf\xb9\xe5\xb8\x8c\xe7\x89\xb9\xe5\x8b\x92\xe7\x9a\x84\xe8\xaf\x84\xe4\xbb\xb7\xe5\xba\x94\xe5\xbd\x93\xe5\x9f\xba\xe4\xba\x8e\xe4\xbb\x96\xe5\xaf\xb9\xe4\xba\xba\xe7\xb1\xbb\xe7\xa4\xbe\xe4\xbc\x9a\xe9\x80\xa0\xe6\x88\x90\xe7\x9a\x84\xe5\xb9\xbf\xe6\xb3\x9b\xe8\x80\x8c\xe6\xb7\xb1\xe5\x88\xbb\xe7\x9a\x84\xe8\xb4\x9f\xe9\x9d\xa2\xe5\xbd\xb1\xe5\x93\x8d\xe6\x9d\xa5\xe8\xbf\x9b\xe8\xa1\x8c\xe3\x80\x82zh-cnzh-cn-XiaochenNeural0true0General'
2025-05-25 01:48:37.737729 - DEBUG : <-<- 67187
2025-05-25 01:48:37.738650 - DEBUG : ->>> b'16/5\nmicrophoneToTextzh-cn'
2025-05-25 01:48:45.257552 - DEBUG : <-<- 今天是几月几号？
2025-05-25 01:48:47.796490 - DEBUG : ->>> b'14/1/6/2/3/3/1/5/5\nshowSpeechText0\xe6\xa5\xb7\xe4\xbd\x93201282550falsefalse'
2025-05-25 01:48:47.797444 - DEBUG : <-<- true
2025-05-25 01:48:47.797444 - DEBUG : ->>> b'15/37/522/5/20/1/4/1/7\nmetahumanSpeech../humanModel/humanModel2/voice/2.mp3\xe4\xbd\x9c\xe4\xb8\xba\xe4\xb8\x80\xe4\xb8\xaaAI\xe6\xa8\xa1\xe5\x9e\x8b\xef\xbc\x8c\xe6\x88\x91\xe6\xb2\xa1\xe6\x9c\x89\xe5\xae\x9e\xe6\x97\xb6\xe7\x9a\x84\xe6\x97\xa5\xe6\x9c\x9f\xe4\xbf\xa1\xe6\x81\xaf\xe3\x80\x82\xe6\x82\xa8\xe5\x8f\xaf\xe4\xbb\xa5\xe9\x80\x9a\xe8\xbf\x87\xe6\x9f\xa5\xe7\x9c\x8b\xe8\xae\xbe\xe5\xa4\x87\xe4\xb8\x8a\xe7\x9a\x84\xe6\x97\xa5\xe5\x8e\x86\xe6\x88\x96\xe6\x97\xb6\xe9\x92\x9f\xe6\x9d\xa5\xe8\x8e\xb7\xe5\x8f\x96\xe4\xbb\x8a\xe5\xa4\xa9\xe7\x9a\x84\xe5\x85\xb7\xe4\xbd\x93\xe6\x97\xa5\xe6\x9c\x9f\xe3\x80\x82\xe5\xa6\x82\xe6\x9e\x9c\xe6\x82\xa8\xe6\x98\xaf\xe5\x9c\xa8\xe7\xbc\x96\xe7\xa8\x8b\xe6\x88\x96\xe8\x80\x85\xe5\xbc\x80\xe5\x8f\x91\xe7\x8e\xaf\xe5\xa2\x83\xe4\xb8\xad\xe9\x9c\x80\xe8\xa6\x81\xe8\x8e\xb7\xe5\x8f\x96\xe5\xbd\x93\xe5\x89\x8d\xe6\x97\xa5\xe6\x9c\x9f\xef\xbc\x8c\xe5\x8f\xaf\xe4\xbb\xa5\xe4\xbd\xbf\xe7\x94\xa8\xe7\x9b\xb8\xe5\xba\x94\xe7\x9a\x84\xe4\xbb\xa3\xe7\xa0\x81\xe6\x9d\xa5\xe5\xae\x9e\xe7\x8e\xb0\xe8\xbf\x99\xe4\xb8\x80\xe5\x8a\x9f\xe8\x83\xbd\xe3\x80\x82\xe4\xbe\x8b\xe5\xa6\x82\xef\xbc\x8c\xe5\x9c\xa8Python\xe4\xb8\xad\xef\xbc\x8c\xe6\x82\xa8\xe5\x8f\xaf\xe4\xbb\xa5\xe4\xbd\xbf\xe7\x94\xa8\xe4\xbb\xa5\xe4\xb8\x8b\xe4\xbb\xa3\xe7\xa0\x81\xef\xbc\x9a\n\n```python\nfrom datetime import datetime\n\ntoday = datetime.now().strftime("%Y-%m-%d")\nprint("\xe4\xbb\x8a\xe5\xa4\xa9\xe6\x98\xaf:", today)\n```\n\n\xe8\xbf\x99\xe6\xae\xb5\xe4\xbb\xa3\xe7\xa0\x81\xe4\xbc\x9a\xe8\xbe\x93\xe5\x87\xba\xe5\xbd\x93\xe5\x89\x8d\xe7\x9a\x84\xe6\x97\xa5\xe6\x9c\x9f\xef\xbc\x8c\xe6\xa0\xbc\xe5\xbc\x8f\xe4\xb8\xba\xe5\xb9\xb4-\xe6\x9c\x88-\xe6\x97\xa5\xe3\x80\x82\xe5\xb8\x8c\xe6\x9c\x9b\xe8\xbf\x99\xe5\x8f\xaf\xe4\xbb\xa5\xe5\xb8\xae\xe5\x8a\xa9\xe5\x88\xb0\xe6\x82\xa8\xef\xbc\x81zh-cnzh-cn-XiaochenNeural0true0General'
2025-05-25 01:49:27.693421 - DEBUG : <-<- 36287
2025-05-25 01:49:27.693421 - DEBUG : ->>> b'16/5\nmicrophoneToTextzh-cn'
2025-05-25 01:49:32.074422 - DEBUG : <-<- 我的第一个问题是什么？
2025-05-25 01:49:32.910190 - DEBUG : ->>> b'14/1/6/2/3/3/1/5/5\nshowSpeechText0\xe6\xa5\xb7\xe4\xbd\x93201282550falsefalse'
2025-05-25 01:49:32.911188 - DEBUG : <-<- true
2025-05-25 01:49:32.911188 - DEBUG : ->>> b'15/37/66/5/20/1/4/1/7\nmetahumanSpeech../humanModel/humanModel2/voice/2.mp3\xe6\x82\xa8\xe7\x9a\x84\xe7\xac\xac\xe4\xb8\x80\xe4\xb8\xaa\xe9\x97\xae\xe9\xa2\x98\xe6\x98\xaf\xef\xbc\x9a\xe2\x80\x9c\xe6\x88\x91\xe7\x9a\x84\xe7\xac\xac\xe4\xb8\x80\xe4\xb8\xaa\xe9\x97\xae\xe9\xa2\x98\xe6\x98\xaf\xe4\xbb\x80\xe4\xb9\x88\xef\xbc\x9f\xe2\x80\x9dzh-cnzh-cn-XiaochenNeural0true0General'
2025-05-25 01:49:39.026449 - DEBUG : <-<- 3562
2025-05-25 01:49:39.027469 - DEBUG : ->>> b'16/5\nmicrophoneToTextzh-cn'
2025-05-25 01:49:42.186473 - DEBUG : <-<- 结束。
2025-05-25 01:49:43.311188 - DEBUG : ->>> b'14/1/6/2/3/3/1/5/5\nshowSpeechText0\xe6\xa5\xb7\xe4\xbd\x93201282550falsefalse'
2025-05-25 01:49:43.312198 - DEBUG : <-<- true
2025-05-25 01:49:43.312198 - DEBUG : ->>> b'15/37/132/5/20/1/4/1/7\nmetahumanSpeech../humanModel/humanModel2/voice/2.mp3\xe5\xa5\xbd\xe7\x9a\x84\xef\xbc\x8c\xe5\xa6\x82\xe6\x9e\x9c\xe6\x82\xa8\xe6\x9c\x89\xe4\xbb\xbb\xe4\xbd\x95\xe9\x97\xae\xe9\xa2\x98\xe6\x88\x96\xe9\x9c\x80\xe8\xa6\x81\xe5\xb8\xae\xe5\x8a\xa9\xef\xbc\x8c\xe8\xaf\xb7\xe9\x9a\x8f\xe6\x97\xb6\xe5\x91\x8a\xe8\xaf\x89\xe6\x88\x91\xe3\x80\x82\xe7\xbb\x93\xe6\x9d\x9f\xe5\xaf\xb9\xe8\xaf\x9d\xe5\x89\x8d\xef\xbc\x8c\xe6\x82\xa8\xe8\xbf\x98\xe6\x9c\x89\xe5\x85\xb6\xe4\xbb\x96\xe6\x83\xb3\xe8\xa6\x81\xe8\xae\xa8\xe8\xae\xba\xe7\x9a\x84\xe5\x86\x85\xe5\xae\xb9\xe5\x90\x97\xef\xbc\x9fzh-cnzh-cn-XiaochenNeural0true0General'
2025-05-25 01:52:56.929659 - DEBUG : <-<- Client connection at 127.0.0.1: 58337
2025-05-25 01:58:15.252388 - DEBUG : <-<- Client connection at 127.0.0.1: 58579
2025-05-25 01:58:15.253383 - DEBUG : ->>> b'13/25/3/3/5/5\ninitMetahuman../humanModel/humanModel20.50.5falsefalse'
2025-05-25 01:58:48.956916 - DEBUG : <-<- true
2025-05-25 01:58:48.957913 - DEBUG : ->>> b'17/28/2/2/2/2\nreplaceBackground../NewHuman/background/2.jpg-1-1-150'
2025-05-25 01:58:49.021742 - DEBUG : <-<- true
2025-05-25 01:59:24.140308 - DEBUG : <-<- Client connection at 127.0.0.1: 58610
2025-05-25 01:59:24.140308 - DEBUG : ->>> b'17/84/6\ninitSpeechServiceCmwzTb35WSvnOYEPoY9wC12ExtiNJkI37VJlc9itceLmM6osBYstJQQJ99BAACYeBjFXJ3w3AAAYACOG1fhOeastus'
2025-05-25 01:59:24.149338 - DEBUG : <-<- true
2025-05-25 01:59:24.149338 - DEBUG : ->>> b'13/25/3/3/5/5\ninitMetahuman../humanModel/humanModel20.50.5falsefalse'
2025-05-25 01:59:52.572063 - DEBUG : <-<- true
2025-05-25 01:59:52.573060 - DEBUG : ->>> b'17/28/2/2/2/2\nreplaceBackground../NewHuman/background/2.jpg-1-1-150'
2025-05-25 01:59:52.637886 - DEBUG : <-<- true
2025-05-25 01:59:53.179533 - DEBUG : ->>> b'16/5\nmicrophoneToTextzh-cn'
2025-05-25 01:59:56.295233 - DEBUG : <-<- 你好。
2025-05-25 01:59:58.193298 - DEBUG : ->>> b'14/1/6/2/3/3/1/5/5\nshowSpeechText0\xe6\xa5\xb7\xe4\xbd\x93201282550falsefalse'
2025-05-25 01:59:58.194296 - DEBUG : <-<- true
2025-05-25 01:59:58.195293 - DEBUG : ->>> b'15/37/42/5/20/1/4/1/7\nmetahumanSpeech../humanModel/humanModel2/voice/2.mp3\xe4\xbd\xa0\xe5\xa5\xbd\xef\xbc\x81\xe6\x9c\x89\xe4\xbb\x80\xe4\xb9\x88\xe5\x8f\xaf\xe4\xbb\xa5\xe5\xb8\xae\xe5\x8a\xa9\xe4\xbd\xa0\xe7\x9a\x84\xe5\x90\x97\xef\xbc\x9fzh-cnzh-cn-XiaochenNeural0true0General'
2025-05-25 02:00:04.072684 - DEBUG : <-<- 3412
2025-05-25 02:00:04.073615 - DEBUG : ->>> b'16/5\nmicrophoneToTextzh-cn'
2025-05-25 02:29:48.753224 - DEBUG : <-<- Client connection at 127.0.0.1: 61711
2025-05-25 02:29:48.753224 - DEBUG : ->>> b'17/84/6\ninitSpeechServiceCmwzTb35WSvnOYEPoY9wC12ExtiNJkI37VJlc9itceLmM6osBYstJQQJ99BAACYeBjFXJ3w3AAAYACOG1fhOeastus'
2025-05-25 02:29:48.763344 - DEBUG : <-<- true
2025-05-25 02:29:48.763344 - DEBUG : ->>> b'13/25/3/3/5/5\ninitMetahuman../humanModel/humanModel20.50.5falsefalse'
2025-05-25 02:30:17.498512 - DEBUG : <-<- true
2025-05-25 02:30:17.498512 - DEBUG : ->>> b'17/28/2/2/2/2\nreplaceBackground../NewHuman/background/2.jpg-1-1-150'
2025-05-25 02:30:17.568518 - DEBUG : <-<- true
2025-05-25 02:30:18.472643 - DEBUG : ->>> b'16/5\nmicrophoneToTextzh-cn'
2025-05-25 02:30:21.911710 - DEBUG : <-<- 你好。
2025-05-25 02:30:23.587438 - DEBUG : ->>> b'16/5\nmicrophoneToTextzh-cn'
2025-05-25 02:30:29.316598 - DEBUG : <-<- 你好。
2025-05-25 02:30:30.799923 - DEBUG : ->>> b'16/5\nmicrophoneToTextzh-cn'
2025-05-25 02:30:50.275525 - DEBUG : <-<- Client connection at 127.0.0.1: 61806
2025-05-25 02:30:50.275525 - DEBUG : ->>> b'17/84/6\ninitSpeechServiceCmwzTb35WSvnOYEPoY9wC12ExtiNJkI37VJlc9itceLmM6osBYstJQQJ99BAACYeBjFXJ3w3AAAYACOG1fhOeastus'
2025-05-25 02:30:50.284612 - DEBUG : <-<- true
2025-05-25 02:30:50.284612 - DEBUG : ->>> b'13/25/3/3/5/5\ninitMetahuman../humanModel/humanModel20.50.5falsefalse'
2025-05-25 02:31:20.377885 - DEBUG : <-<- true
2025-05-25 02:31:20.378272 - DEBUG : ->>> b'17/28/2/2/2/2\nreplaceBackground../NewHuman/background/2.jpg-1-1-150'
2025-05-25 02:31:20.444053 - DEBUG : <-<- true
2025-05-25 02:31:21.303057 - DEBUG : ->>> b'16/5\nmicrophoneToTextzh-cn'
2025-05-25 02:31:27.315535 - DEBUG : <-<- null
2025-05-25 02:31:29.026799 - DEBUG : ->>> b'16/5\nmicrophoneToTextzh-cn'
2025-05-25 02:31:32.480507 - DEBUG : <-<- 你好。
2025-05-25 02:31:34.036819 - DEBUG : ->>> b'16/5\nmicrophoneToTextzh-cn'
2025-05-25 02:32:29.871112 - DEBUG : <-<- Client connection at 127.0.0.1: 61918
2025-05-25 02:32:29.871112 - DEBUG : ->>> b'17/84/6\ninitSpeechServiceCmwzTb35WSvnOYEPoY9wC12ExtiNJkI37VJlc9itceLmM6osBYstJQQJ99BAACYeBjFXJ3w3AAAYACOG1fhOeastus'
2025-05-25 02:32:29.879092 - DEBUG : <-<- true
2025-05-25 02:32:29.880089 - DEBUG : ->>> b'13/25/3/3/5/5\ninitMetahuman../humanModel/humanModel20.50.5falsefalse'
2025-05-25 02:32:58.042245 - DEBUG : <-<- true
2025-05-25 02:32:58.043207 - DEBUG : ->>> b'17/28/2/2/2/2\nreplaceBackground../NewHuman/background/2.jpg-1-1-150'
2025-05-25 02:32:58.109077 - DEBUG : <-<- true
2025-05-25 02:32:58.650222 - DEBUG : ->>> b'16/5\nmicrophoneToTextzh-cn'
2025-05-25 02:33:02.789451 - DEBUG : <-<- 你好。
2025-05-25 02:33:04.463884 - DEBUG : ->>> b'16/5\nmicrophoneToTextzh-cn'
2025-05-25 02:33:07.995418 - DEBUG : <-<- 你好。
2025-05-25 02:33:09.478814 - DEBUG : ->>> b'16/5\nmicrophoneToTextzh-cn'
2025-05-25 02:33:15.355780 - DEBUG : <-<- null
2025-05-25 02:33:16.875570 - DEBUG : ->>> b'16/5\nmicrophoneToTextzh-cn'
2025-05-25 02:33:21.831418 - DEBUG : <-<- 我是你爹。
2025-05-25 02:33:23.442804 - DEBUG : ->>> b'16/5\nmicrophoneToTextzh-cn'
2025-05-25 02:33:29.266291 - DEBUG : <-<- null
2025-05-25 02:33:30.704860 - DEBUG : ->>> b'16/5\nmicrophoneToTextzh-cn'
2025-05-25 02:33:36.752139 - DEBUG : <-<- null
2025-05-25 02:33:38.293594 - DEBUG : ->>> b'16/5\nmicrophoneToTextzh-cn'
2025-05-25 02:33:44.131796 - DEBUG : <-<- null
2025-05-25 02:33:45.708065 - DEBUG : ->>> b'16/5\nmicrophoneToTextzh-cn'
2025-05-25 02:34:38.160094 - DEBUG : <-<- Client connection at 127.0.0.1: 62043
2025-05-25 02:34:38.160094 - DEBUG : ->>> b'17/84/6\ninitSpeechServiceCmwzTb35WSvnOYEPoY9wC12ExtiNJkI37VJlc9itceLmM6osBYstJQQJ99BAACYeBjFXJ3w3AAAYACOG1fhOeastus'
2025-05-25 02:34:38.169070 - DEBUG : <-<- true
2025-05-25 02:34:38.170067 - DEBUG : ->>> b'13/25/3/3/5/5\ninitMetahuman../humanModel/humanModel20.50.5falsefalse'
2025-05-25 02:35:09.851437 - DEBUG : <-<- true
2025-05-25 02:35:09.852417 - DEBUG : ->>> b'17/28/2/2/2/2\nreplaceBackground../NewHuman/background/2.jpg-1-1-150'
2025-05-25 02:35:09.927156 - DEBUG : <-<- true
2025-05-25 02:35:10.486253 - DEBUG : ->>> b'16/5\nmicrophoneToTextzh-cn'
2025-05-25 02:35:14.495266 - DEBUG : <-<- 你好。
2025-05-25 02:35:16.163714 - DEBUG : ->>> b'16/5\nmicrophoneToTextzh-cn'
2025-05-25 02:35:22.129680 - DEBUG : <-<- null
2025-05-25 02:35:23.725528 - DEBUG : ->>> b'16/5\nmicrophoneToTextzh-cn'
2025-05-25 02:35:29.736379 - DEBUG : <-<- null
2025-05-25 02:35:31.163708 - DEBUG : ->>> b'16/5\nmicrophoneToTextzh-cn'
2025-05-25 02:35:37.126045 - DEBUG : <-<- null
2025-05-25 02:35:38.585673 - DEBUG : ->>> b'16/5\nmicrophoneToTextzh-cn'
2025-05-25 02:35:44.604508 - DEBUG : <-<- null
2025-05-25 02:35:50.328188 - DEBUG : <-<- Client connection at 127.0.0.1: 62122
2025-05-25 02:35:50.329143 - DEBUG : ->>> b'17/84/6\ninitSpeechServiceCmwzTb35WSvnOYEPoY9wC12ExtiNJkI37VJlc9itceLmM6osBYstJQQJ99BAACYeBjFXJ3w3AAAYACOG1fhOeastus'
2025-05-25 02:35:50.338167 - DEBUG : <-<- true
2025-05-25 02:35:50.338167 - DEBUG : ->>> b'13/25/3/3/5/5\ninitMetahuman../humanModel/humanModel20.50.5falsefalse'
2025-05-25 02:36:17.853576 - DEBUG : <-<- true
2025-05-25 02:36:17.854574 - DEBUG : ->>> b'17/28/2/2/2/2\nreplaceBackground../NewHuman/background/2.jpg-1-1-150'
2025-05-25 02:36:17.925384 - DEBUG : <-<- true
2025-05-25 02:36:18.767768 - DEBUG : ->>> b'16/5\nmicrophoneToTextzh-cn'
2025-05-25 02:36:22.487826 - DEBUG : <-<- 你好。
2025-05-25 02:36:24.246947 - DEBUG : ->>> b'16/5\nmicrophoneToTextzh-cn'
2025-05-25 02:36:30.219254 - DEBUG : <-<- null
2025-05-25 02:36:31.779482 - DEBUG : ->>> b'16/5\nmicrophoneToTextzh-cn'
2025-05-25 02:36:37.830270 - DEBUG : <-<- null
2025-05-25 02:36:39.502711 - DEBUG : ->>> b'16/5\nmicrophoneToTextzh-cn'
2025-05-25 02:36:56.458258 - DEBUG : <-<- null
2025-05-25 02:36:58.006697 - DEBUG : ->>> b'16/5\nmicrophoneToTextzh-cn'
2025-05-25 02:37:03.969969 - DEBUG : <-<- null
2025-05-25 02:37:05.551389 - DEBUG : ->>> b'16/5\nmicrophoneToTextzh-cn'
2025-05-25 02:37:11.500584 - DEBUG : <-<- null
2025-05-25 02:37:12.980028 - DEBUG : ->>> b'16/5\nmicrophoneToTextzh-cn'
2025-05-25 02:37:18.857490 - DEBUG : <-<- null
2025-05-25 02:37:20.261897 - DEBUG : ->>> b'16/5\nmicrophoneToTextzh-cn'
2025-05-25 02:37:26.113807 - DEBUG : <-<- null
2025-05-25 02:37:27.761605 - DEBUG : ->>> b'16/5\nmicrophoneToTextzh-cn'
2025-05-25 02:37:33.629539 - DEBUG : <-<- null
2025-05-25 02:37:35.281044 - DEBUG : ->>> b'16/5\nmicrophoneToTextzh-cn'
2025-05-25 02:37:41.143547 - DEBUG : <-<- null
2025-05-25 02:37:42.649134 - DEBUG : ->>> b'16/5\nmicrophoneToTextzh-cn'
2025-05-25 02:37:48.613052 - DEBUG : <-<- null
2025-05-25 02:37:54.369045 - DEBUG : <-<- Client connection at 127.0.0.1: 62236
2025-05-25 02:37:54.369045 - DEBUG : ->>> b'17/84/6\ninitSpeechServiceCmwzTb35WSvnOYEPoY9wC12ExtiNJkI37VJlc9itceLmM6osBYstJQQJ99BAACYeBjFXJ3w3AAAYACOG1fhOeastus'
2025-05-25 02:37:54.377976 - DEBUG : <-<- true
2025-05-25 02:37:54.378978 - DEBUG : ->>> b'13/25/3/3/5/5\ninitMetahuman../humanModel/humanModel20.50.5falsefalse'
2025-05-25 02:38:22.143182 - DEBUG : <-<- true
2025-05-25 02:38:22.144181 - DEBUG : ->>> b'17/28/2/2/2/2\nreplaceBackground../NewHuman/background/2.jpg-1-1-150'
2025-05-25 02:38:22.209006 - DEBUG : <-<- true
2025-05-25 02:38:23.064890 - DEBUG : ->>> b'16/5\nmicrophoneToTextzh-cn'
2025-05-25 02:38:26.953569 - DEBUG : <-<- 你好。
2025-05-25 02:38:28.769385 - DEBUG : ->>> b'16/5\nmicrophoneToTextzh-cn'
2025-05-25 02:38:33.921660 - DEBUG : <-<- 我是你爹。
2025-05-25 02:38:35.391075 - DEBUG : ->>> b'16/5\nmicrophoneToTextzh-cn'
2025-05-25 02:38:41.418863 - DEBUG : <-<- null
2025-05-25 02:38:42.887550 - DEBUG : ->>> b'16/5\nmicrophoneToTextzh-cn'
2025-05-25 02:38:46.623879 - DEBUG : <-<- 我是你爹。
2025-05-25 02:38:48.206898 - DEBUG : ->>> b'16/5\nmicrophoneToTextzh-cn'
2025-05-25 02:38:54.239774 - DEBUG : <-<- null
2025-05-25 02:38:55.795581 - DEBUG : ->>> b'16/5\nmicrophoneToTextzh-cn'
2025-05-25 02:39:01.729666 - DEBUG : <-<- null
2025-05-25 02:39:03.186843 - DEBUG : ->>> b'16/5\nmicrophoneToTextzh-cn'
2025-05-25 02:39:09.014361 - DEBUG : <-<- null
2025-05-25 02:39:10.564727 - DEBUG : ->>> b'16/5\nmicrophoneToTextzh-cn'
2025-05-25 02:39:16.455150 - DEBUG : <-<- null
2025-05-25 02:39:18.101770 - DEBUG : ->>> b'16/5\nmicrophoneToTextzh-cn'
2025-05-25 02:39:23.817871 - DEBUG : <-<- null
2025-05-25 02:39:25.407787 - DEBUG : ->>> b'16/5\nmicrophoneToTextzh-cn'
2025-05-25 02:39:31.472161 - DEBUG : <-<- null
2025-05-25 02:39:32.918270 - DEBUG : ->>> b'16/5\nmicrophoneToTextzh-cn'
2025-05-25 02:39:38.788790 - DEBUG : <-<- null
2025-05-25 02:39:40.185963 - DEBUG : ->>> b'16/5\nmicrophoneToTextzh-cn'
2025-05-25 02:39:47.578010 - DEBUG : <-<- Client connection at 127.0.0.1: 62387
2025-05-25 02:39:47.579007 - DEBUG : ->>> b'17/84/6\ninitSpeechServiceCmwzTb35WSvnOYEPoY9wC12ExtiNJkI37VJlc9itceLmM6osBYstJQQJ99BAACYeBjFXJ3w3AAAYACOG1fhOeastus'
2025-05-25 02:39:47.588980 - DEBUG : <-<- true
2025-05-25 02:39:47.588980 - DEBUG : ->>> b'13/25/3/3/5/5\ninitMetahuman../humanModel/humanModel20.50.5falsefalse'
2025-05-25 02:40:13.281476 - DEBUG : <-<- true
2025-05-25 02:40:13.281476 - DEBUG : ->>> b'17/28/2/2/2/2\nreplaceBackground../NewHuman/background/2.jpg-1-1-150'
2025-05-25 02:40:13.346304 - DEBUG : <-<- true
2025-05-25 02:40:14.218710 - DEBUG : ->>> b'16/5\nmicrophoneToTextzh-cn'
2025-05-25 02:40:17.352759 - DEBUG : <-<- 你好。
2025-05-25 02:40:19.191183 - DEBUG : ->>> b'16/5\nmicrophoneToTextzh-cn'
2025-05-25 02:40:25.114214 - DEBUG : <-<- null
2025-05-25 02:40:26.566166 - DEBUG : ->>> b'16/5\nmicrophoneToTextzh-cn'
2025-05-25 02:40:32.615173 - DEBUG : <-<- null
2025-05-25 02:40:34.178716 - DEBUG : ->>> b'16/5\nmicrophoneToTextzh-cn'
2025-05-25 02:40:40.270444 - DEBUG : <-<- null
2025-05-25 02:40:41.872039 - DEBUG : ->>> b'16/5\nmicrophoneToTextzh-cn'
2025-05-25 02:40:48.029197 - DEBUG : <-<- null
2025-05-25 02:40:49.595263 - DEBUG : ->>> b'16/5\nmicrophoneToTextzh-cn'
2025-05-25 02:40:55.581615 - DEBUG : <-<- null
2025-05-25 02:40:57.099292 - DEBUG : ->>> b'16/5\nmicrophoneToTextzh-cn'
2025-05-25 02:41:03.011221 - DEBUG : <-<- null
2025-05-25 02:41:04.444127 - DEBUG : ->>> b'16/5\nmicrophoneToTextzh-cn'
2025-05-25 02:41:10.340201 - DEBUG : <-<- null
2025-05-25 02:41:11.700040 - DEBUG : ->>> b'16/5\nmicrophoneToTextzh-cn'
2025-05-25 02:41:17.578873 - DEBUG : <-<- null
2025-05-25 02:41:18.983265 - DEBUG : ->>> b'16/5\nmicrophoneToTextzh-cn'
2025-05-25 02:41:24.941989 - DEBUG : <-<- null
2025-05-25 02:41:26.380068 - DEBUG : ->>> b'16/5\nmicrophoneToTextzh-cn'
2025-05-25 02:41:32.444231 - DEBUG : <-<- null
2025-05-25 02:41:34.196087 - DEBUG : ->>> b'16/5\nmicrophoneToTextzh-cn'
2025-05-25 02:41:40.141667 - DEBUG : <-<- null
2025-05-25 02:41:41.733224 - DEBUG : ->>> b'16/5\nmicrophoneToTextzh-cn'
2025-05-25 02:41:47.798127 - DEBUG : <-<- null
2025-05-25 02:41:49.271730 - DEBUG : ->>> b'16/5\nmicrophoneToTextzh-cn'
2025-05-25 02:41:55.142667 - DEBUG : <-<- null
2025-05-25 02:41:56.580497 - DEBUG : ->>> b'16/5\nmicrophoneToTextzh-cn'
2025-05-25 02:42:02.457479 - DEBUG : <-<- null
2025-05-25 02:42:04.008602 - DEBUG : ->>> b'16/5\nmicrophoneToTextzh-cn'
2025-05-25 02:42:09.835210 - DEBUG : <-<- null
2025-05-25 02:42:11.433967 - DEBUG : ->>> b'16/5\nmicrophoneToTextzh-cn'
2025-05-25 02:42:17.299989 - DEBUG : <-<- null
2025-05-25 02:42:18.790374 - DEBUG : ->>> b'16/5\nmicrophoneToTextzh-cn'
2025-05-25 02:42:24.741410 - DEBUG : <-<- null
2025-05-25 02:42:26.308291 - DEBUG : ->>> b'16/5\nmicrophoneToTextzh-cn'
2025-05-25 02:42:34.238445 - DEBUG : <-<- Client connection at 127.0.0.1: 62601
2025-05-25 02:42:34.238445 - DEBUG : ->>> b'17/84/6\ninitSpeechServiceCmwzTb35WSvnOYEPoY9wC12ExtiNJkI37VJlc9itceLmM6osBYstJQQJ99BAACYeBjFXJ3w3AAAYACOG1fhOeastus'
2025-05-25 02:42:34.246424 - DEBUG : <-<- true
2025-05-25 02:42:34.246424 - DEBUG : ->>> b'13/25/3/3/5/5\ninitMetahuman../humanModel/humanModel20.50.5falsefalse'
2025-05-25 02:42:58.403826 - DEBUG : <-<- true
2025-05-25 02:42:58.403826 - DEBUG : ->>> b'17/28/2/2/2/2\nreplaceBackground../NewHuman/background/2.jpg-1-1-150'
2025-05-25 02:42:58.467699 - DEBUG : <-<- true
2025-05-25 02:42:59.319622 - DEBUG : ->>> b'16/5\nmicrophoneToTextzh-cn'
2025-05-25 02:43:02.246005 - DEBUG : <-<- 你好。
2025-05-25 02:43:04.071530 - DEBUG : ->>> b'16/5\nmicrophoneToTextzh-cn'
2025-05-25 02:43:09.964697 - DEBUG : <-<- null
2025-05-25 02:43:11.345593 - DEBUG : ->>> b'16/5\nmicrophoneToTextzh-cn'
2025-05-25 02:43:17.323953 - DEBUG : <-<- null
2025-05-25 02:43:18.743567 - DEBUG : ->>> b'16/5\nmicrophoneToTextzh-cn'
2025-05-25 02:43:24.620317 - DEBUG : <-<- null
2025-05-25 02:43:26.166961 - DEBUG : ->>> b'16/5\nmicrophoneToTextzh-cn'
2025-05-25 02:43:32.299465 - DEBUG : <-<- null
2025-05-25 02:43:33.724278 - DEBUG : ->>> b'16/5\nmicrophoneToTextzh-cn'
2025-05-25 02:43:39.599919 - DEBUG : <-<- null
2025-05-25 02:43:41.154700 - DEBUG : ->>> b'16/5\nmicrophoneToTextzh-cn'
2025-05-25 02:43:46.974590 - DEBUG : <-<- null
2025-05-25 02:43:48.517369 - DEBUG : ->>> b'16/5\nmicrophoneToTextzh-cn'
2025-05-25 02:43:54.376027 - DEBUG : <-<- null
2025-05-25 02:43:56.024946 - DEBUG : ->>> b'16/5\nmicrophoneToTextzh-cn'
2025-05-25 02:44:02.080285 - DEBUG : <-<- null
2025-05-25 02:44:03.528772 - DEBUG : ->>> b'16/5\nmicrophoneToTextzh-cn'
2025-05-25 02:45:49.565765 - DEBUG : <-<- Client connection at 127.0.0.1: 62780
2025-05-25 02:45:49.566762 - DEBUG : ->>> b'17/84/6\ninitSpeechServiceCmwzTb35WSvnOYEPoY9wC12ExtiNJkI37VJlc9itceLmM6osBYstJQQJ99BAACYeBjFXJ3w3AAAYACOG1fhOeastus'
2025-05-25 02:45:49.575739 - DEBUG : <-<- true
2025-05-25 02:45:49.576736 - DEBUG : ->>> b'13/25/3/3/5/5\ninitMetahuman../humanModel/humanModel20.50.5falsefalse'
2025-05-25 02:46:20.491426 - DEBUG : <-<- true
2025-05-25 02:46:20.492346 - DEBUG : ->>> b'17/28/2/2/2/2\nreplaceBackground../NewHuman/background/2.jpg-1-1-150'
2025-05-25 02:46:20.555178 - DEBUG : <-<- true
2025-05-25 02:46:21.393144 - DEBUG : ->>> b'16/5\nmicrophoneToTextzh-cn'
2025-05-25 02:46:26.514032 - DEBUG : <-<- 你好。
2025-05-25 02:46:28.374762 - DEBUG : ->>> b'16/5\nmicrophoneToTextzh-cn'
2025-05-25 02:46:34.302777 - DEBUG : <-<- null
2025-05-25 02:46:35.738611 - DEBUG : ->>> b'16/5\nmicrophoneToTextzh-cn'
2025-05-25 02:46:41.591015 - DEBUG : <-<- 你好。
2025-05-25 02:46:43.209275 - DEBUG : ->>> b'16/5\nmicrophoneToTextzh-cn'
2025-05-25 02:46:49.101049 - DEBUG : <-<- null
2025-05-25 02:46:50.698335 - DEBUG : ->>> b'16/5\nmicrophoneToTextzh-cn'
2025-05-25 02:46:56.624712 - DEBUG : <-<- null
2025-05-25 02:46:58.062671 - DEBUG : ->>> b'16/5\nmicrophoneToTextzh-cn'
2025-05-25 02:47:04.135575 - DEBUG : <-<- null
2025-05-25 02:47:05.762710 - DEBUG : ->>> b'16/5\nmicrophoneToTextzh-cn'
2025-05-25 02:47:11.624765 - DEBUG : <-<- null
2025-05-25 02:47:13.008944 - DEBUG : ->>> b'16/5\nmicrophoneToTextzh-cn'
2025-05-25 02:47:19.640309 - DEBUG : <-<- Client connection at 127.0.0.1: 62870
2025-05-25 02:47:19.641307 - DEBUG : ->>> b'17/84/6\ninitSpeechServiceCmwzTb35WSvnOYEPoY9wC12ExtiNJkI37VJlc9itceLmM6osBYstJQQJ99BAACYeBjFXJ3w3AAAYACOG1fhOeastus'
2025-05-25 02:47:19.649285 - DEBUG : <-<- true
2025-05-25 02:47:19.650282 - DEBUG : ->>> b'13/25/3/3/5/5\ninitMetahuman../humanModel/humanModel20.50.5falsefalse'
2025-05-25 02:47:48.319057 - DEBUG : <-<- true
2025-05-25 02:47:48.319975 - DEBUG : ->>> b'17/28/2/2/2/2\nreplaceBackground../NewHuman/background/2.jpg-1-1-150'
2025-05-25 02:47:48.384846 - DEBUG : <-<- true
2025-05-25 02:47:49.230550 - DEBUG : ->>> b'16/5\nmicrophoneToTextzh-cn'
2025-05-25 02:47:55.385438 - DEBUG : <-<- null
2025-05-25 02:47:57.155485 - DEBUG : ->>> b'16/5\nmicrophoneToTextzh-cn'
2025-05-25 02:48:01.076097 - DEBUG : <-<- 你好。
2025-05-25 02:48:02.591667 - DEBUG : ->>> b'16/5\nmicrophoneToTextzh-cn'
2025-05-25 02:48:08.456241 - DEBUG : <-<- null
2025-05-25 02:48:09.889467 - DEBUG : ->>> b'16/5\nmicrophoneToTextzh-cn'
2025-05-25 02:48:16.741511 - DEBUG : <-<- 他妈了个逼的你好。
2025-05-25 02:48:18.203496 - DEBUG : ->>> b'16/5\nmicrophoneToTextzh-cn'
2025-05-25 02:48:24.137489 - DEBUG : <-<- null
2025-05-25 02:48:25.566577 - DEBUG : ->>> b'16/5\nmicrophoneToTextzh-cn'
2025-05-25 02:48:31.453836 - DEBUG : <-<- null
2025-05-25 02:48:32.924787 - DEBUG : ->>> b'16/5\nmicrophoneToTextzh-cn'
2025-05-25 02:48:38.858401 - DEBUG : <-<- null
2025-05-25 02:48:45.137778 - DEBUG : <-<- Client connection at 127.0.0.1: 62956
2025-05-25 02:48:45.137778 - DEBUG : ->>> b'17/84/6\ninitSpeechServiceCmwzTb35WSvnOYEPoY9wC12ExtiNJkI37VJlc9itceLmM6osBYstJQQJ99BAACYeBjFXJ3w3AAAYACOG1fhOeastus'
2025-05-25 02:48:45.147775 - DEBUG : <-<- true
2025-05-25 02:48:45.148748 - DEBUG : ->>> b'13/25/3/3/5/5\ninitMetahuman../humanModel/humanModel20.50.5falsefalse'
2025-05-25 02:49:12.753168 - DEBUG : <-<- true
2025-05-25 02:49:12.754165 - DEBUG : ->>> b'17/28/2/2/2/2\nreplaceBackground../NewHuman/background/2.jpg-1-1-150'
2025-05-25 02:49:12.821985 - DEBUG : <-<- true
2025-05-25 02:49:13.688113 - DEBUG : ->>> b'16/5\nmicrophoneToTextzh-cn'
2025-05-25 02:49:19.702101 - DEBUG : <-<- null
2025-05-25 02:49:21.374472 - DEBUG : ->>> b'16/5\nmicrophoneToTextzh-cn'
2025-05-25 02:49:24.556231 - DEBUG : <-<- 你好。
2025-05-25 02:49:25.923550 - DEBUG : ->>> b'16/5\nmicrophoneToTextzh-cn'
2025-05-25 02:49:29.454106 - DEBUG : <-<- 你好。
2025-05-25 02:49:31.029884 - DEBUG : ->>> b'16/5\nmicrophoneToTextzh-cn'
2025-05-25 02:50:52.163244 - DEBUG : <-<- Client connection at 127.0.0.1: 63053
2025-05-25 02:50:52.163244 - DEBUG : ->>> b'17/84/6\ninitSpeechServiceCmwzTb35WSvnOYEPoY9wC12ExtiNJkI37VJlc9itceLmM6osBYstJQQJ99BAACYeBjFXJ3w3AAAYACOG1fhOeastus'
2025-05-25 02:50:52.173166 - DEBUG : <-<- true
2025-05-25 02:50:52.173166 - DEBUG : ->>> b'13/25/3/3/5/5\ninitMetahuman../humanModel/humanModel20.50.5falsefalse'
2025-05-25 02:51:21.614845 - DEBUG : <-<- true
2025-05-25 02:51:21.615843 - DEBUG : ->>> b'17/28/2/2/2/2\nreplaceBackground../NewHuman/background/2.jpg-1-1-150'
2025-05-25 02:51:21.681267 - DEBUG : <-<- true
2025-05-25 02:51:22.271283 - DEBUG : ->>> b'16/5\nmicrophoneToTextzh-cn'
2025-05-25 02:51:25.649356 - DEBUG : <-<- 你好。
2025-05-25 02:52:07.272340 - DEBUG : <-<- Client connection at 127.0.0.1: 63110
2025-05-25 02:52:07.272340 - DEBUG : ->>> b'17/84/6\ninitSpeechServiceCmwzTb35WSvnOYEPoY9wC12ExtiNJkI37VJlc9itceLmM6osBYstJQQJ99BAACYeBjFXJ3w3AAAYACOG1fhOeastus'
2025-05-25 02:52:07.281317 - DEBUG : <-<- true
2025-05-25 02:52:07.281317 - DEBUG : ->>> b'13/25/3/3/5/5\ninitMetahuman../humanModel/humanModel20.50.5falsefalse'
2025-05-25 02:52:22.856698 - DEBUG : <-<- true
2025-05-25 02:52:22.857659 - DEBUG : ->>> b'17/28/2/2/2/2\nreplaceBackground../NewHuman/background/2.jpg-1-1-150'
2025-05-25 02:52:22.920211 - DEBUG : <-<- true
2025-05-25 02:52:23.444343 - DEBUG : ->>> b'16/5\nmicrophoneToTextzh-cn'
2025-05-25 02:52:38.997482 - DEBUG : <-<- Client connection at 127.0.0.1: 63160
2025-05-25 02:52:38.998479 - DEBUG : ->>> b'17/84/6\ninitSpeechServiceCmwzTb35WSvnOYEPoY9wC12ExtiNJkI37VJlc9itceLmM6osBYstJQQJ99BAACYeBjFXJ3w3AAAYACOG1fhOeastus'
2025-05-25 02:52:39.010544 - DEBUG : <-<- true
2025-05-25 02:52:39.010544 - DEBUG : ->>> b'13/25/3/3/5/5\ninitMetahuman../humanModel/humanModel20.50.5falsefalse'
2025-05-25 02:53:11.360920 - DEBUG : <-<- true
2025-05-25 02:53:11.361917 - DEBUG : ->>> b'17/28/2/2/2/2\nreplaceBackground../NewHuman/background/2.jpg-1-1-150'
2025-05-25 02:53:11.426744 - DEBUG : <-<- true
2025-05-25 02:53:12.022632 - DEBUG : ->>> b'16/5\nmicrophoneToTextzh-cn'
2025-05-25 02:53:16.442698 - DEBUG : <-<- 你好。
2025-05-25 02:53:48.552796 - DEBUG : <-<- Client connection at 127.0.0.1: 63250
2025-05-25 02:53:48.552796 - DEBUG : ->>> b'17/84/6\ninitSpeechServiceCmwzTb35WSvnOYEPoY9wC12ExtiNJkI37VJlc9itceLmM6osBYstJQQJ99BAACYeBjFXJ3w3AAAYACOG1fhOeastus'
2025-05-25 02:53:48.561814 - DEBUG : <-<- true
2025-05-25 02:53:48.562794 - DEBUG : ->>> b'13/25/3/3/5/5\ninitMetahuman../humanModel/humanModel20.50.5falsefalse'
2025-05-25 02:54:10.625659 - DEBUG : <-<- true
2025-05-25 02:54:10.625659 - DEBUG : ->>> b'17/28/2/2/2/2\nreplaceBackground../NewHuman/background/2.jpg-1-1-150'
2025-05-25 02:54:10.700617 - DEBUG : <-<- true
2025-05-25 02:54:11.267943 - DEBUG : ->>> b'16/5\nmicrophoneToTextzh-cn'
2025-05-25 02:54:14.083184 - DEBUG : <-<- 你好。
2025-05-25 02:55:32.322508 - DEBUG : <-<- Client connection at 127.0.0.1: 63416
2025-05-25 02:55:32.323505 - DEBUG : ->>> b'17/84/6\ninitSpeechServiceCmwzTb35WSvnOYEPoY9wC12ExtiNJkI37VJlc9itceLmM6osBYstJQQJ99BAACYeBjFXJ3w3AAAYACOG1fhOeastus'
2025-05-25 02:55:32.337468 - DEBUG : <-<- true
2025-05-25 02:55:32.338465 - DEBUG : ->>> b'13/25/3/3/5/5\ninitMetahuman../humanModel/humanModel20.50.5falsefalse'
2025-05-25 02:56:02.982310 - DEBUG : <-<- true
2025-05-25 02:56:02.982310 - DEBUG : ->>> b'17/28/2/2/2/2\nreplaceBackground../NewHuman/background/2.jpg-1-1-150'
2025-05-25 02:56:03.057617 - DEBUG : <-<- true
2025-05-25 02:56:03.617824 - DEBUG : ->>> b'16/5\nmicrophoneToTextzh-cn'
2025-05-25 02:56:06.731804 - DEBUG : <-<- 你好。
2025-05-25 02:56:07.640781 - DEBUG : ->>> b'14/1/6/2/3/3/1/5/5\nshowSpeechText0\xe6\xa5\xb7\xe4\xbd\x93201282550falsefalse'
2025-05-25 02:56:07.641778 - DEBUG : <-<- true
2025-05-25 02:56:07.641778 - DEBUG : ->>> b'15/37/42/5/20/1/4/1/7\nmetahumanSpeech../humanModel/humanModel2/voice/2.mp3\xe4\xbd\xa0\xe5\xa5\xbd\xef\xbc\x81\xe6\x9c\x89\xe4\xbb\x80\xe4\xb9\x88\xe5\x8f\xaf\xe4\xbb\xa5\xe5\xb8\xae\xe5\x8a\xa9\xe4\xbd\xa0\xe7\x9a\x84\xe5\x90\x97\xef\xbc\x9fzh-cnzh-cn-XiaochenNeural0true0General'
2025-05-25 02:56:13.374390 - DEBUG : <-<- 3412
2025-05-25 02:56:13.375383 - DEBUG : ->>> b'16/5\nmicrophoneToTextzh-cn'
2025-05-25 02:56:18.464659 - DEBUG : <-<- Morning dear。
2025-05-25 02:56:19.159238 - DEBUG : ->>> b'14/1/6/2/3/3/1/5/5\nshowSpeechText0\xe6\xa5\xb7\xe4\xbd\x93201282550falsefalse'
2025-05-25 02:56:19.160235 - DEBUG : <-<- true
2025-05-25 02:56:19.160235 - DEBUG : ->>> b'15/37/41/5/20/1/4/1/7\nmetahumanSpeech../humanModel/humanModel2/voice/2.mp3Good morning! How can I assist you today?zh-cnzh-cn-XiaochenNeural0true0General'
2025-05-25 02:56:24.899411 - DEBUG : <-<- 3600
2025-05-25 02:56:24.899411 - DEBUG : ->>> b'16/5\nmicrophoneToTextzh-cn'
2025-05-25 02:56:33.289113 - DEBUG : <-<- Client connection at 127.0.0.1: 63486
2025-05-25 02:56:33.289113 - DEBUG : ->>> b'17/84/6\ninitSpeechServiceCmwzTb35WSvnOYEPoY9wC12ExtiNJkI37VJlc9itceLmM6osBYstJQQJ99BAACYeBjFXJ3w3AAAYACOG1fhOeastus'
2025-05-25 02:56:33.299182 - DEBUG : <-<- true
2025-05-25 02:56:33.299182 - DEBUG : ->>> b'13/25/3/3/5/5\ninitMetahuman../humanModel/humanModel20.50.5falsefalse'
2025-05-25 02:57:01.767024 - DEBUG : <-<- true
2025-05-25 02:57:01.768022 - DEBUG : ->>> b'17/28/2/2/2/2\nreplaceBackground../NewHuman/background/2.jpg-1-1-150'
2025-05-25 02:57:01.835960 - DEBUG : <-<- true
2025-05-25 02:57:02.663782 - DEBUG : ->>> b'16/5\nmicrophoneToTextzh-cn'
2025-05-25 02:57:05.951413 - DEBUG : <-<- 你好。
2025-05-25 02:57:06.841210 - DEBUG : ->>> b'14/1/6/2/3/3/1/5/5\nshowSpeechText0\xe6\xa5\xb7\xe4\xbd\x93201282550falsefalse'
2025-05-25 02:57:06.842207 - DEBUG : <-<- true
2025-05-25 02:57:06.842207 - DEBUG : ->>> b'15/14/42/5/20/1/4/1/7\nmetahumanSpeech../voice/2.mp3\xe4\xbd\xa0\xe5\xa5\xbd\xef\xbc\x81\xe6\x9c\x89\xe4\xbb\x80\xe4\xb9\x88\xe5\x8f\xaf\xe4\xbb\xa5\xe5\xb8\xae\xe5\x8a\xa9\xe4\xbd\xa0\xe7\x9a\x84\xe5\x90\x97\xef\xbc\x9fzh-cnzh-cn-XiaochenNeural0true0General'
2025-05-25 02:57:12.595547 - DEBUG : <-<- 3412
2025-05-25 02:57:12.596544 - DEBUG : ->>> b'16/5\nmicrophoneToTextzh-cn'
2025-05-25 02:57:16.243660 - DEBUG : <-<- 我是你爹。
2025-05-25 02:57:17.399795 - DEBUG : ->>> b'14/1/6/2/3/3/1/5/5\nshowSpeechText0\xe6\xa5\xb7\xe4\xbd\x93201282550falsefalse'
2025-05-25 02:57:17.400793 - DEBUG : <-<- true
2025-05-25 02:57:17.400793 - DEBUG : ->>> b'15/14/189/5/20/1/4/1/7\nmetahumanSpeech../voice/2.mp3\xe6\x82\xa8\xe5\xa5\xbd\xef\xbc\x8c\xe6\x8c\x89\xe7\x85\xa7\xe5\xb8\xb8\xe8\xa7\x84\xe7\x9a\x84\xe7\xa4\xbe\xe4\xba\xa4\xe5\x92\x8c\xe7\xa4\xbc\xe8\xb2\x8c\xe4\xb9\xa0\xe6\x83\xaf\xef\xbc\x8c\xe8\xbf\x99\xe6\xa0\xb7\xe7\x9a\x84\xe8\x87\xaa\xe7\xa7\xb0\xe5\x8f\xaf\xe8\x83\xbd\xe4\xb8\x8d\xe5\xa4\xaa\xe9\x80\x82\xe5\x90\x88\xe6\x88\x91\xe4\xbb\xac\xe7\x9a\x84\xe4\xba\xa4\xe6\xb5\x81\xe3\x80\x82\xe5\xa6\x82\xe6\x9e\x9c\xe6\x82\xa8\xe6\x9c\x89\xe4\xbb\xbb\xe4\xbd\x95\xe9\x97\xae\xe9\xa2\x98\xe6\x88\x96\xe9\x9c\x80\xe8\xa6\x81\xe5\xb8\xae\xe5\x8a\xa9\xef\xbc\x8c\xe8\xaf\xb7\xe9\x9a\x8f\xe6\x97\xb6\xe5\x91\x8a\xe8\xaf\x89\xe6\x88\x91\xef\xbc\x8c\xe6\x88\x91\xe4\xbc\x9a\xe5\xb0\xbd\xe5\x8a\x9b\xe6\x8f\x90\xe4\xbe\x9b\xe5\xb8\xae\xe5\x8a\xa9\xe3\x80\x82zh-cnzh-cn-XiaochenNeural0true0General'
2025-05-25 02:57:32.236992 - DEBUG : <-<- 11862
2025-05-25 02:57:32.237928 - DEBUG : ->>> b'16/5\nmicrophoneToTextzh-cn'
2025-05-25 02:58:24.657099 - DEBUG : <-<- Client connection at 127.0.0.1: 63553
2025-05-25 02:58:24.657099 - DEBUG : ->>> b'17/84/6\ninitSpeechServiceCmwzTb35WSvnOYEPoY9wC12ExtiNJkI37VJlc9itceLmM6osBYstJQQJ99BAACYeBjFXJ3w3AAAYACOG1fhOeastus'
2025-05-25 02:58:24.667216 - DEBUG : <-<- true
2025-05-25 02:58:24.667216 - DEBUG : ->>> b'13/25/3/3/5/5\ninitMetahuman../humanModel/humanModel20.50.5falsefalse'
2025-05-25 02:58:52.247395 - DEBUG : <-<- true
2025-05-25 02:58:52.248379 - DEBUG : ->>> b'17/28/2/2/2/2\nreplaceBackground../NewHuman/background/2.jpg-1-1-150'
2025-05-25 02:58:52.315244 - DEBUG : <-<- true
2025-05-25 02:58:53.126454 - DEBUG : ->>> b'16/5\nmicrophoneToTextzh-cn'
2025-05-25 02:58:59.190051 - DEBUG : <-<- null
2025-05-25 02:58:59.624234 - DEBUG : ->>> b'16/5\nmicrophoneToTextzh-cn'
2025-05-25 02:59:05.510328 - DEBUG : <-<- null
2025-05-25 02:59:05.693791 - DEBUG : ->>> b'16/5\nmicrophoneToTextzh-cn'
2025-05-25 02:59:11.526166 - DEBUG : <-<- null
2025-05-25 02:59:11.703705 - DEBUG : ->>> b'16/5\nmicrophoneToTextzh-cn'
2025-05-25 02:59:15.577986 - DEBUG : <-<- 你好。
2025-05-25 02:59:16.120971 - DEBUG : ->>> b'14/1/6/2/3/3/1/5/5\nshowSpeechText0\xe6\xa5\xb7\xe4\xbd\x93201282550falsefalse'
2025-05-25 02:59:16.122067 - DEBUG : <-<- true
2025-05-25 02:59:16.123065 - DEBUG : ->>> b'15/14/42/5/20/1/4/1/7\nmetahumanSpeech../voice/2.mp3\xe4\xbd\xa0\xe5\xa5\xbd\xef\xbc\x81\xe6\x9c\x89\xe4\xbb\x80\xe4\xb9\x88\xe5\x8f\xaf\xe4\xbb\xa5\xe5\xb8\xae\xe5\x88\xb0\xe4\xbd\xa0\xe7\x9a\x84\xe5\x90\x97\xef\xbc\x9fzh-cnzh-cn-XiaochenNeural0true0General'
2025-05-25 02:59:24.465043 - DEBUG : <-<- 3450
2025-05-25 02:59:24.466040 - DEBUG : ->>> b'16/5\nmicrophoneToTextzh-cn'
2025-05-25 02:59:30.387641 - DEBUG : <-<- null
2025-05-25 02:59:30.568297 - DEBUG : ->>> b'16/5\nmicrophoneToTextzh-cn'
2025-05-25 02:59:36.426471 - DEBUG : <-<- null
2025-05-25 02:59:36.606947 - DEBUG : ->>> b'16/5\nmicrophoneToTextzh-cn'
2025-05-25 02:59:42.474964 - DEBUG : <-<- null
2025-05-25 02:59:42.666851 - DEBUG : ->>> b'16/5\nmicrophoneToTextzh-cn'
2025-05-25 02:59:48.563243 - DEBUG : <-<- null
2025-05-25 02:59:48.746755 - DEBUG : ->>> b'16/5\nmicrophoneToTextzh-cn'
2025-05-25 02:59:54.705890 - DEBUG : <-<- null
2025-05-25 02:59:54.888340 - DEBUG : ->>> b'16/5\nmicrophoneToTextzh-cn'
2025-05-25 03:00:02.015700 - DEBUG : <-<- null
2025-05-25 03:00:02.196271 - DEBUG : ->>> b'16/5\nmicrophoneToTextzh-cn'
2025-05-25 03:00:08.137841 - DEBUG : <-<- null
2025-05-25 03:00:08.323301 - DEBUG : ->>> b'16/5\nmicrophoneToTextzh-cn'
2025-05-25 03:00:14.266832 - DEBUG : <-<- null
2025-05-25 03:00:14.437101 - DEBUG : ->>> b'16/5\nmicrophoneToTextzh-cn'
2025-05-25 03:00:20.505116 - DEBUG : <-<- null
2025-05-25 03:00:20.677354 - DEBUG : ->>> b'16/5\nmicrophoneToTextzh-cn'
2025-05-25 03:00:25.359570 - DEBUG : <-<- 破五万。
2025-05-25 03:00:27.960595 - DEBUG : ->>> b'14/1/6/2/3/3/1/5/5\nshowSpeechText0\xe6\xa5\xb7\xe4\xbd\x93201282550falsefalse'
2025-05-25 03:00:27.961559 - DEBUG : <-<- true
2025-05-25 03:00:27.961559 - DEBUG : ->>> b'15/14/294/5/20/1/4/1/7\nmetahumanSpeech../voice/2.mp3\xe6\x82\xa8\xe8\xaf\xb4\xe7\x9a\x84\xe6\x98\xaf\xe2\x80\x9c\xe7\xa0\xb4\xe4\xba\x94\xe4\xb8\x87\xe2\x80\x9d\xef\xbc\x8c\xe8\xbf\x99\xe9\x80\x9a\xe5\xb8\xb8\xe6\x84\x8f\xe5\x91\xb3\xe7\x9d\x80\xe6\x9f\x90\xe4\xb8\xaa\xe6\x95\xb0\xe5\x80\xbc\xe8\xb6\x85\xe8\xbf\x87\xe4\xba\x86\xe4\xba\x94\xe4\xb8\x87\xe3\x80\x82\xe5\xa6\x82\xe6\x9e\x9c\xe6\x82\xa8\xe6\x98\xaf\xe5\x9c\xa8\xe8\xb0\x88\xe8\xae\xba\xe9\x94\x80\xe5\x94\xae\xe9\xa2\x9d\xe3\x80\x81\xe8\xae\xbf\xe9\x97\xae\xe9\x87\x8f\xe3\x80\x81\xe5\x88\x86\xe6\x95\xb0\xe6\x88\x96\xe8\x80\x85\xe5\x85\xb6\xe4\xbb\x96\xe5\x85\xb7\xe4\xbd\x93\xe7\x9a\x84\xe6\x8c\x87\xe6\xa0\x87\xef\xbc\x8c\xe9\x82\xa3\xe4\xb9\x88\xe6\x81\xad\xe5\x96\x9c\xe6\x82\xa8\xe8\xbe\xbe\xe5\x88\xb0\xe4\xba\x86\xe4\xb8\x80\xe4\xb8\xaa\xe6\x96\xb0\xe7\x9a\x84\xe9\x87\x8c\xe7\xa8\x8b\xe7\xa2\x91\xef\xbc\x81\xe5\xa6\x82\xe6\x9e\x9c\xe6\x82\xa8\xe9\x9c\x80\xe8\xa6\x81\xe6\x9b\xb4\xe5\x85\xb7\xe4\xbd\x93\xe7\x9a\x84\xe5\xb8\xae\xe5\x8a\xa9\xe6\x88\x96\xe4\xbf\xa1\xe6\x81\xaf\xef\xbc\x8c\xe8\xaf\xb7\xe6\x8f\x90\xe4\xbe\x9b\xe4\xb8\x80\xe4\xba\x9b\xe8\x83\x8c\xe6\x99\xaf\xe6\x88\x96\xe8\x80\x85\xe8\xaf\xa6\xe7\xbb\x86\xe6\x83\x85\xe5\x86\xb5\xe3\x80\x82zh-cnzh-cn-XiaochenNeural0true0General'
2025-05-25 03:01:14.374619 - DEBUG : <-<- Client connection at 127.0.0.1: 63713
2025-05-25 03:01:14.375616 - DEBUG : ->>> b'17/84/6\ninitSpeechServiceCmwzTb35WSvnOYEPoY9wC12ExtiNJkI37VJlc9itceLmM6osBYstJQQJ99BAACYeBjFXJ3w3AAAYACOG1fhOeastus'
2025-05-25 03:01:14.383793 - DEBUG : <-<- true
2025-05-25 03:01:14.383793 - DEBUG : ->>> b'13/25/3/3/5/5\ninitMetahuman../humanModel/humanModel20.50.5falsefalse'
2025-05-25 03:01:42.940846 - DEBUG : <-<- true
2025-05-25 03:01:42.941774 - DEBUG : ->>> b'17/28/2/2/2/2\nreplaceBackground../NewHuman/background/2.jpg-1-1-150'
2025-05-25 03:01:43.015587 - DEBUG : <-<- true
2025-05-25 03:01:43.871349 - DEBUG : ->>> b'16/5\nmicrophoneToTextzh-cn'
2025-05-25 03:01:47.965923 - DEBUG : <-<- 你好。
2025-05-25 03:01:48.826722 - DEBUG : ->>> b'14/1/6/2/3/3/1/5/5\nshowSpeechText0\xe6\xa5\xb7\xe4\xbd\x93201282550falsefalse'
2025-05-25 03:01:48.827756 - DEBUG : <-<- true
2025-05-25 03:01:48.827756 - DEBUG : ->>> b'15/14/42/5/20/1/4/1/7\nmetahumanSpeech../voice/2.mp3\xe4\xbd\xa0\xe5\xa5\xbd\xef\xbc\x81\xe6\x9c\x89\xe4\xbb\x80\xe4\xb9\x88\xe5\x8f\xaf\xe4\xbb\xa5\xe5\xb8\xae\xe5\x8a\xa9\xe4\xbd\xa0\xe7\x9a\x84\xe5\x90\x97\xef\xbc\x9fzh-cnzh-cn-XiaochenNeural0true0General'
2025-05-25 03:01:54.791724 - DEBUG : <-<- 3412
2025-05-25 03:01:54.792721 - DEBUG : ->>> b'16/5\nmicrophoneToTextzh-cn'
2025-05-25 03:01:57.755356 - DEBUG : <-<- 你是谁？
2025-05-25 03:01:59.321803 - DEBUG : ->>> b'14/1/6/2/3/3/1/5/5\nshowSpeechText0\xe6\xa5\xb7\xe4\xbd\x93201282550falsefalse'
2025-05-25 03:01:59.322801 - DEBUG : <-<- true
2025-05-25 03:01:59.323797 - DEBUG : ->>> b'15/14/172/5/20/1/4/1/7\nmetahumanSpeech../voice/2.mp3\xe6\x88\x91\xe6\x98\xafQwen\xef\xbc\x8c\xe7\x94\xb1\xe9\x98\xbf\xe9\x87\x8c\xe4\xba\x91\xe5\xbc\x80\xe5\x8f\x91\xe7\x9a\x84\xe5\xa4\xa7\xe5\x9e\x8b\xe8\xaf\xad\xe8\xa8\x80\xe6\xa8\xa1\xe5\x9e\x8b\xe3\x80\x82\xe6\x88\x91\xe8\xa2\xab\xe8\xae\xbe\xe8\xae\xa1\xe7\x94\xa8\xe6\x9d\xa5\xe5\xb8\xae\xe5\x8a\xa9\xe4\xba\xba\xe4\xbb\xac\xe8\xa7\xa3\xe7\xad\x94\xe9\x97\xae\xe9\xa2\x98\xe3\x80\x81\xe6\x8f\x90\xe4\xbe\x9b\xe4\xbf\xa1\xe6\x81\xaf\xe5\x92\x8c\xe8\xbf\x9b\xe8\xa1\x8c\xe5\x90\x84\xe7\xa7\x8d\xe5\xaf\xb9\xe8\xaf\x9d\xe3\x80\x82\xe6\x9c\x89\xe4\xbb\x80\xe4\xb9\x88\xe6\x88\x91\xe5\x8f\xaf\xe4\xbb\xa5\xe5\xb8\xae\xe5\x8a\xa9\xe4\xbd\xa0\xe7\x9a\x84\xe5\x90\x97\xef\xbc\x9fzh-cnzh-cn-XiaochenNeural0true0General'
2025-05-25 03:02:14.238644 - DEBUG : <-<- 12250
2025-05-25 03:02:14.239684 - DEBUG : ->>> b'16/5\nmicrophoneToTextzh-cn'
2025-05-25 03:02:20.125864 - DEBUG : <-<- null
2025-05-25 03:02:20.345112 - DEBUG : ->>> b'16/5\nmicrophoneToTextzh-cn'
2025-05-25 03:02:26.234700 - DEBUG : <-<- null
2025-05-25 03:02:26.372575 - DEBUG : ->>> b'16/5\nmicrophoneToTextzh-cn'
2025-05-25 03:02:32.231176 - DEBUG : <-<- null
2025-05-25 03:02:32.405710 - DEBUG : ->>> b'16/5\nmicrophoneToTextzh-cn'
2025-05-25 03:02:38.379372 - DEBUG : <-<- null
2025-05-25 03:02:38.557863 - DEBUG : ->>> b'16/5\nmicrophoneToTextzh-cn'
2025-05-25 03:02:44.459384 - DEBUG : <-<- null
2025-05-25 03:02:44.639460 - DEBUG : ->>> b'16/5\nmicrophoneToTextzh-cn'
2025-05-25 03:02:50.685965 - DEBUG : <-<- null
2025-05-25 03:02:50.839510 - DEBUG : ->>> b'16/5\nmicrophoneToTextzh-cn'
2025-05-25 03:02:58.155397 - DEBUG : <-<- null
2025-05-25 03:02:58.345227 - DEBUG : ->>> b'16/5\nmicrophoneToTextzh-cn'
2025-05-25 03:03:04.207261 - DEBUG : <-<- null
2025-05-25 03:03:04.373240 - DEBUG : ->>> b'16/5\nmicrophoneToTextzh-cn'
2025-05-25 03:03:10.216013 - DEBUG : <-<- null
2025-05-25 03:03:10.372063 - DEBUG : ->>> b'16/5\nmicrophoneToTextzh-cn'
2025-05-25 03:03:16.234922 - DEBUG : <-<- null
2025-05-25 03:03:16.383645 - DEBUG : ->>> b'16/5\nmicrophoneToTextzh-cn'
2025-05-25 03:03:22.294122 - DEBUG : <-<- null
2025-05-25 03:03:22.475393 - DEBUG : ->>> b'16/5\nmicrophoneToTextzh-cn'
2025-05-25 03:03:28.551848 - DEBUG : <-<- null
2025-05-25 03:03:28.745886 - DEBUG : ->>> b'16/5\nmicrophoneToTextzh-cn'
2025-05-25 03:03:33.995938 - DEBUG : <-<- Client connection at 127.0.0.1: 63823
2025-05-25 03:03:33.995938 - DEBUG : ->>> b'17/84/6\ninitSpeechServiceCmwzTb35WSvnOYEPoY9wC12ExtiNJkI37VJlc9itceLmM6osBYstJQQJ99BAACYeBjFXJ3w3AAAYACOG1fhOeastus'
2025-05-25 03:03:34.004545 - DEBUG : <-<- true
2025-05-25 03:03:34.004545 - DEBUG : ->>> b'13/25/3/3/5/5\ninitMetahuman../humanModel/humanModel20.50.5falsefalse'
2025-05-25 03:04:00.715937 - DEBUG : <-<- true
2025-05-25 03:04:00.716936 - DEBUG : ->>> b'17/28/2/2/2/2\nreplaceBackground../NewHuman/background/2.jpg-1-1-150'
2025-05-25 03:04:00.780764 - DEBUG : <-<- true
2025-05-25 03:04:01.339993 - DEBUG : ->>> b'16/5\nmicrophoneToTextzh-cn'
2025-05-25 03:04:07.343555 - DEBUG : <-<- null
2025-05-25 03:04:07.765972 - DEBUG : ->>> b'16/5\nmicrophoneToTextzh-cn'
2025-05-25 03:04:13.851039 - DEBUG : <-<- null
2025-05-25 03:04:14.010316 - DEBUG : ->>> b'16/5\nmicrophoneToTextzh-cn'
2025-05-25 03:04:19.063280 - DEBUG : <-<- 你好。
2025-05-25 03:04:19.651746 - DEBUG : ->>> b'14/1/6/2/3/3/1/5/5\nshowSpeechText0\xe6\xa5\xb7\xe4\xbd\x93201282550falsefalse'
2025-05-25 03:04:19.652788 - DEBUG : <-<- true
2025-05-25 03:04:19.654006 - DEBUG : ->>> b'15/14/42/5/20/1/4/1/7\nmetahumanSpeech../voice/2.mp3\xe4\xbd\xa0\xe5\xa5\xbd\xef\xbc\x81\xe6\x9c\x89\xe4\xbb\x80\xe4\xb9\x88\xe5\x8f\xaf\xe4\xbb\xa5\xe5\xb8\xae\xe5\x8a\xa9\xe4\xbd\xa0\xe7\x9a\x84\xe5\x90\x97\xef\xbc\x9fzh-cnzh-cn-XiaochenNeural0true0General'
2025-05-25 03:04:25.550589 - DEBUG : <-<- 3412
2025-05-25 03:04:25.552124 - DEBUG : ->>> b'16/5\nmicrophoneToTextzh-cn'
2025-05-25 03:04:28.421488 - DEBUG : <-<- 我是你爹。
2025-05-25 03:04:29.571189 - DEBUG : ->>> b'14/1/6/2/3/3/1/5/5\nshowSpeechText0\xe6\xa5\xb7\xe4\xbd\x93201282550falsefalse'
2025-05-25 03:04:29.572187 - DEBUG : <-<- true
2025-05-25 03:04:29.572187 - DEBUG : ->>> b'15/14/174/5/20/1/4/1/7\nmetahumanSpeech../voice/2.mp3\xe6\x82\xa8\xe5\xa5\xbd\xef\xbc\x8c\xe6\x8c\x89\xe7\x85\xa7\xe5\xb8\xb8\xe8\xa7\x84\xe7\x9a\x84\xe7\xa4\xbe\xe4\xba\xa4\xe5\x92\x8c\xe7\xa4\xbc\xe8\xb2\x8c\xe4\xb9\xa0\xe6\x83\xaf\xef\xbc\x8c\xe8\xbf\x99\xe6\xa0\xb7\xe7\x9a\x84\xe8\xa1\xa8\xe8\xbf\xb0\xe5\x8f\xaf\xe8\x83\xbd\xe4\xb8\x8d\xe5\xa4\xaa\xe6\x81\xb0\xe5\xbd\x93\xe3\x80\x82\xe5\xa6\x82\xe6\x9e\x9c\xe6\x82\xa8\xe6\x9c\x89\xe4\xbb\xbb\xe4\xbd\x95\xe9\x97\xae\xe9\xa2\x98\xe6\x88\x96\xe9\x9c\x80\xe8\xa6\x81\xe5\xb8\xae\xe5\x8a\xa9\xef\xbc\x8c\xe8\xaf\xb7\xe7\x9b\xb4\xe6\x8e\xa5\xe5\x91\x8a\xe8\xaf\x89\xe6\x88\x91\xef\xbc\x8c\xe6\x88\x91\xe4\xbc\x9a\xe5\xb0\xbd\xe5\x8a\x9b\xe6\x8f\x90\xe4\xbe\x9b\xe5\xb8\xae\xe5\x8a\xa9\xe3\x80\x82zh-cnzh-cn-XiaochenNeural0true0General'
2025-05-25 03:04:43.460314 - DEBUG : <-<- 11100
2025-05-25 03:04:43.461350 - DEBUG : ->>> b'16/5\nmicrophoneToTextzh-cn'
2025-05-25 03:04:49.556587 - DEBUG : <-<- 操。
2025-05-25 03:04:50.682473 - DEBUG : ->>> b'14/1/6/2/3/3/1/5/5\nshowSpeechText0\xe6\xa5\xb7\xe4\xbd\x93201282550falsefalse'
2025-05-25 03:04:50.683471 - DEBUG : <-<- true
2025-05-25 03:04:50.684523 - DEBUG : ->>> b'15/14/135/5/20/1/4/1/7\nmetahumanSpeech../voice/2.mp3\xe8\xaf\xb7\xe6\xb3\xa8\xe6\x84\x8f\xef\xbc\x8c\xe6\x82\xa8\xe7\x9a\x84\xe7\x94\xa8\xe8\xaf\x8d\xe4\xb8\x8d\xe5\xa4\xaa\xe7\xa4\xbc\xe8\xb2\x8c\xe3\x80\x82\xe6\x88\x91\xe4\xbb\xac\xe5\x8f\xaf\xe4\xbb\xa5\xe4\xbd\xbf\xe7\x94\xa8\xe6\x9b\xb4\xe5\x8a\xa0\xe7\xa7\xaf\xe6\x9e\x81\xe5\x92\x8c\xe5\xb0\x8a\xe9\x87\x8d\xe7\x9a\x84\xe8\xaf\xad\xe8\xa8\x80\xe6\x9d\xa5\xe4\xba\xa4\xe6\xb5\x81\xe3\x80\x82\xe6\x9c\x89\xe4\xbb\x80\xe4\xb9\x88\xe6\x88\x91\xe5\x8f\xaf\xe4\xbb\xa5\xe5\xb8\xae\xe5\x8a\xa9\xe6\x82\xa8\xe7\x9a\x84\xe5\x90\x97\xef\xbc\x9fzh-cnzh-cn-XiaochenNeural0true0General'
2025-05-25 03:05:02.877596 - DEBUG : <-<- 9537
2025-05-25 03:05:02.878595 - DEBUG : ->>> b'16/5\nmicrophoneToTextzh-cn'
2025-05-25 03:05:07.050889 - DEBUG : <-<- 帮你二大爷。
2025-05-25 03:05:08.602641 - DEBUG : ->>> b'14/1/6/2/3/3/1/5/5\nshowSpeechText0\xe6\xa5\xb7\xe4\xbd\x93201282550falsefalse'
2025-05-25 03:05:08.603638 - DEBUG : <-<- true
2025-05-25 03:05:08.604648 - DEBUG : ->>> b'15/14/222/5/20/1/4/1/7\nmetahumanSpeech../voice/2.mp3\xe7\x9c\x8b\xe8\xb5\xb7\xe6\x9d\xa5\xe6\x82\xa8\xe5\x9c\xa8\xe5\xaf\xbb\xe6\xb1\x82\xe5\xb8\xae\xe5\x8a\xa9\xef\xbc\x8c\xe4\xbd\x86\xe6\x98\xaf\xe6\x8f\x90\xe4\xbe\x9b\xe7\x9a\x84\xe4\xbf\xa1\xe6\x81\xaf\xe4\xb8\x8d\xe5\xa4\x9f\xe8\xaf\xa6\xe7\xbb\x86\xe3\x80\x82\xe5\xa6\x82\xe6\x9e\x9c\xe6\x82\xa8\xe8\x83\xbd\xe6\x8f\x90\xe4\xbe\x9b\xe6\x9b\xb4\xe5\xa4\x9a\xe7\x9a\x84\xe8\x83\x8c\xe6\x99\xaf\xe4\xbf\xa1\xe6\x81\xaf\xe6\x88\x96\xe8\x80\x85\xe5\x85\xb7\xe4\xbd\x93\xe9\x97\xae\xe9\xa2\x98\xef\xbc\x8c\xe6\x88\x91\xe4\xbc\x9a\xe5\xb0\xbd\xe5\x8a\x9b\xe5\xb8\xae\xe6\x82\xa8\xe8\xa7\xa3\xe5\x86\xb3\xe6\x88\x96\xe6\x8f\x90\xe4\xbe\x9b\xe7\x9b\xb8\xe5\xba\x94\xe7\x9a\x84\xe5\xbb\xba\xe8\xae\xae\xe5\x92\x8c\xe4\xbf\xa1\xe6\x81\xaf\xe3\x80\x82\xe8\xaf\xb7\xe5\x91\x8a\xe8\xaf\x89\xe6\x88\x91\xe6\x9b\xb4\xe5\xa4\x9a\xe7\xbb\x86\xe8\x8a\x82\xef\xbc\x8c\xe5\xa5\xbd\xe5\x90\x97\xef\xbc\x9fzh-cnzh-cn-XiaochenNeural0true0General'
2025-05-25 03:07:02.366685 - DEBUG : <-<- Client connection at 127.0.0.1: 63964
2025-05-25 03:07:02.369678 - DEBUG : ->>> b'17/84/6\ninitSpeechServiceCmwzTb35WSvnOYEPoY9wC12ExtiNJkI37VJlc9itceLmM6osBYstJQQJ99BAACYeBjFXJ3w3AAAYACOG1fhOeastus'
2025-05-25 03:07:02.379651 - DEBUG : <-<- true
2025-05-25 03:07:02.380652 - DEBUG : ->>> b'13/25/3/3/5/5\ninitMetahuman../humanModel/humanModel20.50.5falsefalse'
2025-05-25 03:07:30.836919 - DEBUG : <-<- true
2025-05-25 03:07:30.837876 - DEBUG : ->>> b'17/28/2/2/2/2\nreplaceBackground../NewHuman/background/2.jpg-1-1-150'
2025-05-25 03:07:30.913671 - DEBUG : <-<- true
2025-05-25 03:07:31.440265 - DEBUG : ->>> b'16/5\nmicrophoneToTextzh-cn'
2025-05-25 03:07:35.555095 - DEBUG : <-<- 你好。
2025-05-25 03:07:36.445765 - DEBUG : ->>> b'14/1/6/2/3/3/1/5/5\nshowSpeechText0\xe6\xa5\xb7\xe4\xbd\x93201282550falsefalse'
2025-05-25 03:07:36.446717 - DEBUG : <-<- true
2025-05-25 03:07:36.446717 - DEBUG : ->>> b'15/14/42/5/20/1/4/1/7\nmetahumanSpeech../voice/2.mp3\xe4\xbd\xa0\xe5\xa5\xbd\xef\xbc\x81\xe6\x9c\x89\xe4\xbb\x80\xe4\xb9\x88\xe5\x8f\xaf\xe4\xbb\xa5\xe5\xb8\xae\xe5\x8a\xa9\xe4\xbd\xa0\xe7\x9a\x84\xe5\x90\x97\xef\xbc\x9fzh-cnzh-cn-XiaochenNeural0true0General'
2025-05-25 03:07:42.192262 - DEBUG : <-<- 3412
2025-05-25 03:07:42.193210 - DEBUG : ->>> b'16/5\nmicrophoneToTextzh-cn'
2025-05-25 03:07:46.952802 - DEBUG : <-<- 你是谁？
2025-05-25 03:07:48.223490 - DEBUG : ->>> b'14/1/6/2/3/3/1/5/5\nshowSpeechText0\xe6\xa5\xb7\xe4\xbd\x93201282550falsefalse'
2025-05-25 03:07:48.224487 - DEBUG : <-<- true
2025-05-25 03:07:48.225485 - DEBUG : ->>> b'15/14/187/5/20/1/4/1/7\nmetahumanSpeech../voice/2.mp3\xe6\x88\x91\xe6\x98\xafQwen\xef\xbc\x8c\xe7\x94\xb1\xe9\x98\xbf\xe9\x87\x8c\xe4\xba\x91\xe5\xbc\x80\xe5\x8f\x91\xe7\x9a\x84\xe5\xa4\xa7\xe5\x9e\x8b\xe8\xaf\xad\xe8\xa8\x80\xe6\xa8\xa1\xe5\x9e\x8b\xe3\x80\x82\xe6\x88\x91\xe8\xa2\xab\xe8\xae\xbe\xe8\xae\xa1\xe7\x94\xa8\xe6\x9d\xa5\xe5\x8d\x8f\xe5\x8a\xa9\xe4\xba\xba\xe4\xbb\xac\xe8\xbf\x9b\xe8\xa1\x8c\xe5\x90\x84\xe7\xa7\x8d\xe6\x96\x87\xe6\x9c\xac\xe7\x9b\xb8\xe5\x85\xb3\xe7\x9a\x84\xe4\xbb\xbb\xe5\x8a\xa1\xe5\x92\x8c\xe6\x8f\x90\xe4\xbe\x9b\xe4\xbf\xa1\xe6\x81\xaf\xe5\x92\xa8\xe8\xaf\xa2\xe7\xad\x89\xe6\x9c\x8d\xe5\x8a\xa1\xe3\x80\x82\xe6\x9c\x89\xe4\xbb\x80\xe4\xb9\x88\xe6\x88\x91\xe5\x8f\xaf\xe4\xbb\xa5\xe5\xb8\xae\xe5\x8a\xa9\xe4\xbd\xa0\xe7\x9a\x84\xe5\x90\x97\xef\xbc\x9fzh-cnzh-cn-XiaochenNeural0true0General'
2025-05-25 03:08:04.248311 - DEBUG : <-<- 13150
2025-05-25 03:08:04.249334 - DEBUG : ->>> b'16/5\nmicrophoneToTextzh-cn'
2025-05-25 03:08:10.257231 - DEBUG : <-<- null
2025-05-25 03:08:10.436752 - DEBUG : ->>> b'16/5\nmicrophoneToTextzh-cn'
2025-05-25 03:08:16.541504 - DEBUG : <-<- null
2025-05-25 03:08:16.693148 - DEBUG : ->>> b'16/5\nmicrophoneToTextzh-cn'
2025-05-25 03:08:22.552634 - DEBUG : <-<- null
2025-05-25 03:08:22.731199 - DEBUG : ->>> b'16/5\nmicrophoneToTextzh-cn'
2025-05-25 03:08:28.750549 - DEBUG : <-<- null
2025-05-25 03:08:28.940043 - DEBUG : ->>> b'16/5\nmicrophoneToTextzh-cn'
2025-05-25 03:08:57.890805 - DEBUG : <-<- null
2025-05-25 03:08:58.171057 - DEBUG : ->>> b'16/5\nmicrophoneToTextzh-cn'
2025-05-25 03:09:04.237246 - DEBUG : <-<- null
2025-05-25 03:09:04.410046 - DEBUG : ->>> b'16/5\nmicrophoneToTextzh-cn'
2025-05-25 03:09:14.306987 - DEBUG : <-<- null
2025-05-25 03:09:14.488423 - DEBUG : ->>> b'16/5\nmicrophoneToTextzh-cn'
2025-05-25 03:09:20.463831 - DEBUG : <-<- null
2025-05-25 03:09:20.643446 - DEBUG : ->>> b'16/5\nmicrophoneToTextzh-cn'
2025-05-25 03:09:26.538977 - DEBUG : <-<- null
2025-05-25 03:09:26.747532 - DEBUG : ->>> b'16/5\nmicrophoneToTextzh-cn'
2025-05-25 03:09:32.825392 - DEBUG : <-<- null
2025-05-25 03:09:33.027825 - DEBUG : ->>> b'16/5\nmicrophoneToTextzh-cn'
2025-05-25 03:09:39.149494 - DEBUG : <-<- null
2025-05-25 03:09:39.317964 - DEBUG : ->>> b'16/5\nmicrophoneToTextzh-cn'
2025-05-25 03:09:46.060329 - DEBUG : <-<- Client connection at 127.0.0.1: 64092
2025-05-25 03:10:25.448773 - DEBUG : <-<- Client connection at 127.0.0.1: 64127
2025-05-25 03:12:11.923078 - DEBUG : <-<- Client connection at 127.0.0.1: 64224
2025-05-25 03:12:11.925072 - DEBUG : ->>> b'13/17/3/4/5/28\ninitMetahuman../NewHuman/model0.4truefalsertmp://127.0.0.1/live/stream'
2025-05-25 03:12:11.952000 - DEBUG : <-<- false
2025-05-25 03:12:11.952998 - DEBUG : ->>> b'17/84/6\ninitSpeechServiceCmwzTb35WSvnOYEPoY9wC12ExtiNJkI37VJlc9itceLmM6osBYstJQQJ99BAACYeBjFXJ3w3AAAYACOG1fhOeastus'
2025-05-25 03:12:11.961974 - DEBUG : <-<- true
2025-05-25 03:12:11.961974 - DEBUG : ->>> b'13/25/3/3/5/5\ninitMetahuman../humanModel/humanModel20.50.5falsefalse'
2025-05-25 03:12:42.393892 - DEBUG : <-<- true
2025-05-25 03:12:42.394890 - DEBUG : ->>> b'17/28/2/2/2/2\nreplaceBackground../NewHuman/background/2.jpg-1-1-150'
2025-05-25 03:12:42.463708 - DEBUG : <-<- true
2025-05-25 03:12:42.994204 - DEBUG : ->>> b'16/5\nmicrophoneToTextzh-cn'
2025-05-25 03:12:49.222017 - DEBUG : <-<- null
2025-05-25 03:12:49.725671 - DEBUG : ->>> b'16/5\nmicrophoneToTextzh-cn'
2025-05-25 03:12:55.597970 - DEBUG : <-<- null
2025-05-25 03:12:55.752559 - DEBUG : ->>> b'16/5\nmicrophoneToTextzh-cn'
2025-05-25 03:13:01.649669 - DEBUG : <-<- null
2025-05-25 03:13:01.814230 - DEBUG : ->>> b'16/5\nmicrophoneToTextzh-cn'
2025-05-25 03:13:07.674087 - DEBUG : <-<- null
2025-05-25 03:13:07.820696 - DEBUG : ->>> b'16/5\nmicrophoneToTextzh-cn'
2025-05-25 03:13:13.677681 - DEBUG : <-<- null
2025-05-25 03:13:13.820325 - DEBUG : ->>> b'16/5\nmicrophoneToTextzh-cn'
2025-05-25 03:14:11.213116 - DEBUG : <-<- Client connection at 127.0.0.1: 64293
2025-05-25 03:14:11.215111 - DEBUG : ->>> b'13/17/3/4/5/28\ninitMetahuman../NewHuman/model0.4truefalsertmp://127.0.0.1/live/stream'
2025-05-25 03:14:11.223047 - DEBUG : <-<- false
2025-05-25 03:14:11.224045 - DEBUG : ->>> b'17/84/6\ninitSpeechServiceCmwzTb35WSvnOYEPoY9wC12ExtiNJkI37VJlc9itceLmM6osBYstJQQJ99BAACYeBjFXJ3w3AAAYACOG1fhOeastus'
2025-05-25 03:14:11.233021 - DEBUG : <-<- true
2025-05-25 03:14:11.233021 - DEBUG : ->>> b'13/25/3/3/5/5\ninitMetahuman../humanModel/humanModel20.50.5falsefalse'
2025-05-25 03:14:39.261311 - DEBUG : <-<- true
2025-05-25 03:14:39.262308 - DEBUG : ->>> b'17/28/2/2/2/2\nreplaceBackground../NewHuman/background/2.jpg-1-1-150'
2025-05-25 03:14:39.337107 - DEBUG : <-<- true
2025-05-25 03:14:39.929524 - DEBUG : ->>> b'16/5\nmicrophoneToTextzh-cn'
2025-05-25 03:14:46.174130 - DEBUG : <-<- null
2025-05-25 03:14:46.647950 - DEBUG : ->>> b'16/5\nmicrophoneToTextzh-cn'
2025-05-25 03:14:52.779546 - DEBUG : <-<- null
2025-05-25 03:14:52.974980 - DEBUG : ->>> b'16/5\nmicrophoneToTextzh-cn'
2025-05-25 03:14:58.839889 - DEBUG : <-<- null
2025-05-25 03:14:58.990442 - DEBUG : ->>> b'16/5\nmicrophoneToTextzh-cn'
2025-05-25 03:15:14.782233 - DEBUG : <-<- null
2025-05-25 03:15:14.937817 - DEBUG : ->>> b'16/5\nmicrophoneToTextzh-cn'
2025-05-25 03:15:21.030531 - DEBUG : <-<- null
2025-05-25 03:15:21.244960 - DEBUG : ->>> b'16/5\nmicrophoneToTextzh-cn'
2025-05-25 03:18:58.441794 - DEBUG : <-<- Client connection at 127.0.0.1: 64487
2025-05-25 03:18:58.443789 - DEBUG : ->>> b'13/17/3/4/5/28\ninitMetahuman../NewHuman/model0.4truefalsertmp://127.0.0.1/live/stream'
2025-05-25 03:18:58.451768 - DEBUG : <-<- false
2025-05-25 03:18:58.451768 - DEBUG : ->>> b'17/84/6\ninitSpeechServiceCmwzTb35WSvnOYEPoY9wC12ExtiNJkI37VJlc9itceLmM6osBYstJQQJ99BAACYeBjFXJ3w3AAAYACOG1fhOeastus'
2025-05-25 03:18:58.460743 - DEBUG : <-<- true
2025-05-25 03:18:58.461741 - DEBUG : ->>> b'13/25/3/3/5/5\ninitMetahuman../humanModel/humanModel20.50.5falsefalse'
2025-05-25 03:19:31.922502 - DEBUG : <-<- Client connection at 127.0.0.1: 64566
2025-05-25 03:19:48.816022 - DEBUG : <-<- Client connection at 127.0.0.1: 64598
2025-05-25 03:19:48.819014 - DEBUG : ->>> b'17/84/6\ninitSpeechServiceCmwzTb35WSvnOYEPoY9wC12ExtiNJkI37VJlc9itceLmM6osBYstJQQJ99BAACYeBjFXJ3w3AAAYACOG1fhOeastus'
2025-05-25 03:19:48.828988 - DEBUG : <-<- true
2025-05-25 03:19:48.829985 - DEBUG : ->>> b'13/25/3/3/5/5\ninitMetahuman../humanModel/humanModel20.50.5falsefalse'
2025-05-25 03:20:18.745039 - DEBUG : <-<- true
2025-05-25 03:20:18.746036 - DEBUG : ->>> b'17/28/2/2/2/2\nreplaceBackground../NewHuman/background/2.jpg-1-1-150'
2025-05-25 03:20:18.826820 - DEBUG : <-<- true
2025-05-25 03:20:19.435194 - DEBUG : ->>> b'16/5\nmicrophoneToTextzh-cn'
2025-05-25 03:20:23.336230 - DEBUG : <-<- 你好呀。
2025-05-25 03:20:24.450315 - DEBUG : ->>> b'14/1/6/2/3/3/1/5/5\nshowSpeechText0\xe6\xa5\xb7\xe4\xbd\x93201282550falsefalse'
2025-05-25 03:20:24.451268 - DEBUG : <-<- true
2025-05-25 03:20:24.451268 - DEBUG : ->>> b'15/14/42/5/20/1/4/1/7\nmetahumanSpeech../voice/2.mp3\xe4\xbd\xa0\xe5\xa5\xbd\xef\xbc\x81\xe6\x9c\x89\xe4\xbb\x80\xe4\xb9\x88\xe5\x8f\xaf\xe4\xbb\xa5\xe5\xb8\xae\xe5\x88\xb0\xe4\xbd\xa0\xe7\x9a\x84\xe5\x90\x97\xef\xbc\x9fzh-cnzh-cn-XiaochenNeural0true0General'
2025-05-25 03:20:30.227907 - DEBUG : <-<- 3450
2025-05-25 03:20:30.228904 - DEBUG : ->>> b'16/5\nmicrophoneToTextzh-cn'
2025-05-25 03:20:36.147084 - DEBUG : <-<- null
2025-05-25 03:20:36.321617 - DEBUG : ->>> b'16/5\nmicrophoneToTextzh-cn'
2025-05-25 03:20:42.296663 - DEBUG : <-<- null
2025-05-25 03:20:42.431304 - DEBUG : ->>> b'16/5\nmicrophoneToTextzh-cn'
2025-05-25 03:20:48.529031 - DEBUG : <-<- null
2025-05-25 03:20:48.671649 - DEBUG : ->>> b'16/5\nmicrophoneToTextzh-cn'
2025-05-25 03:20:54.744446 - DEBUG : <-<- null
2025-05-25 03:20:54.911998 - DEBUG : ->>> b'16/5\nmicrophoneToTextzh-cn'
2025-05-25 03:21:00.798392 - DEBUG : <-<- null
2025-05-25 03:21:00.940014 - DEBUG : ->>> b'16/5\nmicrophoneToTextzh-cn'
2025-05-25 03:21:28.259905 - DEBUG : <-<- Client connection at 127.0.0.1: 64786
2025-05-25 03:21:28.262202 - DEBUG : ->>> b'17/84/6\ninitSpeechServiceCmwzTb35WSvnOYEPoY9wC12ExtiNJkI37VJlc9itceLmM6osBYstJQQJ99BAACYeBjFXJ3w3AAAYACOG1fhOeastus'
2025-05-25 03:21:28.272024 - DEBUG : <-<- true
2025-05-25 03:21:28.273024 - DEBUG : ->>> b'13/25/3/3/5/5\ninitMetahuman../humanModel/humanModel20.50.5falsefalse'
2025-05-25 03:21:57.991422 - DEBUG : <-<- true
2025-05-25 03:21:57.992421 - DEBUG : ->>> b'17/28/2/2/2/2\nreplaceBackground../NewHuman/background/2.jpg-1-1-150'
2025-05-25 03:21:58.068217 - DEBUG : <-<- true
2025-05-25 03:21:58.695437 - DEBUG : ->>> b'16/5\nmicrophoneToTextzh-cn'
2025-05-25 03:22:05.001637 - DEBUG : <-<- null
2025-05-25 18:37:36.984699 - DEBUG : <-<- Client connection at 127.0.0.1: 56836
2025-05-25 18:37:37.014185 - DEBUG : ->>> b'17/84/6\ninitSpeechServiceCmwzTb35WSvnOYEPoY9wC12ExtiNJkI37VJlc9itceLmM6osBYstJQQJ99BAACYeBjFXJ3w3AAAYACOG1fhOeastus'
2025-05-25 18:37:39.541120 - DEBUG : <-<- true
2025-05-25 18:37:39.542169 - DEBUG : ->>> b'13/25/3/3/5/5\ninitMetahuman../humanModel/humanModel20.50.5falsefalse'
2025-05-25 18:38:23.061408 - DEBUG : <-<- true
2025-05-25 18:38:23.062310 - DEBUG : ->>> b'17/28/2/2/2/2\nreplaceBackground../NewHuman/background/2.jpg-1-1-150'
2025-05-25 18:38:24.109173 - DEBUG : <-<- true
2025-05-25 18:39:07.401221 - DEBUG : ->>> b'16/5\nmicrophoneToTextzh-cn'
2025-05-25 18:39:14.316680 - DEBUG : <-<- null
2025-05-25 18:39:22.879054 - DEBUG : ->>> b'16/5\nmicrophoneToTextzh-cn'
2025-05-25 18:39:28.785918 - DEBUG : <-<- null
2025-05-25 18:39:30.365429 - DEBUG : ->>> b'16/5\nmicrophoneToTextzh-cn'
2025-05-25 18:39:36.396988 - DEBUG : <-<- null
2025-05-25 18:39:37.829847 - DEBUG : ->>> b'16/5\nmicrophoneToTextzh-cn'
2025-05-25 18:39:43.839887 - DEBUG : <-<- null
2025-05-25 18:39:45.336098 - DEBUG : ->>> b'16/5\nmicrophoneToTextzh-cn'
2025-05-25 18:39:51.357558 - DEBUG : <-<- null
2025-05-25 18:39:52.819591 - DEBUG : ->>> b'16/5\nmicrophoneToTextzh-cn'
2025-05-25 18:39:58.906152 - DEBUG : <-<- null
2025-05-25 18:40:00.545064 - DEBUG : ->>> b'16/5\nmicrophoneToTextzh-cn'
2025-05-25 18:40:04.637930 - DEBUG : <-<- 你的名字是什么？
2025-05-25 18:40:05.981690 - DEBUG : ->>> b'16/5\nmicrophoneToTextzh-cn'
2025-05-25 18:40:11.866010 - DEBUG : <-<- null
2025-05-25 18:40:13.315710 - DEBUG : ->>> b'16/5\nmicrophoneToTextzh-cn'
2025-05-25 18:40:19.312198 - DEBUG : <-<- null
2025-05-25 18:40:20.836486 - DEBUG : ->>> b'16/5\nmicrophoneToTextzh-cn'
2025-05-25 18:41:00.979711 - DEBUG : <-<- Client connection at 127.0.0.1: 57307
2025-05-25 18:41:00.982234 - DEBUG : ->>> b'17/84/6\ninitSpeechServiceCmwzTb35WSvnOYEPoY9wC12ExtiNJkI37VJlc9itceLmM6osBYstJQQJ99BAACYeBjFXJ3w3AAAYACOG1fhOeastus'
2025-05-25 18:41:00.991077 - DEBUG : <-<- true
2025-05-25 18:41:00.992075 - DEBUG : ->>> b'13/25/3/3/5/5\ninitMetahuman../humanModel/humanModel20.50.5falsefalse'
2025-05-25 18:41:26.183919 - DEBUG : <-<- true
2025-05-25 18:41:26.183919 - DEBUG : ->>> b'17/28/2/2/2/2\nreplaceBackground../NewHuman/background/2.jpg-1-1-150'
2025-05-25 18:41:26.250738 - DEBUG : <-<- true
2025-05-25 18:41:26.777548 - DEBUG : ->>> b'16/5\nmicrophoneToTextzh-cn'
2025-05-25 18:41:32.848110 - DEBUG : <-<- null
2025-05-25 18:41:34.626160 - DEBUG : ->>> b'16/5\nmicrophoneToTextzh-cn'
2025-05-25 18:41:38.808937 - DEBUG : <-<- 今天是几月几号？
2025-05-25 18:41:40.206855 - DEBUG : ->>> b'16/5\nmicrophoneToTextzh-cn'
2025-05-25 18:41:46.144133 - DEBUG : <-<- null
2025-05-25 18:41:47.646534 - DEBUG : ->>> b'16/5\nmicrophoneToTextzh-cn'
2025-05-25 18:41:52.544764 - DEBUG : <-<- 你好。
2025-05-25 18:41:53.965073 - DEBUG : ->>> b'16/5\nmicrophoneToTextzh-cn'
2025-05-25 18:41:59.986475 - DEBUG : <-<- null
2025-05-25 18:42:01.586142 - DEBUG : ->>> b'16/5\nmicrophoneToTextzh-cn'
2025-05-25 18:42:07.470608 - DEBUG : <-<- null
2025-05-25 18:42:08.957363 - DEBUG : ->>> b'16/5\nmicrophoneToTextzh-cn'
2025-05-25 18:42:14.866168 - DEBUG : <-<- null
2025-05-25 18:42:16.387317 - DEBUG : ->>> b'16/5\nmicrophoneToTextzh-cn'
2025-05-25 18:42:37.429986 - DEBUG : <-<- Client connection at 127.0.0.1: 57400
2025-05-25 18:42:37.431893 - DEBUG : ->>> b'17/84/6\ninitSpeechServiceCmwzTb35WSvnOYEPoY9wC12ExtiNJkI37VJlc9itceLmM6osBYstJQQJ99BAACYeBjFXJ3w3AAAYACOG1fhOeastus'
2025-05-25 18:42:37.441835 - DEBUG : <-<- true
2025-05-25 18:42:37.441835 - DEBUG : ->>> b'13/25/3/3/5/5\ninitMetahuman../humanModel/humanModel20.50.5falsefalse'
2025-05-25 18:43:59.398390 - DEBUG : <-<- Client connection at 127.0.0.1: 57477
2025-05-25 18:43:59.398390 - DEBUG : ->>> b'17/84/6\ninitSpeechServiceCmwzTb35WSvnOYEPoY9wC12ExtiNJkI37VJlc9itceLmM6osBYstJQQJ99BAACYeBjFXJ3w3AAAYACOG1fhOeastus'
2025-05-25 18:43:59.408159 - DEBUG : <-<- true
2025-05-25 18:43:59.408159 - DEBUG : ->>> b'13/25/3/3/5/5\ninitMetahuman../humanModel/humanModel20.50.5falsefalse'
2025-05-25 18:44:17.261092 - DEBUG : <-<- true
2025-05-25 18:44:17.261850 - DEBUG : ->>> b'17/28/2/2/2/2\nreplaceBackground../NewHuman/background/2.jpg-1-1-150'
2025-05-25 18:44:17.326917 - DEBUG : <-<- true
2025-05-25 18:44:18.193778 - DEBUG : ->>> b'16/5\nmicrophoneToTextzh-cn'
2025-05-25 18:44:21.534474 - DEBUG : <-<- 你好。
2025-05-25 18:44:23.343851 - DEBUG : ->>> b'16/5\nmicrophoneToTextzh-cn'
2025-05-25 18:44:29.414450 - DEBUG : <-<- null
2025-05-25 18:44:31.011063 - DEBUG : ->>> b'16/5\nmicrophoneToTextzh-cn'
2025-05-25 18:45:12.826069 - DEBUG : <-<- Client connection at 127.0.0.1: 57535
2025-05-25 18:45:12.827066 - DEBUG : ->>> b'17/84/6\ninitSpeechServiceCmwzTb35WSvnOYEPoY9wC12ExtiNJkI37VJlc9itceLmM6osBYstJQQJ99BAACYeBjFXJ3w3AAAYACOG1fhOeastus'
2025-05-25 18:45:12.839041 - DEBUG : <-<- true
2025-05-25 18:45:12.840441 - DEBUG : ->>> b'13/25/3/3/5/5\ninitMetahuman../humanModel/humanModel20.50.5falsefalse'
2025-05-25 18:45:40.368401 - DEBUG : <-<- true
2025-05-25 18:45:40.368401 - DEBUG : ->>> b'17/28/2/2/2/2\nreplaceBackground../NewHuman/background/2.jpg-1-1-150'
2025-05-25 18:45:40.433825 - DEBUG : <-<- true
2025-05-25 18:45:41.248043 - DEBUG : ->>> b'16/5\nmicrophoneToTextzh-cn'
2025-05-25 18:45:44.177505 - DEBUG : <-<- 你好。
2025-05-25 18:45:45.997961 - DEBUG : ->>> b'16/5\nmicrophoneToTextzh-cn'
2025-05-25 18:45:52.187742 - DEBUG : <-<- null
2025-05-25 18:45:53.604521 - DEBUG : ->>> b'16/5\nmicrophoneToTextzh-cn'
2025-05-25 18:45:59.669770 - DEBUG : <-<- null
2025-05-25 18:46:01.150029 - DEBUG : ->>> b'16/5\nmicrophoneToTextzh-cn'
2025-05-25 18:46:07.189108 - DEBUG : <-<- 你好。
2025-05-25 18:46:08.632509 - DEBUG : ->>> b'16/5\nmicrophoneToTextzh-cn'
2025-05-25 18:48:22.980835 - DEBUG : <-<- Client connection at 127.0.0.1: 58191
2025-05-25 18:48:22.981832 - DEBUG : ->>> b'17/84/6\ninitSpeechServiceCmwzTb35WSvnOYEPoY9wC12ExtiNJkI37VJlc9itceLmM6osBYstJQQJ99BAACYeBjFXJ3w3AAAYACOG1fhOeastus'
2025-05-25 18:48:22.991440 - DEBUG : <-<- true
2025-05-25 18:48:22.992430 - DEBUG : ->>> b'13/25/3/3/5/5\ninitMetahuman../humanModel/humanModel20.50.5falsefalse'
2025-05-25 18:48:53.034074 - DEBUG : <-<- true
2025-05-25 18:48:53.034074 - DEBUG : ->>> b'17/28/2/2/2/2\nreplaceBackground../NewHuman/background/2.jpg-1-1-150'
2025-05-25 18:48:53.102852 - DEBUG : <-<- true
2025-05-25 18:48:53.972670 - DEBUG : ->>> b'16/5\nmicrophoneToTextzh-cn'
2025-05-25 18:48:57.304230 - DEBUG : <-<- 你好。
2025-05-25 18:48:59.056018 - DEBUG : ->>> b'16/5\nmicrophoneToTextzh-cn'
2025-05-25 18:49:04.813263 - DEBUG : <-<- null
2025-05-25 18:49:06.389684 - DEBUG : ->>> b'16/5\nmicrophoneToTextzh-cn'
2025-05-25 18:49:12.290561 - DEBUG : <-<- null
2025-05-25 18:49:13.668772 - DEBUG : ->>> b'16/5\nmicrophoneToTextzh-cn'
2025-05-25 18:49:19.662307 - DEBUG : <-<- null
2025-05-25 18:49:21.210804 - DEBUG : ->>> b'16/5\nmicrophoneToTextzh-cn'
2025-05-25 18:49:27.180590 - DEBUG : <-<- null
2025-05-25 18:49:28.782814 - DEBUG : ->>> b'16/5\nmicrophoneToTextzh-cn'
2025-05-25 18:49:34.706275 - DEBUG : <-<- null
2025-05-25 18:49:36.250097 - DEBUG : ->>> b'16/5\nmicrophoneToTextzh-cn'
2025-05-25 18:49:39.760959 - DEBUG : <-<- 你好。
2025-05-25 18:49:41.378218 - DEBUG : ->>> b'16/5\nmicrophoneToTextzh-cn'
2025-05-25 18:51:12.048806 - DEBUG : <-<- Client connection at 127.0.0.1: 58347
2025-05-25 18:51:12.048806 - DEBUG : ->>> b'17/84/6\ninitSpeechServiceCmwzTb35WSvnOYEPoY9wC12ExtiNJkI37VJlc9itceLmM6osBYstJQQJ99BAACYeBjFXJ3w3AAAYACOG1fhOeastus'
2025-05-25 18:51:12.057747 - DEBUG : <-<- true
2025-05-25 18:51:12.057747 - DEBUG : ->>> b'13/25/3/3/5/5\ninitMetahuman../humanModel/humanModel20.50.5falsefalse'
2025-05-25 18:51:38.231634 - DEBUG : <-<- true
2025-05-25 18:51:38.232091 - DEBUG : ->>> b'17/28/2/2/2/2\nreplaceBackground../NewHuman/background/2.jpg-1-1-150'
2025-05-25 18:51:38.297951 - DEBUG : <-<- true
2025-05-25 18:51:38.851304 - DEBUG : ->>> b'16/5\nmicrophoneToTextzh-cn'
2025-05-25 18:51:42.899385 - DEBUG : <-<- 你好。
2025-05-25 18:56:53.885068 - DEBUG : <-<- Client connection at 127.0.0.1: 52395
2025-05-25 18:56:54.076237 - DEBUG : ->>> b'17/84/6\ninitSpeechServiceCmwzTb35WSvnOYEPoY9wC12ExtiNJkI37VJlc9itceLmM6osBYstJQQJ99BAACYeBjFXJ3w3AAAYACOG1fhOeastus'
2025-05-25 18:56:57.399167 - DEBUG : <-<- true
2025-05-25 18:56:57.400169 - DEBUG : ->>> b'13/25/3/3/5/5\ninitMetahuman../humanModel/humanModel20.50.5falsefalse'
2025-05-25 18:57:36.745084 - DEBUG : <-<- true
2025-05-25 18:57:36.745084 - DEBUG : ->>> b'17/28/2/2/2/2\nreplaceBackground../NewHuman/background/2.jpg-1-1-150'
2025-05-25 18:57:37.957901 - DEBUG : <-<- true
2025-05-25 18:58:15.721253 - DEBUG : ->>> b'16/5\nmicrophoneToTextzh-cn'
2025-05-25 18:58:23.189235 - DEBUG : <-<- null
2025-05-25 19:04:50.117063 - DEBUG : <-<- Client connection at 127.0.0.1: 53070
2025-05-25 19:04:50.118104 - DEBUG : ->>> b'17/84/6\ninitSpeechServiceCmwzTb35WSvnOYEPoY9wC12ExtiNJkI37VJlc9itceLmM6osBYstJQQJ99BAACYeBjFXJ3w3AAAYACOG1fhOeastus'
2025-05-25 19:04:50.127109 - DEBUG : <-<- true
2025-05-25 19:04:50.127109 - DEBUG : ->>> b'13/25/3/3/5/5\ninitMetahuman../humanModel/humanModel20.50.5falsefalse'
2025-05-25 19:05:06.293200 - DEBUG : <-<- true
2025-05-25 19:05:06.294202 - DEBUG : ->>> b'17/28/2/2/2/2\nreplaceBackground../NewHuman/background/2.jpg-1-1-150'
2025-05-25 19:05:06.359447 - DEBUG : <-<- true
2025-05-25 19:05:06.360444 - DEBUG : ->>> b'16/5\nmicrophoneToTextzh-cn'
2025-05-25 19:05:09.642514 - DEBUG : <-<- 你好。
2025-05-25 19:10:17.940526 - DEBUG : <-<- Client connection at 127.0.0.1: 53432
2025-05-25 19:10:17.940526 - DEBUG : ->>> b'17/84/6\ninitSpeechServiceCmwzTb35WSvnOYEPoY9wC12ExtiNJkI37VJlc9itceLmM6osBYstJQQJ99BAACYeBjFXJ3w3AAAYACOG1fhOeastus'
2025-05-25 19:10:17.949461 - DEBUG : <-<- true
2025-05-25 19:10:17.950497 - DEBUG : ->>> b'13/25/3/3/5/5\ninitMetahuman../humanModel/humanModel20.50.5falsefalse'
2025-05-25 19:10:36.675847 - DEBUG : <-<- true
2025-05-25 19:10:36.676795 - DEBUG : ->>> b'17/28/2/2/2/2\nreplaceBackground../NewHuman/background/2.jpg-1-1-150'
2025-05-25 19:10:36.751221 - DEBUG : <-<- true
2025-05-25 19:10:36.752090 - DEBUG : ->>> b'16/5\nmicrophoneToTextzh-cn'
2025-05-25 19:10:43.028770 - DEBUG : <-<- null
2025-05-25 19:15:48.997409 - DEBUG : <-<- Client connection at 127.0.0.1: 55228
2025-05-25 19:15:48.997831 - DEBUG : ->>> b'17/84/6\ninitSpeechServiceCmwzTb35WSvnOYEPoY9wC12ExtiNJkI37VJlc9itceLmM6osBYstJQQJ99BAACYeBjFXJ3w3AAAYACOG1fhOeastus'
2025-05-25 19:15:49.006423 - DEBUG : <-<- true
2025-05-25 19:15:49.007420 - DEBUG : ->>> b'13/25/3/3/5/5\ninitMetahuman../humanModel/humanModel20.50.5falsefalse'
2025-05-25 19:16:06.584037 - DEBUG : <-<- true
2025-05-25 19:16:06.585073 - DEBUG : ->>> b'17/28/2/2/2/2\nreplaceBackground../NewHuman/background/2.jpg-1-1-150'
2025-05-25 19:16:06.647869 - DEBUG : <-<- true
2025-05-25 19:16:06.648868 - DEBUG : ->>> b'16/5\nmicrophoneToTextzh-cn'
2025-05-25 19:16:12.749269 - DEBUG : <-<- null
2025-05-25 19:17:49.122646 - DEBUG : <-<- Client connection at 127.0.0.1: 55303
2025-05-25 19:17:49.122646 - DEBUG : ->>> b'17/84/6\ninitSpeechServiceCmwzTb35WSvnOYEPoY9wC12ExtiNJkI37VJlc9itceLmM6osBYstJQQJ99BAACYeBjFXJ3w3AAAYACOG1fhOeastus'
2025-05-25 19:17:49.132713 - DEBUG : <-<- true
2025-05-25 19:17:49.133711 - DEBUG : ->>> b'13/25/3/3/5/5\ninitMetahuman../humanModel/humanModel20.50.5falsefalse'
2025-05-25 19:18:04.610402 - DEBUG : <-<- true
2025-05-25 19:18:04.610967 - DEBUG : ->>> b'17/28/2/2/2/2\nreplaceBackground../NewHuman/background/2.jpg-1-1-150'
2025-05-25 19:18:04.673597 - DEBUG : <-<- true
2025-05-25 19:18:04.674010 - DEBUG : ->>> b'16/5\nmicrophoneToTextzh-cn'
2025-05-25 19:18:09.611446 - DEBUG : <-<- 你好。
2025-05-25 19:30:25.209599 - DEBUG : <-<- Client connection at 127.0.0.1: 50137
2025-05-25 19:30:25.254315 - DEBUG : ->>> b'17/84/6\ninitSpeechServiceCmwzTb35WSvnOYEPoY9wC12ExtiNJkI37VJlc9itceLmM6osBYstJQQJ99BAACYeBjFXJ3w3AAAYACOG1fhOeastus'
2025-05-25 19:30:26.811821 - DEBUG : <-<- true
2025-05-25 19:30:26.811821 - DEBUG : ->>> b'13/25/3/3/5/5\ninitMetahuman../humanModel/humanModel20.50.5falsefalse'
2025-05-25 19:31:07.184297 - DEBUG : <-<- true
2025-05-25 19:31:07.185298 - DEBUG : ->>> b'17/28/2/2/2/2\nreplaceBackground../NewHuman/background/2.jpg-1-1-150'
2025-05-25 19:31:08.617585 - DEBUG : <-<- true
2025-05-25 19:32:41.844920 - DEBUG : ->>> b'16/5\nmicrophoneToTextzh-cn'
2025-05-25 19:32:48.827151 - DEBUG : <-<- null
2025-05-25 19:33:00.175163 - DEBUG : ->>> b'16/5\nmicrophoneToTextzh-cn'
2025-05-25 19:33:06.409019 - DEBUG : <-<- null
2025-05-25 19:33:07.874973 - DEBUG : ->>> b'16/5\nmicrophoneToTextzh-cn'
2025-05-25 19:33:11.472376 - DEBUG : <-<- 今天的天气怎么样？
2025-05-25 19:33:12.974701 - DEBUG : ->>> b'16/5\nmicrophoneToTextzh-cn'
2025-05-25 19:33:31.260631 - DEBUG : <-<- Client connection at 127.0.0.1: 50346
2025-05-25 19:33:31.261625 - DEBUG : ->>> b'17/84/6\ninitSpeechServiceCmwzTb35WSvnOYEPoY9wC12ExtiNJkI37VJlc9itceLmM6osBYstJQQJ99BAACYeBjFXJ3w3AAAYACOG1fhOeastus'
2025-05-25 19:33:31.272607 - DEBUG : <-<- true
2025-05-25 19:33:31.272607 - DEBUG : ->>> b'13/25/3/3/5/5\ninitMetahuman../humanModel/humanModel20.50.5falsefalse'
2025-05-25 19:33:58.031418 - DEBUG : <-<- true
2025-05-25 19:33:58.031923 - DEBUG : ->>> b'17/28/2/2/2/2\nreplaceBackground../NewHuman/background/2.jpg-1-1-150'
2025-05-25 19:33:58.096358 - DEBUG : <-<- true
2025-05-25 19:33:58.735956 - DEBUG : ->>> b'16/5\nmicrophoneToTextzh-cn'
2025-05-25 19:34:04.752206 - DEBUG : <-<- null
2025-05-25 19:36:54.057514 - DEBUG : <-<- Client connection at 127.0.0.1: 54949
2025-05-25 19:36:54.057514 - DEBUG : ->>> b'17/84/6\ninitSpeechServiceCmwzTb35WSvnOYEPoY9wC12ExtiNJkI37VJlc9itceLmM6osBYstJQQJ99BAACYeBjFXJ3w3AAAYACOG1fhOeastus'
2025-05-25 19:36:54.067487 - DEBUG : <-<- true
2025-05-25 19:36:54.068444 - DEBUG : ->>> b'13/25/3/3/5/5\ninitMetahuman../humanModel/humanModel20.50.5falsefalse'
2025-05-25 19:37:15.502207 - DEBUG : <-<- true
2025-05-25 19:37:15.502207 - DEBUG : ->>> b'17/28/2/2/2/2\nreplaceBackground../NewHuman/background/2.jpg-1-1-150'
2025-05-25 19:37:15.565110 - DEBUG : <-<- true
2025-05-25 19:37:16.119552 - DEBUG : ->>> b'16/5\nmicrophoneToTextzh-cn'
2025-05-25 19:37:22.230899 - DEBUG : <-<- null
2025-05-25 19:50:06.708245 - DEBUG : <-<- Client connection at 127.0.0.1: 58366
2025-05-25 19:50:06.708245 - DEBUG : ->>> b'17/84/6\ninitSpeechServiceCmwzTb35WSvnOYEPoY9wC12ExtiNJkI37VJlc9itceLmM6osBYstJQQJ99BAACYeBjFXJ3w3AAAYACOG1fhOeastus'
2025-05-25 19:50:06.720228 - DEBUG : <-<- true
2025-05-25 19:50:06.720228 - DEBUG : ->>> b'13/25/3/3/5/5\ninitMetahuman../humanModel/humanModel20.50.5falsefalse'
2025-05-25 19:50:38.423884 - DEBUG : <-<- true
2025-05-25 19:50:38.424881 - DEBUG : ->>> b'17/28/2/2/2/2\nreplaceBackground../NewHuman/background/2.jpg-1-1-150'
2025-05-25 19:50:38.492742 - DEBUG : <-<- true
2025-05-25 19:50:41.707916 - DEBUG : ->>> b'16/5\nmicrophoneToTextzh-cn'
2025-05-25 19:50:45.177044 - DEBUG : <-<- 你好。
2025-05-25 19:50:46.960232 - DEBUG : ->>> b'16/5\nmicrophoneToTextzh-cn'
2025-05-25 19:50:52.979254 - DEBUG : <-<- null
2025-05-25 19:50:54.475139 - DEBUG : ->>> b'16/5\nmicrophoneToTextzh-cn'
2025-05-25 19:51:00.710121 - DEBUG : <-<- null
2025-05-25 19:51:02.132998 - DEBUG : ->>> b'16/5\nmicrophoneToTextzh-cn'
2025-05-25 19:51:08.049519 - DEBUG : <-<- null
2025-05-25 19:51:09.693841 - DEBUG : ->>> b'16/5\nmicrophoneToTextzh-cn'
2025-05-25 19:51:15.814199 - DEBUG : <-<- null
2025-05-25 19:51:17.433898 - DEBUG : ->>> b'16/5\nmicrophoneToTextzh-cn'
2025-05-25 19:51:24.324298 - DEBUG : <-<- null
2025-05-25 19:51:25.860296 - DEBUG : ->>> b'16/5\nmicrophoneToTextzh-cn'
2025-05-25 19:51:31.858826 - DEBUG : <-<- null
2025-05-25 19:51:33.565274 - DEBUG : ->>> b'16/5\nmicrophoneToTextzh-cn'
2025-05-25 19:51:39.478496 - DEBUG : <-<- null
2025-05-25 19:51:41.133557 - DEBUG : ->>> b'16/5\nmicrophoneToTextzh-cn'
2025-05-25 19:51:47.139472 - DEBUG : <-<- null
2025-05-25 19:51:48.710805 - DEBUG : ->>> b'16/5\nmicrophoneToTextzh-cn'
2025-05-25 19:51:54.848828 - DEBUG : <-<- null
2025-05-25 19:51:56.232960 - DEBUG : ->>> b'16/5\nmicrophoneToTextzh-cn'
2025-05-25 19:52:02.260500 - DEBUG : <-<- null
2025-05-25 19:52:03.745324 - DEBUG : ->>> b'16/5\nmicrophoneToTextzh-cn'
2025-05-25 19:52:09.660657 - DEBUG : <-<- null
2025-05-25 19:52:11.038558 - DEBUG : ->>> b'16/5\nmicrophoneToTextzh-cn'
2025-05-25 19:52:17.011169 - DEBUG : <-<- null
2025-05-25 19:52:18.605965 - DEBUG : ->>> b'16/5\nmicrophoneToTextzh-cn'
2025-05-25 19:52:24.486157 - DEBUG : <-<- null
2025-05-25 19:52:25.883190 - DEBUG : ->>> b'16/5\nmicrophoneToTextzh-cn'
2025-05-25 19:52:33.281145 - DEBUG : <-<- null
2025-05-25 19:52:34.758175 - DEBUG : ->>> b'16/5\nmicrophoneToTextzh-cn'
2025-05-25 19:52:40.973795 - DEBUG : <-<- null
2025-05-25 19:52:42.447331 - DEBUG : ->>> b'16/5\nmicrophoneToTextzh-cn'
2025-05-25 19:52:48.373075 - DEBUG : <-<- null
2025-05-25 19:52:49.891892 - DEBUG : ->>> b'16/5\nmicrophoneToTextzh-cn'
2025-05-25 19:52:57.004812 - DEBUG : <-<- null
2025-05-25 19:52:58.385374 - DEBUG : ->>> b'16/5\nmicrophoneToTextzh-cn'
2025-05-25 19:53:04.420653 - DEBUG : <-<- null
2025-05-25 19:53:05.998312 - DEBUG : ->>> b'16/5\nmicrophoneToTextzh-cn'
2025-05-25 19:53:12.799652 - DEBUG : <-<- null
2025-05-25 19:53:14.460772 - DEBUG : ->>> b'16/5\nmicrophoneToTextzh-cn'
2025-05-25 19:53:20.456286 - DEBUG : <-<- null
2025-05-25 19:53:22.007432 - DEBUG : ->>> b'16/5\nmicrophoneToTextzh-cn'
2025-05-25 19:53:28.256477 - DEBUG : <-<- null
2025-05-25 19:53:29.845835 - DEBUG : ->>> b'16/5\nmicrophoneToTextzh-cn'
2025-05-25 19:53:35.870995 - DEBUG : <-<- null
2025-05-25 19:53:37.321677 - DEBUG : ->>> b'16/5\nmicrophoneToTextzh-cn'
2025-05-25 19:53:43.410817 - DEBUG : <-<- null
2025-05-25 19:53:44.829149 - DEBUG : ->>> b'16/5\nmicrophoneToTextzh-cn'
2025-05-25 19:53:50.874365 - DEBUG : <-<- null
2025-05-25 19:53:52.505691 - DEBUG : ->>> b'16/5\nmicrophoneToTextzh-cn'
2025-05-25 19:53:58.461726 - DEBUG : <-<- null
2025-05-25 19:53:59.978112 - DEBUG : ->>> b'16/5\nmicrophoneToTextzh-cn'
2025-05-25 19:54:05.962195 - DEBUG : <-<- null
2025-05-25 19:54:07.521746 - DEBUG : ->>> b'16/5\nmicrophoneToTextzh-cn'
2025-05-25 19:54:13.915123 - DEBUG : <-<- null
2025-05-25 19:54:15.493973 - DEBUG : ->>> b'16/5\nmicrophoneToTextzh-cn'
2025-05-25 19:54:21.614413 - DEBUG : <-<- null
2025-05-25 19:54:23.457495 - DEBUG : ->>> b'16/5\nmicrophoneToTextzh-cn'
2025-05-25 20:04:03.504985 - DEBUG : <-<- Client connection at 127.0.0.1: 50617
2025-05-25 20:04:03.505302 - DEBUG : ->>> b'17/84/6\ninitSpeechServiceCmwzTb35WSvnOYEPoY9wC12ExtiNJkI37VJlc9itceLmM6osBYstJQQJ99BAACYeBjFXJ3w3AAAYACOG1fhOeastus'
2025-05-25 20:04:03.515954 - DEBUG : <-<- true
2025-05-25 20:04:03.515954 - DEBUG : ->>> b'13/25/3/3/5/5\ninitMetahuman../humanModel/humanModel20.50.5falsefalse'
2025-05-25 20:04:32.905380 - DEBUG : <-<- true
2025-05-25 20:04:32.906832 - DEBUG : ->>> b'17/28/2/2/2/2\nreplaceBackground../NewHuman/background/2.jpg-1-1-150'
2025-05-25 20:04:32.974290 - DEBUG : <-<- true
2025-05-25 20:04:38.825087 - DEBUG : ->>> b'16/5\nmicrophoneToTextzh-cn'
2025-05-25 20:04:43.508121 - DEBUG : <-<- 你好。
2025-05-25 20:04:44.517025 - DEBUG : ->>> b'14/1/6/2/3/3/1/5/5\nshowSpeechText0\xe6\xa5\xb7\xe4\xbd\x93201282550falsefalse'
2025-05-25 20:04:44.518022 - DEBUG : <-<- true
2025-05-25 20:04:44.519219 - DEBUG : ->>> b'15/14/42/5/20/1/4/1/7\nmetahumanSpeech../voice/2.mp3\xe4\xbd\xa0\xe5\xa5\xbd\xef\xbc\x81\xe6\x9c\x89\xe4\xbb\x80\xe4\xb9\x88\xe5\x8f\xaf\xe4\xbb\xa5\xe5\xb8\xae\xe5\x88\xb0\xe4\xbd\xa0\xe7\x9a\x84\xe5\x90\x97\xef\xbc\x9fzh-cnzh-cn-XiaochenNeural0true0General'
2025-05-25 20:04:50.736608 - DEBUG : <-<- 3450
2025-05-25 20:04:50.737604 - DEBUG : ->>> b'16/5\nmicrophoneToTextzh-cn'
2025-05-25 20:04:56.661815 - DEBUG : <-<- null
2025-05-25 20:04:56.965154 - DEBUG : ->>> b'16/5\nmicrophoneToTextzh-cn'
2025-05-25 20:05:02.977748 - DEBUG : <-<- null
2025-05-25 20:05:03.155419 - DEBUG : ->>> b'16/5\nmicrophoneToTextzh-cn'
2025-05-25 20:05:28.879575 - DEBUG : <-<- 你好。
2025-05-25 20:05:30.674132 - DEBUG : ->>> b'14/1/6/2/3/3/1/5/5\nshowSpeechText0\xe6\xa5\xb7\xe4\xbd\x93201282550falsefalse'
2025-05-25 20:05:30.675130 - DEBUG : <-<- true
2025-05-25 20:05:30.675130 - DEBUG : ->>> b'15/14/42/5/20/1/4/1/7\nmetahumanSpeech../voice/2.mp3\xe4\xbd\xa0\xe5\xa5\xbd\xef\xbc\x81\xe6\x9c\x89\xe4\xbb\x80\xe4\xb9\x88\xe5\x8f\xaf\xe4\xbb\xa5\xe5\xb8\xae\xe5\x8a\xa9\xe4\xbd\xa0\xe7\x9a\x84\xe5\x90\x97\xef\xbc\x9fzh-cnzh-cn-XiaochenNeural0true0General'
2025-05-25 20:05:37.563516 - DEBUG : <-<- 3412
2025-05-25 20:05:37.564518 - DEBUG : ->>> b'16/5\nmicrophoneToTextzh-cn'
2025-05-25 20:05:41.781381 - DEBUG : <-<- 今天是几月几号？
2025-05-25 20:05:43.897017 - DEBUG : ->>> b'14/1/6/2/3/3/1/5/5\nshowSpeechText0\xe6\xa5\xb7\xe4\xbd\x93201282550falsefalse'
2025-05-25 20:05:43.898018 - DEBUG : <-<- true
2025-05-25 20:05:43.898018 - DEBUG : ->>> b'15/14/280/5/20/1/4/1/7\nmetahumanSpeech../voice/2.mp3\xe4\xbb\x8a\xe5\xa4\xa9\xe6\x98\xaf2023\xe5\xb9\xb44\xe6\x9c\x8818\xe6\x97\xa5\xe3\x80\x82\xe4\xbd\x86\xe6\x98\xaf\xe8\xaf\xb7\xe6\xb3\xa8\xe6\x84\x8f\xef\xbc\x8c\xe8\xbf\x99\xe4\xb8\xaa\xe6\x97\xa5\xe6\x9c\x9f\xe4\xbc\x9a\xe9\x9a\x8f\xe7\x9d\x80\xe5\xae\x9e\xe9\x99\x85\xe6\x97\xa5\xe6\x9c\x9f\xe7\x9a\x84\xe5\x8f\x98\xe5\x8c\x96\xe8\x80\x8c\xe5\x8f\x98\xe5\x8c\x96\xef\xbc\x8c\xe5\xa6\x82\xe6\x9e\x9c\xe4\xbd\xa0\xe6\x98\xaf\xe5\x9c\xa8\xe5\x85\xb6\xe4\xbb\x96\xe6\x97\xb6\xe9\x97\xb4\xe7\x9c\x8b\xe5\x88\xb0\xe8\xbf\x99\xe6\x9d\xa1\xe4\xbf\xa1\xe6\x81\xaf\xef\xbc\x8c\xe9\x82\xa3\xe4\xb9\x88\xe4\xbb\x8a\xe5\xa4\xa9\xe7\x9a\x84\xe5\x85\xb7\xe4\xbd\x93\xe6\x97\xa5\xe6\x9c\x9f\xe5\xb0\x86\xe4\xbc\x9a\xe4\xb8\x8d\xe5\x90\x8c\xe3\x80\x82\xe4\xbd\xa0\xe5\x8f\xaf\xe4\xbb\xa5\xe6\x9f\xa5\xe7\x9c\x8b\xe8\xae\xbe\xe5\xa4\x87\xe4\xb8\x8a\xe7\x9a\x84\xe6\x97\xa5\xe5\x8e\x86\xe6\x88\x96\xe4\xbd\xbf\xe7\x94\xa8\xe7\x9b\xb8\xe5\x85\xb3\xe5\x91\xbd\xe4\xbb\xa4\xe6\x9d\xa5\xe8\x8e\xb7\xe5\x8f\x96\xe6\x9c\x80\xe5\x87\x86\xe7\xa1\xae\xe7\x9a\x84\xe5\xbd\x93\xe5\x89\x8d\xe6\x97\xa5\xe6\x9c\x9f\xe3\x80\x82zh-cnzh-cn-XiaochenNeural0true0General'
2025-05-25 20:06:05.745619 - DEBUG : <-<- 18625
2025-05-25 20:06:05.746643 - DEBUG : ->>> b'16/5\nmicrophoneToTextzh-cn'
2025-05-25 20:06:10.056022 - DEBUG : <-<- 请预测一下明天的天气。
2025-05-25 20:06:12.158540 - DEBUG : ->>> b'14/1/6/2/3/3/1/5/5\nshowSpeechText0\xe6\xa5\xb7\xe4\xbd\x93201282550falsefalse'
2025-05-25 20:06:12.159583 - DEBUG : <-<- true
2025-05-25 20:06:12.159583 - DEBUG : ->>> b'15/14/344/5/20/1/4/1/7\nmetahumanSpeech../voice/2.mp3\xe6\x88\x91\xe5\xbe\x88\xe6\x8a\xb1\xe6\xad\x89\xef\xbc\x8c\xe4\xbd\x9c\xe4\xb8\xba\xe4\xb8\x80\xe4\xb8\xaa\xe5\x9f\xba\xe4\xba\x8e\xe6\x96\x87\xe6\x9c\xac\xe7\x9a\x84AI\xe6\xa8\xa1\xe5\x9e\x8b\xef\xbc\x8c\xe6\x88\x91\xe6\x97\xa0\xe6\xb3\x95\xe5\xae\x9e\xe6\x97\xb6\xe8\x8e\xb7\xe5\x8f\x96\xe6\x88\x96\xe9\xa2\x84\xe6\xb5\x8b\xe5\xa4\xa9\xe6\xb0\x94\xe4\xbf\xa1\xe6\x81\xaf\xe3\x80\x82\xe6\x82\xa8\xe5\x8f\xaf\xe4\xbb\xa5\xe9\x80\x9a\xe8\xbf\x87\xe6\x9f\xa5\xe7\x9c\x8b\xe5\xbd\x93\xe5\x9c\xb0\xe7\x9a\x84\xe6\xb0\x94\xe8\xb1\xa1\xe9\xa2\x84\xe6\x8a\xa5\xe6\x88\x96\xe8\x80\x85\xe4\xbd\xbf\xe7\x94\xa8\xe7\x9b\xb8\xe5\x85\xb3\xe7\x9a\x84\xe5\xa4\xa9\xe6\xb0\x94\xe5\xba\x94\xe7\x94\xa8\xe6\x9f\xa5\xe7\x9c\x8b\xe6\x98\x8e\xe5\xa4\xa9\xe7\x9a\x84\xe5\xa4\xa9\xe6\xb0\x94\xe6\x83\x85\xe5\x86\xb5\xe3\x80\x82\xe5\xa6\x82\xe6\x9e\x9c\xe6\x82\xa8\xe5\x91\x8a\xe8\xaf\x89\xe6\x88\x91\xe6\x82\xa8\xe6\x89\x80\xe5\x9c\xa8\xe7\x9a\x84\xe5\x9f\x8e\xe5\xb8\x82\xe6\x88\x96\xe5\x9c\xb0\xe5\x8c\xba\xef\xbc\x8c\xe6\x88\x91\xe5\x8f\xaf\xe4\xbb\xa5\xe6\x8f\x90\xe4\xbe\x9b\xe4\xb8\x80\xe4\xba\x9b\xe4\xb8\x80\xe8\x88\xac\xe6\x80\xa7\xe7\x9a\x84\xe6\xb0\x94\xe5\x80\x99\xe7\x89\xb9\xe5\xbe\x81\xe6\x88\x96\xe8\x80\x85\xe5\xbb\xba\xe8\xae\xae\xe5\xa6\x82\xe4\xbd\x95\xe8\x8e\xb7\xe5\x8f\x96\xe6\x9c\x80\xe6\x96\xb0\xe7\x9a\x84\xe5\xa4\xa9\xe6\xb0\x94\xe4\xbf\xa1\xe6\x81\xaf\xe3\x80\x82zh-cnzh-cn-XiaochenNeural0true0General'
2025-05-25 20:06:43.917660 - DEBUG : <-<- 21437
2025-05-25 20:06:43.917660 - DEBUG : ->>> b'16/5\nmicrophoneToTextzh-cn'
2025-05-25 20:06:50.003807 - DEBUG : <-<- null
2025-05-25 20:06:50.239295 - DEBUG : ->>> b'16/5\nmicrophoneToTextzh-cn'
2025-05-25 20:07:16.600235 - DEBUG : <-<- null
2025-05-25 20:07:16.877893 - DEBUG : ->>> b'16/5\nmicrophoneToTextzh-cn'
2025-05-25 20:07:29.631299 - DEBUG : <-<- 今天是2023年4月18日，但是请注意，这个日期会随着实际日期的变化变化。如果你是在其他时间里看到这条新闻。
2025-05-25 20:07:32.640284 - DEBUG : ->>> b'14/1/6/2/3/3/1/5/5\nshowSpeechText0\xe6\xa5\xb7\xe4\xbd\x93201282550falsefalse'
2025-05-25 20:07:32.642023 - DEBUG : <-<- true
2025-05-25 20:07:32.642277 - DEBUG : ->>> b'15/14/569/5/20/1/4/1/7\nmetahumanSpeech../voice/2.mp3\xe6\x82\xa8\xe6\x8f\x90\xe5\x88\xb0\xe7\x9a\x84\xe6\x97\xa5\xe6\x9c\x9f\xe7\xa1\xae\xe5\xae\x9e\xe4\xbc\x9a\xe6\xa0\xb9\xe6\x8d\xae\xe5\xae\x9e\xe9\x99\x85\xe6\x83\x85\xe5\x86\xb5\xe5\x8f\x91\xe7\x94\x9f\xe5\x8f\x98\xe5\x8c\x96\xe3\x80\x82\xe5\xa6\x82\xe6\x9e\x9c\xe6\x82\xa8\xe6\x98\xaf\xe5\x9c\xa8\xe8\xaf\xa2\xe9\x97\xae\xe5\xa6\x82\xe4\xbd\x95\xe5\xa4\x84\xe7\x90\x86\xe6\x88\x96\xe7\x90\x86\xe8\xa7\xa3\xe8\xbf\x99\xe4\xb8\x80\xe6\x83\x85\xe5\x86\xb5\xef\xbc\x8c\xe9\x80\x9a\xe5\xb8\xb8\xe8\xbf\x99\xe6\x84\x8f\xe5\x91\xb3\xe7\x9d\x80\xe4\xbf\xa1\xe6\x81\xaf\xe4\xb8\xad\xe7\x9a\x84\xe6\x97\xa5\xe6\x9c\x9f\xe6\x98\xaf\xe4\xb8\x80\xe4\xb8\xaa\xe5\x8f\x98\xe9\x87\x8f\xef\xbc\x8c\xe4\xbc\x9a\xe6\xa0\xb9\xe6\x8d\xae\xe5\xae\x9e\xe9\x99\x85\xe6\x9f\xa5\xe7\x9c\x8b\xe7\x9a\x84\xe6\x97\xb6\xe9\x97\xb4\xe8\x80\x8c\xe6\x9c\x89\xe6\x89\x80\xe4\xb8\x8d\xe5\x90\x8c\xe3\x80\x82\xe4\xbe\x8b\xe5\xa6\x82\xef\xbc\x8c\xe5\x9c\xa8\xe6\x92\xb0\xe5\x86\x99\xe6\x96\x87\xe6\xa1\xa3\xe3\x80\x81\xe7\xbc\x96\xe7\xa8\x8b\xe6\x88\x96\xe8\x80\x85\xe5\x88\xb6\xe4\xbd\x9c\xe5\xba\x94\xe7\x94\xa8\xe7\xa8\x8b\xe5\xba\x8f\xe6\x97\xb6\xef\xbc\x8c\xe6\x88\x91\xe4\xbb\xac\xe7\xbb\x8f\xe5\xb8\xb8\xe9\x9c\x80\xe8\xa6\x81\xe4\xbd\xbf\xe7\x94\xa8\xe5\x8a\xa8\xe6\x80\x81\xe6\x97\xa5\xe6\x9c\x9f\xe6\x9d\xa5\xe7\xa1\xae\xe4\xbf\x9d\xe5\x86\x85\xe5\xae\xb9\xe7\x9a\x84\xe6\x97\xb6\xe6\x95\x88\xe6\x80\xa7\xe5\x92\x8c\xe5\x87\x86\xe7\xa1\xae\xe6\x80\xa7\xe3\x80\x82\n\n\xe5\xa6\x82\xe6\x9e\x9c\xe6\x9c\x89\xe5\x85\xb3\xe4\xba\x8e\xe7\x89\xb9\xe5\xae\x9a\xe6\x83\x85\xe5\xa2\x83\xe4\xb8\x8b\xe5\xa6\x82\xe4\xbd\x95\xe5\xa4\x84\xe7\x90\x86\xe5\x8a\xa8\xe6\x80\x81\xe6\x97\xa5\xe6\x9c\x9f\xe7\x9a\x84\xe9\x97\xae\xe9\xa2\x98\xef\xbc\x8c\xe6\x88\x96\xe8\x80\x85\xe9\x9c\x80\xe8\xa6\x81\xe4\xba\x86\xe8\xa7\xa3\xe5\xa6\x82\xe4\xbd\x95\xe5\x9c\xa8\xe6\x9f\x90\xe4\xba\x9b\xe8\xbd\xaf\xe4\xbb\xb6\xe6\x88\x96\xe5\xb9\xb3\xe5\x8f\xb0\xe4\xb8\x8a\xe5\xae\x9e\xe7\x8e\xb0\xe5\x8a\xa8\xe6\x80\x81\xe6\x97\xa5\xe6\x9c\x9f\xe5\x8a\x9f\xe8\x83\xbd\xe7\x9a\x84\xe4\xbf\xa1\xe6\x81\xaf\xef\xbc\x8c\xe8\xaf\xb7\xe6\x8f\x90\xe4\xbe\x9b\xe6\x9b\xb4\xe5\xa4\x9a\xe7\x9a\x84\xe7\xbb\x86\xe8\x8a\x82\xef\xbc\x8c\xe6\x88\x91\xe4\xbc\x9a\xe5\xb0\xbd\xe5\x8a\x9b\xe6\x8f\x90\xe4\xbe\x9b\xe5\xb8\xae\xe5\x8a\xa9\xe3\x80\x82zh-cnzh-cn-XiaochenNeural0true0General'
2025-05-25 20:16:24.190563 - DEBUG : <-<- Client connection at 127.0.0.1: 51086
2025-05-25 20:16:24.191560 - DEBUG : ->>> b'17/84/6\ninitSpeechServiceCmwzTb35WSvnOYEPoY9wC12ExtiNJkI37VJlc9itceLmM6osBYstJQQJ99BAACYeBjFXJ3w3AAAYACOG1fhOeastus'
2025-05-25 20:16:24.574784 - DEBUG : <-<- true
2025-05-25 20:16:24.574784 - DEBUG : ->>> b'13/25/3/3/5/5\ninitMetahuman../humanModel/humanModel20.50.5falsefalse'
2025-05-25 20:16:54.455487 - DEBUG : <-<- true
2025-05-25 20:16:54.456454 - DEBUG : ->>> b'17/28/2/2/2/2\nreplaceBackground../NewHuman/background/2.jpg-1-1-150'
2025-05-25 20:16:55.834152 - DEBUG : <-<- true
2025-05-25 20:17:42.667244 - DEBUG : ->>> b'16/5\nmicrophoneToTextzh-cn'
2025-05-25 20:17:50.136960 - DEBUG : <-<- null
2025-05-25 20:17:51.506403 - DEBUG : ->>> b'16/5\nmicrophoneToTextzh-cn'
2025-05-25 20:18:01.193835 - DEBUG : <-<- Client connection at 127.0.0.1: 51134
2025-05-25 20:18:01.194831 - DEBUG : ->>> b'17/84/6\ninitSpeechServiceCmwzTb35WSvnOYEPoY9wC12ExtiNJkI37VJlc9itceLmM6osBYstJQQJ99BAACYeBjFXJ3w3AAAYACOG1fhOeastus'
2025-05-25 20:18:01.203776 - DEBUG : <-<- true
2025-05-25 20:18:01.204805 - DEBUG : ->>> b'13/25/3/3/5/5\ninitMetahuman../humanModel/humanModel20.50.5falsefalse'
2025-05-25 20:18:32.419597 - DEBUG : <-<- true
2025-05-25 20:18:32.419968 - DEBUG : ->>> b'17/28/2/2/2/2\nreplaceBackground../NewHuman/background/2.jpg-1-1-150'
2025-05-25 20:18:32.484301 - DEBUG : <-<- true
2025-05-25 20:18:33.340557 - DEBUG : ->>> b'16/5\nmicrophoneToTextzh-cn'
2025-05-25 20:18:39.494527 - DEBUG : <-<- 你好。
2025-05-25 20:18:40.620610 - DEBUG : ->>> b'14/1/6/2/3/3/1/5/5\nshowSpeechText0\xe6\xa5\xb7\xe4\xbd\x93201282550falsefalse'
2025-05-25 20:18:40.621607 - DEBUG : <-<- true
2025-05-25 20:18:40.622605 - DEBUG : ->>> b'15/14/42/5/20/1/4/1/7\nmetahumanSpeech../voice/2.mp3\xe4\xbd\xa0\xe5\xa5\xbd\xef\xbc\x81\xe6\x9c\x89\xe4\xbb\x80\xe4\xb9\x88\xe5\x8f\xaf\xe4\xbb\xa5\xe5\xb8\xae\xe5\x8a\xa9\xe4\xbd\xa0\xe7\x9a\x84\xe5\x90\x97\xef\xbc\x9fzh-cnzh-cn-XiaochenNeural0true0General'
2025-05-25 20:18:46.848426 - DEBUG : <-<- 3412
2025-05-25 20:18:46.849945 - DEBUG : ->>> b'16/5\nmicrophoneToTextzh-cn'
2025-05-25 20:18:52.803194 - DEBUG : <-<- null
2025-05-25 20:18:53.001375 - DEBUG : ->>> b'16/5\nmicrophoneToTextzh-cn'
2025-05-25 20:19:14.754313 - DEBUG : <-<- Client connection at 127.0.0.1: 51170
2025-05-25 20:19:14.754313 - DEBUG : ->>> b'17/84/6\ninitSpeechServiceCmwzTb35WSvnOYEPoY9wC12ExtiNJkI37VJlc9itceLmM6osBYstJQQJ99BAACYeBjFXJ3w3AAAYACOG1fhOeastus'
2025-05-25 20:19:14.765620 - DEBUG : <-<- true
2025-05-25 20:19:14.767144 - DEBUG : ->>> b'13/25/3/3/5/5\ninitMetahuman../humanModel/humanModel20.50.5falsefalse'
2025-05-25 20:19:44.614882 - DEBUG : <-<- true
2025-05-25 20:19:44.615318 - DEBUG : ->>> b'17/28/2/2/2/2\nreplaceBackground../NewHuman/background/2.jpg-1-1-150'
2025-05-25 20:19:44.679520 - DEBUG : <-<- true
2025-05-25 20:19:47.181066 - DEBUG : ->>> b'16/5\nmicrophoneToTextzh-cn'
2025-05-25 20:19:53.211926 - DEBUG : <-<- null
2025-05-25 20:19:53.212832 - DEBUG : ->>> b'14/1/6/2/3/3/1/5/5\nshowSpeechText0\xe6\xa5\xb7\xe4\xbd\x93201282550falsefalse'
2025-05-25 20:19:53.213804 - DEBUG : <-<- true
2025-05-25 20:19:53.213804 - DEBUG : ->>> b'15/37/0/5/20/1/4/1/7\nmetahumanSpeech../humanModel/humanModel2/voice/2.mp3zh-cnzh-cn-XiaochenNeural0true0General'
2025-05-25 20:19:53.215029 - DEBUG : <-<- false
2025-05-25 20:19:53.215029 - DEBUG : ->>> b'16/5\nmicrophoneToTextzh-cn'
2025-05-25 20:19:59.639277 - DEBUG : <-<- 你好。
2025-05-25 20:19:59.640086 - DEBUG : ->>> b'14/1/6/2/3/3/1/5/5\nshowSpeechText0\xe6\xa5\xb7\xe4\xbd\x93201282550falsefalse'
2025-05-25 20:19:59.641093 - DEBUG : <-<- true
2025-05-25 20:19:59.641093 - DEBUG : ->>> b'15/37/9/5/20/1/4/1/7\nmetahumanSpeech../humanModel/humanModel2/voice/2.mp3\xe4\xbd\xa0\xe5\xa5\xbd\xe3\x80\x82zh-cnzh-cn-XiaochenNeural0true0General'
2025-05-25 20:20:04.233816 - DEBUG : <-<- 1100
2025-05-25 20:20:04.234772 - DEBUG : ->>> b'16/5\nmicrophoneToTextzh-cn'
2025-05-25 20:20:08.186428 - DEBUG : <-<- 今天的日期是几号？
2025-05-25 20:20:08.186972 - DEBUG : ->>> b'14/1/6/2/3/3/1/5/5\nshowSpeechText0\xe6\xa5\xb7\xe4\xbd\x93201282550falsefalse'
2025-05-25 20:20:08.187399 - DEBUG : <-<- true
2025-05-25 20:20:08.188388 - DEBUG : ->>> b'15/37/27/5/20/1/4/1/7\nmetahumanSpeech../humanModel/humanModel2/voice/2.mp3\xe4\xbb\x8a\xe5\xa4\xa9\xe7\x9a\x84\xe6\x97\xa5\xe6\x9c\x9f\xe6\x98\xaf\xe5\x87\xa0\xe5\x8f\xb7\xef\xbc\x9fzh-cnzh-cn-XiaochenNeural0true0General'
2025-05-25 20:20:12.827200 - DEBUG : <-<- 1987
2025-05-25 20:20:12.828144 - DEBUG : ->>> b'16/5\nmicrophoneToTextzh-cn'
2025-05-25 20:20:19.013809 - DEBUG : <-<- null
2025-05-25 20:20:19.014237 - DEBUG : ->>> b'14/1/6/2/3/3/1/5/5\nshowSpeechText0\xe6\xa5\xb7\xe4\xbd\x93201282550falsefalse'
2025-05-25 20:20:19.014606 - DEBUG : <-<- true
2025-05-25 20:20:19.015603 - DEBUG : ->>> b'15/37/0/5/20/1/4/1/7\nmetahumanSpeech../humanModel/humanModel2/voice/2.mp3zh-cnzh-cn-XiaochenNeural0true0General'
2025-05-25 20:20:19.016600 - DEBUG : <-<- false
2025-05-25 20:20:19.016600 - DEBUG : ->>> b'16/5\nmicrophoneToTextzh-cn'
2025-05-25 20:20:24.818856 - DEBUG : <-<- null
2025-05-25 20:20:24.819794 - DEBUG : ->>> b'14/1/6/2/3/3/1/5/5\nshowSpeechText0\xe6\xa5\xb7\xe4\xbd\x93201282550falsefalse'
2025-05-25 20:20:24.820518 - DEBUG : <-<- true
2025-05-25 20:20:24.821341 - DEBUG : ->>> b'15/37/0/5/20/1/4/1/7\nmetahumanSpeech../humanModel/humanModel2/voice/2.mp3zh-cnzh-cn-XiaochenNeural0true0General'
2025-05-25 20:20:24.821341 - DEBUG : <-<- false
2025-05-25 20:20:24.822338 - DEBUG : ->>> b'16/5\nmicrophoneToTextzh-cn'
2025-05-25 20:20:32.478739 - DEBUG : <-<- null
2025-05-25 20:20:32.479160 - DEBUG : ->>> b'14/1/6/2/3/3/1/5/5\nshowSpeechText0\xe6\xa5\xb7\xe4\xbd\x93201282550falsefalse'
2025-05-25 20:20:32.479871 - DEBUG : <-<- true
2025-05-25 20:20:32.480868 - DEBUG : ->>> b'15/37/0/5/20/1/4/1/7\nmetahumanSpeech../humanModel/humanModel2/voice/2.mp3zh-cnzh-cn-XiaochenNeural0true0General'
2025-05-25 20:20:32.481866 - DEBUG : <-<- false
2025-05-25 20:20:32.481866 - DEBUG : ->>> b'16/5\nmicrophoneToTextzh-cn'
2025-05-25 21:02:55.491226 - DEBUG : <-<- Client connection at 127.0.0.1: 55768
2025-05-25 21:02:55.492047 - DEBUG : ->>> b'17/84/6\ninitSpeechServiceCmwzTb35WSvnOYEPoY9wC12ExtiNJkI37VJlc9itceLmM6osBYstJQQJ99BAACYeBjFXJ3w3AAAYACOG1fhOeastus'
2025-05-25 21:02:55.743835 - DEBUG : <-<- true
2025-05-25 21:02:55.744832 - DEBUG : ->>> b'13/25/3/3/5/5\ninitMetahuman../humanModel/humanModel20.50.5falsefalse'
2025-05-25 21:03:27.436705 - DEBUG : <-<- true
2025-05-25 21:03:27.437846 - DEBUG : ->>> b'17/28/2/2/2/2\nreplaceBackground../NewHuman/background/2.jpg-1-1-150'
2025-05-25 21:03:28.768969 - DEBUG : <-<- true
2025-05-25 21:03:36.104588 - DEBUG : ->>> b'16/5\nmicrophoneToTextzh-cn'
2025-05-25 21:03:43.203050 - DEBUG : <-<- null
2025-05-25 21:03:45.328665 - DEBUG : ->>> b'16/5\nmicrophoneToTextzh-cn'
2025-05-25 21:03:51.620489 - DEBUG : <-<- null
2025-05-25 21:03:53.033689 - DEBUG : ->>> b'16/5\nmicrophoneToTextzh-cn'
2025-05-25 21:04:00.099522 - DEBUG : <-<- 嗯，刚才说话。
2025-05-25 21:04:01.642134 - DEBUG : ->>> b'16/5\nmicrophoneToTextzh-cn'
2025-05-25 21:04:05.149143 - DEBUG : <-<- 你好。
2025-05-25 21:04:06.647992 - DEBUG : ->>> b'16/5\nmicrophoneToTextzh-cn'
2025-05-25 21:04:14.612174 - DEBUG : <-<- 嗯，那接上不到这是没开吧，应该是。
2025-05-25 21:04:16.092614 - DEBUG : ->>> b'16/5\nmicrophoneToTextzh-cn'
2025-05-25 21:04:22.374065 - DEBUG : <-<- null
2025-05-25 21:04:23.991603 - DEBUG : ->>> b'16/5\nmicrophoneToTextzh-cn'
2025-05-25 21:04:27.185434 - DEBUG : <-<- 你好。
2025-05-25 21:04:28.752481 - DEBUG : ->>> b'16/5\nmicrophoneToTextzh-cn'
2025-05-25 21:04:36.639017 - DEBUG : <-<- 你，你，你连我的帮我哦，我把那个我把VPN开了连现在没开了这个。
2025-05-25 21:04:44.247741 - DEBUG : <-<- Client connection at 127.0.0.1: 55905
2025-05-25 21:04:44.247741 - DEBUG : ->>> b'17/84/6\ninitSpeechServiceCmwzTb35WSvnOYEPoY9wC12ExtiNJkI37VJlc9itceLmM6osBYstJQQJ99BAACYeBjFXJ3w3AAAYACOG1fhOeastus'
2025-05-25 21:04:44.257709 - DEBUG : <-<- true
2025-05-25 21:04:44.258715 - DEBUG : ->>> b'13/25/3/3/5/5\ninitMetahuman../humanModel/humanModel20.50.5falsefalse'
2025-05-25 21:05:14.908748 - DEBUG : <-<- true
2025-05-25 21:05:14.909259 - DEBUG : ->>> b'17/28/2/2/2/2\nreplaceBackground../NewHuman/background/2.jpg-1-1-150'
2025-05-25 21:05:14.975567 - DEBUG : <-<- true
2025-05-25 21:05:17.869971 - DEBUG : ->>> b'16/5\nmicrophoneToTextzh-cn'
2025-05-25 21:05:22.033392 - DEBUG : <-<- 你好。
2025-05-25 21:05:23.186001 - DEBUG : ->>> b'14/1/6/2/3/3/1/5/5\nshowSpeechText0\xe6\xa5\xb7\xe4\xbd\x93201282550falsefalse'
2025-05-25 21:05:23.187999 - DEBUG : <-<- true
2025-05-25 21:05:23.187999 - DEBUG : ->>> b'15/14/42/5/20/1/4/1/7\nmetahumanSpeech../voice/2.mp3\xe4\xbd\xa0\xe5\xa5\xbd\xef\xbc\x81\xe6\x9c\x89\xe4\xbb\x80\xe4\xb9\x88\xe5\x8f\xaf\xe4\xbb\xa5\xe5\xb8\xae\xe5\x8a\xa9\xe4\xbd\xa0\xe7\x9a\x84\xe5\x90\x97\xef\xbc\x9fzh-cnzh-cn-XiaochenNeural0true0General'
2025-05-25 21:05:30.858430 - DEBUG : <-<- 3412
2025-05-25 21:05:30.859428 - DEBUG : ->>> b'16/5\nmicrophoneToTextzh-cn'
2025-05-25 21:05:36.109843 - DEBUG : <-<- 今天是星期几？
2025-05-25 21:05:39.782647 - DEBUG : ->>> b'14/1/6/2/3/3/1/5/5\nshowSpeechText0\xe6\xa5\xb7\xe4\xbd\x93201282550falsefalse'
2025-05-25 21:05:39.783644 - DEBUG : <-<- true
2025-05-25 21:05:39.784688 - DEBUG : ->>> b'15/14/276/5/20/1/4/1/7\nmetahumanSpeech../voice/2.mp3\xe5\xaf\xb9\xe4\xb8\x8d\xe8\xb5\xb7\xef\xbc\x8c\xe6\x88\x91\xe4\xbd\x9c\xe4\xb8\xba\xe4\xb8\x80\xe4\xb8\xaa\xe5\x9f\xba\xe4\xba\x8e\xe4\xba\x91\xe7\xab\xaf\xe7\x9a\x84\xe6\xa8\xa1\xe5\x9e\x8b\xef\xbc\x8c\xe6\x97\xa0\xe6\xb3\x95\xe8\x8e\xb7\xe5\x8f\x96\xe5\xae\x9e\xe6\x97\xb6\xe4\xbf\xa1\xe6\x81\xaf\xef\xbc\x8c\xe5\x8c\x85\xe6\x8b\xac\xe5\xbd\x93\xe5\x89\x8d\xe7\x9a\x84\xe5\x85\xb7\xe4\xbd\x93\xe6\x97\xa5\xe6\x9c\x9f\xe5\x92\x8c\xe6\x98\x9f\xe6\x9c\x9f\xe3\x80\x82\xe6\x82\xa8\xe5\x8f\xaf\xe4\xbb\xa5\xe6\x9f\xa5\xe7\x9c\x8b\xe6\x82\xa8\xe8\xae\xbe\xe5\xa4\x87\xe4\xb8\x8a\xe7\x9a\x84\xe6\x97\xa5\xe5\x8e\x86\xe6\x88\x96\xe6\x97\xb6\xe9\x92\x9f\xe6\x9d\xa5\xe8\x8e\xb7\xe5\x8f\x96\xe8\xbf\x99\xe4\xb8\xaa\xe4\xbf\xa1\xe6\x81\xaf\xe3\x80\x82\xe5\xa6\x82\xe6\x9e\x9c\xe6\x82\xa8\xe9\x9c\x80\xe8\xa6\x81\xe7\x9f\xa5\xe9\x81\x93\xe5\xa6\x82\xe4\xbd\x95\xe6\x9f\xa5\xe8\xaf\xa2\xe6\x88\x96\xe8\xae\xa1\xe7\xae\x97\xe6\x98\x9f\xe6\x9c\x9f\xe5\x87\xa0\xe7\x9a\x84\xe6\x96\xb9\xe6\xb3\x95\xef\xbc\x8c\xe6\x88\x91\xe5\xbe\x88\xe4\xb9\x90\xe6\x84\x8f\xe6\x8f\x90\xe4\xbe\x9b\xe5\xb8\xae\xe5\x8a\xa9\xe3\x80\x82zh-cnzh-cn-XiaochenNeural0true0General'
2025-05-25 21:06:03.605798 - DEBUG : <-<- 17587
2025-05-25 21:06:03.606645 - DEBUG : ->>> b'16/5\nmicrophoneToTextzh-cn'
2025-05-25 21:06:10.642003 - DEBUG : <-<- 他不会唱星期几没给他联网。
2025-05-25 21:06:14.495131 - DEBUG : ->>> b'14/1/6/2/3/3/1/5/5\nshowSpeechText0\xe6\xa5\xb7\xe4\xbd\x93201282550falsefalse'
2025-05-25 21:06:14.497173 - DEBUG : <-<- true
2025-05-25 21:06:14.498141 - DEBUG : ->>> b'15/14/580/5/20/1/4/1/7\nmetahumanSpeech../voice/2.mp3\xe8\xbf\x99\xe5\x8f\xa5\xe8\xaf\x9d\xe4\xbc\xbc\xe4\xb9\x8e\xe6\x98\xaf\xe5\x9c\xa8\xe7\x94\xa8\xe4\xb8\x80\xe7\xa7\x8d\xe5\xb9\xbd\xe9\xbb\x98\xe6\x88\x96\xe4\xbf\x8f\xe7\x9a\xae\xe7\x9a\x84\xe6\x96\xb9\xe5\xbc\x8f\xe8\xa1\xa8\xe8\xbe\xbe\xe6\x9f\x90\xe4\xba\xba\xe7\xbc\xba\xe4\xb9\x8f\xe6\x9f\x90\xe4\xba\x9b\xe5\xb8\xb8\xe8\xaf\x86\xe6\x88\x96\xe6\x8a\x80\xe8\x83\xbd\xef\xbc\x8c\xe5\x85\xb7\xe4\xbd\x93\xe6\x9d\xa5\xe8\xaf\xb4\xe6\x98\xaf\xe5\x85\xb3\xe4\xba\x8e\xe5\x94\xb1\xe6\xad\x8c\xe5\x92\x8c\xe6\x97\xa5\xe6\x9c\x9f\xe7\x9a\x84\xe7\x9f\xa5\xe8\xaf\x86\xe3\x80\x82"\xe4\xb8\x8d\xe4\xbc\x9a\xe5\x94\xb1"\xe5\x8f\xaf\xe8\x83\xbd\xe6\x98\xaf\xe6\x8c\x87\xe8\xbf\x99\xe4\xb8\xaa\xe4\xba\xba\xe4\xb8\x8d\xe6\x93\x85\xe9\x95\xbf\xe5\x94\xb1\xe6\xad\x8c\xef\xbc\x8c\xe8\x80\x8c"\xe6\x98\x9f\xe6\x9c\x9f\xe5\x87\xa0\xe6\xb2\xa1\xe7\xbb\x99\xe4\xbb\x96\xe8\x81\x94\xe7\xbd\x91"\xe5\x88\x99\xe6\x98\xaf\xe4\xb8\x80\xe7\xa7\x8d\xe5\xa4\xb8\xe5\xbc\xa0\xe7\x9a\x84\xe8\xaf\xb4\xe6\xb3\x95\xef\xbc\x8c\xe6\x9a\x97\xe7\xa4\xba\xe8\xbf\x99\xe4\xb8\xaa\xe4\xba\xba\xe6\xb2\xa1\xe6\x9c\x89\xe8\xbf\x9e\xe6\x8e\xa5\xe5\x88\xb0\xe4\xba\x92\xe8\x81\x94\xe7\xbd\x91\xe8\x8e\xb7\xe5\x8f\x96\xe4\xbf\xa1\xe6\x81\xaf\xef\xbc\x8c\xe5\x9b\xa0\xe6\xad\xa4\xe4\xb8\x8d\xe7\x9f\xa5\xe9\x81\x93\xe5\xbd\x93\xe5\xa4\xa9\xe6\x98\xaf\xe6\x98\x9f\xe6\x9c\x9f\xe5\x87\xa0\xe3\x80\x82\xe8\xbf\x99\xe5\x8f\xa5\xe8\xaf\x9d\xe7\x9a\x84\xe6\x95\xb4\xe4\xbd\x93\xe6\x84\x8f\xe6\x80\x9d\xe6\x98\xaf\xe8\xbf\x99\xe4\xb8\xaa\xe4\xba\xba\xe5\x8f\xaf\xe8\x83\xbd\xe9\x9c\x80\xe8\xa6\x81\xe6\x9b\xb4\xe5\xa4\x9a\xe7\x9a\x84\xe4\xbf\xa1\xe6\x81\xaf\xe6\x88\x96\xe8\x80\x85\xe7\xbb\x83\xe4\xb9\xa0\xe6\x9d\xa5\xe6\x8f\x90\xe9\xab\x98\xe8\x87\xaa\xe5\xb7\xb1\xe7\x9a\x84\xe8\x83\xbd\xe5\x8a\x9b\xe3\x80\x82\xe4\xb8\x8d\xe8\xbf\x87\xef\xbc\x8c\xe8\xbf\x99\xe7\xa7\x8d\xe8\xaf\xb4\xe6\xb3\x95\xe5\x9c\xa8\xe4\xb8\x8d\xe5\x90\x8c\xe7\x9a\x84\xe8\xaf\xad\xe5\xa2\x83\xe4\xb8\x8b\xe5\x8f\xaf\xe8\x83\xbd\xe4\xbc\x9a\xe6\x9c\x89\xe4\xb8\x8d\xe5\x90\x8c\xe7\x9a\x84\xe8\xa7\xa3\xe8\xaf\xbb\xef\xbc\x8c\xe6\x89\x80\xe4\xbb\xa5\xe5\x85\xb7\xe4\xbd\x93\xe7\x9a\x84\xe5\x90\xab\xe4\xb9\x89\xe5\x8f\xaf\xe8\x83\xbd\xe8\xbf\x98\xe9\x9c\x80\xe8\xa6\x81\xe6\xa0\xb9\xe6\x8d\xae\xe4\xb8\x8a\xe4\xb8\x8b\xe6\x96\x87\xe6\x9d\xa5\xe7\xa1\xae\xe5\xae\x9a\xe3\x80\x82zh-cnzh-cn-XiaochenNeural0true0General'
2025-05-25 21:06:48.192136 - DEBUG : <-<- false
2025-05-25 21:06:48.193132 - DEBUG : ->>> b'16/5\nmicrophoneToTextzh-cn'
2025-05-25 21:06:54.139992 - DEBUG : <-<- Of course。你说话。
2025-05-25 21:06:55.602843 - DEBUG : ->>> b'14/1/6/2/3/3/1/5/5\nshowSpeechText0\xe6\xa5\xb7\xe4\xbd\x93201282550falsefalse'
2025-05-25 21:06:55.603885 - DEBUG : <-<- true
2025-05-25 21:06:55.604883 - DEBUG : ->>> b'15/14/114/5/20/1/4/1/7\nmetahumanSpeech../voice/2.mp3\xe5\xbd\x93\xe7\x84\xb6\xef\xbc\x8c\xe6\x82\xa8\xe9\x9c\x80\xe8\xa6\x81\xe6\x88\x91\xe5\xb8\xae\xe5\xbf\x99\xe4\xbb\x80\xe4\xb9\x88\xe5\x90\x97\xef\xbc\x9f\xe5\xa6\x82\xe6\x9e\x9c\xe6\x82\xa8\xe6\x9c\x89\xe4\xbb\xbb\xe4\xbd\x95\xe9\x97\xae\xe9\xa2\x98\xe6\x88\x96\xe8\x80\x85\xe9\x9c\x80\xe8\xa6\x81\xe8\xae\xa8\xe8\xae\xba\xe7\x9a\x84\xe8\xaf\x9d\xe9\xa2\x98\xef\xbc\x8c\xe9\x83\xbd\xe5\x8f\xaf\xe4\xbb\xa5\xe5\x91\x8a\xe8\xaf\x89\xe6\x88\x91\xe3\x80\x82zh-cnzh-cn-XiaochenNeural0true0General'
2025-05-25 21:07:08.115650 - DEBUG : <-<- 6912
2025-05-25 21:07:08.116646 - DEBUG : ->>> b'16/5\nmicrophoneToTextzh-cn'
2025-05-25 21:07:35.195951 - DEBUG : <-<- 唐山有几个区。
2025-05-25 21:07:50.354283 - DEBUG : <-<- Client connection at 127.0.0.1: 56043
2025-05-25 21:07:50.354283 - DEBUG : ->>> b'17/84/6\ninitSpeechServiceCmwzTb35WSvnOYEPoY9wC12ExtiNJkI37VJlc9itceLmM6osBYstJQQJ99BAACYeBjFXJ3w3AAAYACOG1fhOeastus'
2025-05-25 21:07:50.363265 - DEBUG : <-<- true
2025-05-25 21:07:50.364262 - DEBUG : ->>> b'13/25/3/3/5/5\ninitMetahuman../humanModel/humanModel20.50.5falsefalse'
2025-05-25 21:08:19.446159 - DEBUG : <-<- true
2025-05-25 21:08:19.446861 - DEBUG : ->>> b'17/28/2/2/2/2\nreplaceBackground../NewHuman/background/2.jpg-1-1-150'
2025-05-25 21:08:19.521998 - DEBUG : <-<- true
2025-05-25 21:08:22.598143 - DEBUG : ->>> b'16/5\nmicrophoneToTextzh-cn'
2025-05-25 21:08:30.151179 - DEBUG : <-<- 唐山市有几个区。
2025-05-25 21:08:33.591534 - DEBUG : ->>> b'14/1/6/2/3/3/1/5/5\nshowSpeechText0\xe6\xa5\xb7\xe4\xbd\x93201282550falsefalse'
2025-05-25 21:08:33.592529 - DEBUG : <-<- true
2025-05-25 21:08:33.592529 - DEBUG : ->>> b'15/14/240/5/20/1/4/1/7\nmetahumanSpeech../voice/2.mp3\xe5\x94\x90\xe5\xb1\xb1\xe5\xb8\x82\xe5\x85\xb1\xe6\x9c\x897\xe4\xb8\xaa\xe5\xb8\x82\xe8\xbe\x96\xe5\x8c\xba\xef\xbc\x8c\xe5\x88\x86\xe5\x88\xab\xe6\x98\xaf\xe8\xb7\xaf\xe5\x8d\x97\xe5\x8c\xba\xe3\x80\x81\xe8\xb7\xaf\xe5\x8c\x97\xe5\x8c\xba\xe3\x80\x81\xe5\x8f\xa4\xe5\x86\xb6\xe5\x8c\xba\xe3\x80\x81\xe5\xbc\x80\xe5\xb9\xb3\xe5\x8c\xba\xe3\x80\x81\xe4\xb8\xb0\xe5\x8d\x97\xe5\x8c\xba\xe3\x80\x81\xe4\xb8\xb0\xe6\xb6\xa6\xe5\x8c\xba\xe5\x92\x8c\xe6\x9b\xb9\xe5\xa6\x83\xe7\x94\xb8\xe5\x8c\xba\xe3\x80\x82\xe6\xad\xa4\xe5\xa4\x96\xef\xbc\x8c\xe8\xbf\x98\xe6\x9c\x89\xe8\xbf\x81\xe5\xae\x89\xe5\xb8\x82\xe3\x80\x81\xe9\x81\xb5\xe5\x8c\x96\xe5\xb8\x822\xe4\xb8\xaa\xe5\x8e\xbf\xe7\xba\xa7\xe5\xb8\x82\xef\xbc\x8c\xe4\xbb\xa5\xe5\x8f\x8a\xe7\x8e\x89\xe7\x94\xb0\xe5\x8e\xbf\xe3\x80\x81\xe8\xbf\x81\xe8\xa5\xbf\xe5\x8e\xbf\xe3\x80\x81\xe6\xbb\xa6\xe5\xb7\x9e\xe5\xb8\x82\xe3\x80\x81\xe6\xbb\xa6\xe5\x8d\x97\xe5\x8e\xbf4\xe4\xb8\xaa\xe5\x8e\xbf\xe3\x80\x82zh-cnzh-cn-XiaochenNeural0true0General'
2025-05-25 21:08:55.094688 - DEBUG : <-<- 17712
2025-05-25 21:08:55.095672 - DEBUG : ->>> b'16/5\nmicrophoneToTextzh-cn'
2025-05-25 21:08:58.519970 - DEBUG : <-<- 如何评价毛泽东？
2025-05-25 21:09:02.203712 - DEBUG : ->>> b'14/1/6/2/3/3/1/5/5\nshowSpeechText0\xe6\xa5\xb7\xe4\xbd\x93201282550falsefalse'
2025-05-25 21:09:02.205663 - DEBUG : <-<- true
2025-05-25 21:09:02.205663 - DEBUG : ->>> b'15/14/971/5/20/1/4/1/7\nmetahumanSpeech../voice/2.mp3\xe6\xaf\x9b\xe6\xb3\xbd\xe4\xb8\x9c\xe6\x98\xaf\xe4\xb8\xad\xe5\x9b\xbd\xe5\x85\xb1\xe4\xba\xa7\xe5\x85\x9a\xe3\x80\x81\xe4\xb8\xad\xe5\x9b\xbd\xe4\xba\xba\xe6\xb0\x91\xe8\xa7\xa3\xe6\x94\xbe\xe5\x86\x9b\xe3\x80\x81\xe4\xb8\xad\xe5\x8d\x8e\xe4\xba\xba\xe6\xb0\x91\xe5\x85\xb1\xe5\x92\x8c\xe5\x9b\xbd\xe7\x9a\x84\xe4\xb8\xbb\xe8\xa6\x81\xe7\xbc\x94\xe9\x80\xa0\xe8\x80\x85\xef\xbc\x8c\xe4\xb8\xad\xe5\x9b\xbd\xe5\x90\x84\xe6\x97\x8f\xe4\xba\xba\xe6\xb0\x91\xe7\x9a\x84\xe4\xbc\x9f\xe5\xa4\xa7\xe9\xa2\x86\xe8\xa2\x96\xef\xbc\x8c\xe5\x85\x9a\xe7\x9a\x84\xe7\xac\xac\xe4\xb8\x80\xe4\xbb\xa3\xe4\xb8\xad\xe5\xa4\xae\xe9\xa2\x86\xe5\xaf\xbc\xe9\x9b\x86\xe4\xbd\x93\xe7\x9a\x84\xe6\xa0\xb8\xe5\xbf\x83\xef\xbc\x8c\xe4\xb8\xad\xe5\x9b\xbd\xe5\x85\xb1\xe4\xba\xa7\xe5\x85\x9a\xe3\x80\x81\xe4\xb8\xad\xe5\x9b\xbd\xe4\xba\xba\xe6\xb0\x91\xe8\xa7\xa3\xe6\x94\xbe\xe5\x86\x9b\xe3\x80\x81\xe4\xb8\xad\xe5\x8d\x8e\xe4\xba\xba\xe6\xb0\x91\xe5\x85\xb1\xe5\x92\x8c\xe5\x9b\xbd\xe7\x9a\x84\xe4\xb8\xbb\xe8\xa6\x81\xe7\xbc\x94\xe9\x80\xa0\xe8\x80\x85\xe5\x92\x8c\xe9\xa2\x86\xe5\xaf\xbc\xe4\xba\xba\xef\xbc\x8c\xe9\xa9\xac\xe5\x85\x8b\xe6\x80\x9d\xe4\xb8\xbb\xe4\xb9\x89\xe4\xb8\xad\xe5\x9b\xbd\xe5\x8c\x96\xe7\x9a\x84\xe4\xbc\x9f\xe5\xa4\xa7\xe5\xbc\x80\xe6\x8b\x93\xe8\x80\x85\xef\xbc\x8c\xe8\xbf\x91\xe4\xbb\xa3\xe4\xbb\xa5\xe6\x9d\xa5\xe4\xb8\xad\xe5\x9b\xbd\xe4\xbc\x9f\xe5\xa4\xa7\xe7\x9a\x84\xe7\x88\xb1\xe5\x9b\xbd\xe8\x80\x85\xe5\x92\x8c\xe6\xb0\x91\xe6\x97\x8f\xe8\x8b\xb1\xe9\x9b\x84\xef\xbc\x8c\xe4\xb8\xad\xe5\x9b\xbd\xe7\xa4\xbe\xe4\xbc\x9a\xe4\xb8\xbb\xe4\xb9\x89\xe7\x8e\xb0\xe4\xbb\xa3\xe5\x8c\x96\xe5\xbb\xba\xe8\xae\xbe\xe7\x9a\x84\xe5\xbc\x80\xe5\x88\x9b\xe8\x80\x85\xef\xbc\x8c\xe6\x98\xaf\xe7\xac\xac\xe4\xb8\x80\xe4\xb8\xaa\xe6\x8f\x90\xe5\x87\xba\xe4\xba\x86\xe2\x80\x9c\xe7\x99\xbe\xe8\x8a\xb1\xe9\xbd\x90\xe6\x94\xbe\xef\xbc\x8c\xe7\x99\xbe\xe5\xae\xb6\xe4\xba\x89\xe9\xb8\xa3\xe2\x80\x9d\xe7\x9a\x84\xe5\x8f\xa3\xe5\x8f\xb7\xe7\x9a\x84\xe4\xba\xba\xe3\x80\x82\xe4\xbb\x96\xe4\xb9\x9f\xe6\x98\xaf\xe6\x9d\xb0\xe5\x87\xba\xe7\x9a\x84\xe6\x97\xa0\xe4\xba\xa7\xe9\x98\xb6\xe7\xba\xa7\xe6\x88\x98\xe7\x95\xa5\xe5\xae\xb6\xe3\x80\x81\xe7\x90\x86\xe8\xae\xba\xe5\xae\xb6\xe5\x92\x8c\xe8\xaf\x97\xe4\xba\xba\xef\xbc\x8c\xe4\xbb\x96\xe7\x9a\x84\xe6\x80\x9d\xe6\x83\xb3\xe5\xaf\xb9\xe4\xb8\xad\xe5\x9b\xbd\xe4\xb9\x83\xe8\x87\xb3\xe4\xb8\x96\xe7\x95\x8c\xe4\xba\xa7\xe7\x94\x9f\xe4\xba\x86\xe6\xb7\xb1\xe8\xbf\x9c\xe7\x9a\x84\xe5\xbd\xb1\xe5\x93\x8d\xe3\x80\x82\n\n\xe6\xaf\x9b\xe6\xb3\xbd\xe4\xb8\x9c\xe5\x9c\xa8\xe4\xb8\xad\xe5\x9b\xbd\xe9\x9d\xa9\xe5\x91\xbd\xe5\x92\x8c\xe5\xbb\xba\xe8\xae\xbe\xe4\xb8\xad\xe5\x81\x9a\xe5\x87\xba\xe4\xba\x86\xe5\xb7\xa8\xe5\xa4\xa7\xe8\xb4\xa1\xe7\x8c\xae\xef\xbc\x8c\xe4\xbd\x86\xe4\xb9\x9f\xe5\xad\x98\xe5\x9c\xa8\xe4\xb8\x80\xe5\xae\x9a\xe7\x9a\x84\xe4\xba\x89\xe8\xae\xae\xe5\x92\x8c\xe6\x89\xb9\xe8\xaf\x84\xe3\x80\x82\xe5\x9c\xa8\xe4\xb8\x8d\xe5\x90\x8c\xe7\x9a\x84\xe5\x8e\x86\xe5\x8f\xb2\xe9\x98\xb6\xe6\xae\xb5\xef\xbc\x8c\xe5\xaf\xb9\xe6\xaf\x9b\xe6\xb3\xbd\xe4\xb8\x9c\xe7\x9a\x84\xe8\xaf\x84\xe4\xbb\xb7\xe4\xb9\x9f\xe6\x9c\x89\xe6\x89\x80\xe4\xb8\x8d\xe5\x90\x8c\xe3\x80\x82\xe6\x80\xbb\xe7\x9a\x84\xe6\x9d\xa5\xe8\xaf\xb4\xef\xbc\x8c\xe6\xaf\x9b\xe6\xb3\xbd\xe4\xb8\x9c\xe6\x98\xaf\xe4\xb8\xad\xe5\x9b\xbd\xe8\xbf\x91\xe7\x8e\xb0\xe4\xbb\xa3\xe5\x8f\xb2\xe4\xb8\x8a\xe4\xb8\x80\xe4\xbd\x8d\xe9\x9d\x9e\xe5\xb8\xb8\xe9\x87\x8d\xe8\xa6\x81\xe7\x9a\x84\xe4\xba\xba\xe7\x89\xa9\xef\xbc\x8c\xe5\xaf\xb9\xe4\xba\x8e\xe4\xbb\x96\xe7\x9a\x84\xe8\xaf\x84\xe4\xbb\xb7\xe9\x9c\x80\xe8\xa6\x81\xe5\x85\xa8\xe9\x9d\xa2\xe5\xae\xa2\xe8\xa7\x82\xe5\x9c\xb0\xe7\x9c\x8b\xe5\xbe\x85\xef\xbc\x8c\xe6\x97\xa2\xe8\xa6\x81\xe7\x9c\x8b\xe5\x88\xb0\xe4\xbb\x96\xe7\x9a\x84\xe4\xbc\x9f\xe5\xa4\xa7\xe6\x88\x90\xe5\xb0\xb1\xef\xbc\x8c\xe4\xb9\x9f\xe8\xa6\x81\xe6\xad\xa3\xe8\xa7\x86\xe5\xad\x98\xe5\x9c\xa8\xe7\x9a\x84\xe9\x97\xae\xe9\xa2\x98\xe3\x80\x82zh-cnzh-cn-XiaochenNeural0true0General'
2025-05-25 21:10:08.259722 - DEBUG : <-<- 59950
2025-05-25 21:10:08.259722 - DEBUG : ->>> b'16/5\nmicrophoneToTextzh-cn'
2025-05-25 21:10:12.279374 - DEBUG : <-<- 如何评价希特勒？
2025-05-25 21:10:16.948991 - DEBUG : ->>> b'14/1/6/2/3/3/1/5/5\nshowSpeechText0\xe6\xa5\xb7\xe4\xbd\x93201282550falsefalse'
2025-05-25 21:10:16.949989 - DEBUG : <-<- true
2025-05-25 21:10:16.950986 - DEBUG : ->>> b'15/14/931/5/20/1/4/1/7\nmetahumanSpeech../voice/2.mp3\xe4\xbd\x9c\xe4\xb8\xba\xe4\xb8\x80\xe4\xb8\xaa\xe5\x8e\x86\xe5\x8f\xb2\xe4\xba\xba\xe7\x89\xa9\xef\xbc\x8c\xe9\x98\xbf\xe9\x81\x93\xe5\xa4\xab\xc2\xb7\xe5\xb8\x8c\xe7\x89\xb9\xe5\x8b\x92\xe6\x98\xaf20\xe4\xb8\x96\xe7\xba\xaa\xe6\x9c\x80\xe5\x85\xb7\xe4\xba\x89\xe8\xae\xae\xe5\x92\x8c\xe7\xa0\xb4\xe5\x9d\x8f\xe6\x80\xa7\xe7\x9a\x84\xe9\xa2\x86\xe5\xaf\xbc\xe4\xba\xba\xe4\xb9\x8b\xe4\xb8\x80\xe3\x80\x82\xe4\xbb\x96\xe6\x98\xaf\xe7\xba\xb3\xe7\xb2\xb9\xe5\x85\x9a\xe7\x9a\x84\xe9\xa2\x86\xe8\xa2\x96\xef\xbc\x8c\xe5\xb9\xb6\xe5\x9c\xa81933\xe5\xb9\xb4\xe8\x87\xb31945\xe5\xb9\xb4\xe9\x97\xb4\xe6\x8b\x85\xe4\xbb\xbb\xe5\xbe\xb7\xe5\x9b\xbd\xe7\x9a\x84\xe5\x9b\xbd\xe5\xae\xb6\xe5\x85\x83\xe9\xa6\x96\xef\xbc\x88\xe5\x8d\xb3\xe5\xbe\xb7\xe5\x9b\xbd\xe6\x80\xbb\xe7\xbb\x9f\xe4\xb8\x8e\xe6\x80\xbb\xe7\x90\x86\xef\xbc\x89\xef\xbc\x8c\xe5\x85\xb6\xe7\xbb\x9f\xe6\xb2\xbb\xe6\x9c\x9f\xe9\x97\xb4\xe5\x8f\x91\xe5\x8a\xa8\xe4\xba\x86\xe7\xac\xac\xe4\xba\x8c\xe6\xac\xa1\xe4\xb8\x96\xe7\x95\x8c\xe5\xa4\xa7\xe6\x88\x98\xef\xbc\x8c\xe5\xb9\xb6\xe5\xae\x9e\xe6\x96\xbd\xe4\xba\x86\xe5\xaf\xb9\xe7\x8a\xb9\xe5\xa4\xaa\xe4\xba\xba\xe3\x80\x81\xe7\xbd\x97\xe5\xa7\x86\xe4\xba\xba\xe3\x80\x81\xe6\x96\xaf\xe6\x8b\x89\xe5\xa4\xab\xe4\xba\xba\xe7\xad\x89\xe7\xa7\x8d\xe6\x97\x8f\xe7\x9a\x84\xe5\xa4\xa7\xe8\xa7\x84\xe6\xa8\xa1\xe5\xb1\xa0\xe6\x9d\x80\xef\xbc\x8c\xe9\x80\xa0\xe6\x88\x90\xe4\xba\x86\xe4\xba\xba\xe7\xb1\xbb\xe5\x8e\x86\xe5\x8f\xb2\xe4\xb8\x8a\xe6\x9c\x80\xe4\xb8\xa5\xe9\x87\x8d\xe7\x9a\x84\xe7\xa7\x8d\xe6\x97\x8f\xe7\x81\xad\xe7\xbb\x9d\xe4\xba\x8b\xe4\xbb\xb6\xe4\xb9\x8b\xe4\xb8\x80\xe2\x80\x94\xe2\x80\x94\xe5\xa4\xa7\xe5\xb1\xa0\xe6\x9d\x80\xe3\x80\x82\n\n\xe5\xb8\x8c\xe7\x89\xb9\xe5\x8b\x92\xe7\x9a\x84\xe6\x94\xbf\xe7\xad\x96\xe5\x92\x8c\xe8\xa1\x8c\xe4\xb8\xba\xe5\xaf\xbc\xe8\x87\xb4\xe4\xba\x86\xe6\xac\xa7\xe6\xb4\xb2\xe4\xb9\x83\xe8\x87\xb3\xe5\x85\xa8\xe4\xb8\x96\xe7\x95\x8c\xe7\x9a\x84\xe5\xb7\xa8\xe5\xa4\xa7\xe7\x81\xbe\xe9\x9a\xbe\xef\xbc\x8c\xe6\x95\xb0\xe4\xbb\xa5\xe7\x99\xbe\xe4\xb8\x87\xe8\xae\xa1\xe7\x9a\x84\xe4\xba\xba\xe5\xa4\xb1\xe5\x8e\xbb\xe4\xba\x86\xe7\x94\x9f\xe5\x91\xbd\xef\xbc\x8c\xe6\x97\xa0\xe6\x95\xb0\xe5\xae\xb6\xe5\xba\xad\xe7\xa0\xb4\xe7\xa2\x8e\xef\xbc\x8c\xe6\x96\x87\xe5\x8c\x96\xe9\x81\x97\xe4\xba\xa7\xe9\x81\xad\xe5\x88\xb0\xe7\xa0\xb4\xe5\x9d\x8f\xe3\x80\x82\xe4\xbb\x96\xe7\x9a\x84\xe6\x9e\x81\xe7\xab\xaf\xe6\xb0\x91\xe6\x97\x8f\xe4\xb8\xbb\xe4\xb9\x89\xe3\x80\x81\xe7\xa7\x8d\xe6\x97\x8f\xe4\xb8\xbb\xe4\xb9\x89\xe4\xbb\xa5\xe5\x8f\x8a\xe6\x89\xa9\xe5\xbc\xa0\xe4\xb8\xbb\xe4\xb9\x89\xe7\x9a\x84\xe6\x94\xbf\xe7\xad\x96\xe5\xaf\xb9\xe4\xb8\x96\xe7\x95\x8c\xe5\x8e\x86\xe5\x8f\xb2\xe8\xbf\x9b\xe7\xa8\x8b\xe4\xba\xa7\xe7\x94\x9f\xe4\xba\x86\xe6\xb7\xb1\xe8\xbf\x9c\xe7\x9a\x84\xe5\xbd\xb1\xe5\x93\x8d\xe3\x80\x82\n\n\xe5\x9b\xa0\xe6\xad\xa4\xef\xbc\x8c\xe4\xbb\x8e\xe9\x81\x93\xe5\xbe\xb7\xe3\x80\x81\xe4\xbc\xa6\xe7\x90\x86\xe5\x8f\x8a\xe5\x8e\x86\xe5\x8f\xb2\xe7\x9a\x84\xe8\xa7\x92\xe5\xba\xa6\xe6\x9d\xa5\xe7\x9c\x8b\xef\xbc\x8c\xe5\xb8\x8c\xe7\x89\xb9\xe5\x8b\x92\xe6\x98\xaf\xe4\xb8\x80\xe4\xb8\xaa\xe6\x9e\x81\xe8\xb4\x9f\xe9\x9d\xa2\xe7\x9a\x84\xe8\xa7\x92\xe8\x89\xb2\xef\xbc\x8c\xe4\xbb\x96\xe7\x9a\x84\xe8\xa1\x8c\xe4\xb8\xba\xe7\xbb\x99\xe4\xb8\x96\xe7\x95\x8c\xe5\xb8\xa6\xe6\x9d\xa5\xe4\xba\x86\xe6\xb7\xb1\xe9\x87\x8d\xe7\x9a\x84\xe8\x8b\xa6\xe9\x9a\xbe\xef\xbc\x8c\xe5\x85\xb6\xe9\x81\x97\xe4\xba\xa7\xe8\x87\xb3\xe4\xbb\x8a\xe4\xbb\x8d\xe8\xa2\xab\xe5\xb9\xbf\xe6\xb3\x9b\xe5\x9c\xb0\xe7\xa0\x94\xe7\xa9\xb6\xe5\x92\x8c\xe8\xae\xa8\xe8\xae\xba\xef\xbc\x8c\xe4\xbb\xa5\xe9\x98\xb2\xe6\xad\xa2\xe7\xb1\xbb\xe4\xbc\xbc\xe7\x9a\x84\xe6\x82\xb2\xe5\x89\xa7\xe5\x86\x8d\xe6\xac\xa1\xe5\x8f\x91\xe7\x94\x9f\xe3\x80\x82zh-cnzh-cn-XiaochenNeural0true0General'
2025-05-25 21:10:48.511432 - DEBUG : <-<- false
2025-05-25 21:10:48.512040 - DEBUG : ->>> b'16/5\nmicrophoneToTextzh-cn'
2025-05-25 21:10:53.599063 - DEBUG : <-<- 那他的答案是咋生成的？
2025-05-25 21:10:55.670141 - DEBUG : ->>> b'14/1/6/2/3/3/1/5/5\nshowSpeechText0\xe6\xa5\xb7\xe4\xbd\x93201282550falsefalse'
2025-05-25 21:10:55.671138 - DEBUG : <-<- true
2025-05-25 21:10:55.671138 - DEBUG : ->>> b'15/14/407/5/20/1/4/1/7\nmetahumanSpeech../voice/2.mp3\xe6\x82\xa8\xe7\x9a\x84\xe9\x97\xae\xe9\xa2\x98\xe4\xbc\xbc\xe4\xb9\x8e\xe7\xbc\xba\xe5\xb0\x91\xe4\xb8\x80\xe4\xba\x9b\xe4\xb8\x8a\xe4\xb8\x8b\xe6\x96\x87\xef\xbc\x8c\xe6\x88\x91\xe4\xb8\x8d\xe7\xa1\xae\xe5\xae\x9a\xe6\x82\xa8\xe5\x85\xb7\xe4\xbd\x93\xe6\x8c\x87\xe7\x9a\x84\xe6\x98\xaf\xe5\x93\xaa\xe4\xb8\xaa\xe2\x80\x9c\xe4\xbb\x96\xe7\x9a\x84\xe7\xad\x94\xe6\xa1\x88\xe2\x80\x9d\xe3\x80\x82\xe5\xa6\x82\xe6\x9e\x9c\xe6\x82\xa8\xe8\x83\xbd\xe6\x8f\x90\xe4\xbe\x9b\xe6\x9b\xb4\xe5\xa4\x9a\xe7\x9a\x84\xe4\xbf\xa1\xe6\x81\xaf\xe6\x88\x96\xe8\x80\x85\xe5\x85\xb7\xe4\xbd\x93\xe7\x9a\x84\xe5\x9c\xba\xe6\x99\xaf\xef\xbc\x8c\xe6\x88\x91\xe4\xbc\x9a\xe6\x9b\xb4\xe5\xa5\xbd\xe5\x9c\xb0\xe5\xb8\xae\xe5\x8a\xa9\xe6\x82\xa8\xe8\xa7\xa3\xe7\xad\x94\xe3\x80\x82\xe4\xb8\x80\xe8\x88\xac\xe6\x9d\xa5\xe8\xaf\xb4\xef\xbc\x8c\xe5\xa6\x82\xe6\x9e\x9c\xe6\x98\xaf\xe6\x8c\x87\xe6\x88\x91\xef\xbc\x88\xe4\xbd\x9c\xe4\xb8\xbaAI\xe5\x8a\xa9\xe6\x89\x8b\xef\xbc\x89\xe7\x94\x9f\xe6\x88\x90\xe7\x9a\x84\xe7\xad\x94\xe6\xa1\x88\xef\xbc\x8c\xe9\x82\xa3\xe4\xb9\x88\xe8\xbf\x99\xe4\xba\x9b\xe7\xad\x94\xe6\xa1\x88\xe6\x98\xaf\xe5\x9f\xba\xe4\xba\x8e\xe6\x88\x91\xe5\x86\x85\xe9\x83\xa8\xe7\x9a\x84\xe7\xae\x97\xe6\xb3\x95\xe5\x92\x8c\xe5\xa4\xa7\xe9\x87\x8f\xe7\x9a\x84\xe8\xae\xad\xe7\xbb\x83\xe6\x95\xb0\xe6\x8d\xae\xe7\x94\x9f\xe6\x88\x90\xe7\x9a\x84\xef\xbc\x8c\xe6\x97\xa8\xe5\x9c\xa8\xe6\xa0\xb9\xe6\x8d\xae\xe7\x94\xa8\xe6\x88\xb7\xe7\x9a\x84\xe9\x97\xae\xe9\xa2\x98\xe6\x8f\x90\xe4\xbe\x9b\xe6\x9c\x80\xe7\x9b\xb8\xe5\x85\xb3\xe5\x92\x8c\xe6\x9c\x80\xe6\x9c\x89\xe5\xb8\xae\xe5\x8a\xa9\xe7\x9a\x84\xe5\x9b\x9e\xe7\xad\x94\xe3\x80\x82zh-cnzh-cn-XiaochenNeural0true0General'
2025-05-25 21:11:25.600626 - DEBUG : <-<- 25175
2025-05-25 21:11:25.600626 - DEBUG : ->>> b'16/5\nmicrophoneToTextzh-cn'
2025-05-25 21:11:30.514310 - DEBUG : <-<- 不错了，中了，你走吧，走吧，走吧，我再问。
2025-05-25 21:11:31.829223 - DEBUG : ->>> b'14/1/6/2/3/3/1/5/5\nshowSpeechText0\xe6\xa5\xb7\xe4\xbd\x93201282550falsefalse'
2025-05-25 21:11:31.830262 - DEBUG : <-<- true
2025-05-25 21:11:31.831217 - DEBUG : ->>> b'15/14/213/5/20/1/4/1/7\nmetahumanSpeech../voice/2.mp3\xe6\x82\xa8\xe5\xa5\xbd\xef\xbc\x8c\xe7\x9c\x8b\xe8\xb5\xb7\xe6\x9d\xa5\xe6\x82\xa8\xe5\x8f\xaf\xe8\x83\xbd\xe5\x9c\xa8\xe5\xb0\x9d\xe8\xaf\x95\xe7\xbb\x99\xe6\x88\x91\xe4\xb8\x80\xe4\xba\x9b\xe6\x8c\x87\xe4\xbb\xa4\xe6\x88\x96\xe8\x80\x85\xe8\xa1\xa8\xe8\xbe\xbe\xe6\x9f\x90\xe7\xa7\x8d\xe6\x83\x85\xe7\xbb\xaa\xef\xbc\x8c\xe4\xbd\x86\xe6\x88\x91\xe4\xb8\x8d\xe6\x98\xaf\xe5\xbe\x88\xe7\xa1\xae\xe5\xae\x9a\xe6\x82\xa8\xe7\x9a\x84\xe5\x85\xb7\xe4\xbd\x93\xe6\x84\x8f\xe6\x80\x9d\xe3\x80\x82\xe5\xa6\x82\xe6\x9e\x9c\xe6\x82\xa8\xe6\x9c\x89\xe4\xbb\xbb\xe4\xbd\x95\xe9\x97\xae\xe9\xa2\x98\xe6\x88\x96\xe9\x9c\x80\xe8\xa6\x81\xe5\xb8\xae\xe5\x8a\xa9\xef\xbc\x8c\xe8\xaf\xb7\xe6\x98\x8e\xe7\xa1\xae\xe5\x91\x8a\xe8\xaf\x89\xe6\x88\x91\xef\xbc\x8c\xe6\x88\x91\xe4\xbc\x9a\xe5\xb0\xbd\xe5\x8a\x9b\xe6\x8f\x90\xe4\xbe\x9b\xe5\xb8\xae\xe5\x8a\xa9\xe3\x80\x82zh-cnzh-cn-XiaochenNeural0true0General'
